borrower_id,income,balance,rate,remaining,other_payment,tenure,credit,utilization,savings,payment,dti,late30,late6,lastlate,maxdays,history_days,next_month_late,split
SYN-0001,222.9045132313834,3023.383362836782,14.816417926934408,91.0,28.72577638220448,8.579888132717922,774.4529114018992,0.677339677843322,545.2542007425334,55.49728239592302,0.37784366748420545,1.0,0.0,0.0,35.0,"[0, 0, 0, 0, 0, 0, 0, 0, 0, 0, 35, 0, 0, 0, 0, 0, 0, 0, 0, 0, 0, 0, 0, 0, 0, 0, 0, 0, 0, 0]",0,test
SYN-0002,194.94370478435036,2315.7039665204898,4.353581292550448,118.0,26.987085749468584,16.157367554363482,892.7934680377836,0.446530725439145,183.74813873367168,24.159126500707508,0.2623640107114759,1.0,0.0,0.0,3.0,"[3, 0, 0, 0, 0, 0, 0, 0, 0, 0, 0, 0, 0, 0, 0, 0, 0, 0, 0, 0, 0, 0, 0, 0, 0, 0, 0, 0, 0, 0]",0,validation
SYN-0003,413.05553866691884,5274.3466339403385,11.526121231105046,43.0,55.84503567104563,4.9123481495573635,695.4875548007454,0.37487500206312685,177.0664249409311,150.30814265716404,0.4990931219407959,6.0,0.0,0.0,35.0,"[0, 0, 3, 0, 0, 0, 0, 35, 0, 0, 0, 0, 0, 0, 35, 0, 0, 10, 35, 35, 0, 0, 0, 0, 0, 0, 0, 0, 0, 0]",0,train
SYN-0004,405.08322851530227,6237.776897895353,5.129720163497491,82.0,129.27436504841717,19.59839326004394,858.5987829825966,0.4643615751241691,419.85600861291755,90.34111651607616,0.5421490353215086,0.0,0.0,0.0,0.0,"[0, 0, 0, 0, 0, 0, 0, 0, 0, 0, 0, 0, 0, 0, 0, 0, 0, 0, 0, 0, 0, 0, 0, 0, 0, 0, 0, 0, 0, 0]",0,train
SYN-0005,217.52813132813503,3899.9995344476506,12.76358609931165,98.0,66.25203577392627,3.279276798061972,846.9380826283733,0.5154342444356754,465.386281013029,64.26959116611192,0.6000218277200662,2.0,1.0,1.0,35.0,"[0, 0, 0, 0, 0, 0, 0, 0, 0, 0, 0, 0, 0, 0, 0, 0, 0, 0, 35, 0, 0, 0, 0, 0, 0, 0, 0, 0, 0, 35]",1,train
SYN-0006,191.7375779644601,3582.059900125992,6.22445240789456,72.0,46.69660125655316,5.237778064147697,778.3259483270559,0.7794415722242755,587.0250907256982,59.74533810730876,0.5551438611767157,3.0,0.0,0.0,35.0,"[0, 0, 0, 0, 0, 0, 0, 0, 0, 35, 0, 0, 0, 0, 0, 3, 3, 0, 0, 0, 0, 0, 0, 0, 0, 0, 0, 0, 0, 0]",0,train
SYN-0007,738.878974355072,9404.578722202981,4.358974502632613,116.0,250.2144064173662,8.323286412632903,889.7684567558789,0.22882618025133533,434.6608109097467,99.49595311119339,0.4732985667020814,0.0,0.0,0.0,0.0,"[0, 0, 0, 0, 0, 0, 0, 0, 0, 0, 0, 0, 0, 0, 0, 0, 0, 0, 0, 0, 0, 0, 0, 0, 0, 0, 0, 0, 0, 0]",0,train
SYN-0008,410.4225393744788,8249.071149473157,3.2685685142670353,48.0,44.380394542563565,16.282081194784087,875.4483458768296,0.1951903197790082,204.0224797631502,183.56843425861396,0.55540036653102,0.0,0.0,0.0,0.0,"[0, 0, 0, 0, 0, 0, 0, 0, 0, 0, 0, 0, 0, 0, 0, 0, 0, 0, 0, 0, 0, 0, 0, 0, 0, 0, 0, 0, 0, 0]",1,train
SYN-0009,263.4694928345749,1984.491106097276,4.965838075149922,56.0,69.00123714322723,17.031342761585442,731.9191791660144,0.4722997061375764,480.4865928168454,39.77484592105112,0.41286025905312607,0.0,0.0,0.0,0.0,"[0, 0, 0, 0, 0, 0, 0, 0, 0, 0, 0, 0, 0, 0, 0, 0, 0, 0, 0, 0, 0, 0, 0, 0, 0, 0, 0, 0, 0, 0]",0,train
SYN-0010,429.1221453041299,10138.735024561509,3.3476060428680805,51.0,36.1933821785452,17.841511809683706,931.2037834432031,0.232475776552343,491.24916610448,213.55251545153473,0.5819925640357679,0.0,0.0,0.0,0.0,"[0, 0, 0, 0, 0, 0, 0, 0, 0, 0, 0, 0, 0, 0, 0, 0, 0, 0, 0, 0, 0, 0, 0, 0, 0, 0, 0, 0, 0, 0]",0,train
SYN-0011,468.8760414817755,1902.6784554994588,11.68605323441391,104.0,32.76013117848522,5.311279107296041,765.8790689072202,0.1646846443987658,133.76359388499304,29.17896515211993,0.13210121834090904,0.0,0.0,0.0,0.0,"[0, 0, 0, 0, 0, 0, 0, 0, 0, 0, 0, 0, 0, 0, 0, 0, 0, 0, 0, 0, 0, 0, 0, 0, 0, 0, 0, 0, 0, 0]",0,validation
SYN-0012,322.58269782501714,5457.483302659659,9.05278140860204,41.0,50.63374693080774,13.018218566565139,766.1334903673422,0.7448962440299417,1245.1750663222044,155.25193842146388,0.6382415632965937,4.0,0.0,0.0,35.0,"[0, 0, 0, 0, 0, 0, 0, 0, 10, 0, 0, 0, 0, 0, 10, 3, 35, 0, 0, 0, 0, 0, 0, 0, 0, 0, 0, 0, 0, 0]",0,train
SYN-0013,246.94764210300315,4710.26243160515,14.906463929174555,39.0,40.44350637188456,8.33647929103963,796.8359940591898,0.2645862568673649,769.4875951486407,153.11874474519627,0.7838189887893119,7.0,0.0,0.0,65.0,"[65, 0, 0, 0, 10, 35, 0, 0, 0, 10, 0, 0, 35, 0, 35, 0, 0, 0, 0, 0, 0, 0, 35, 0, 0, 0, 0, 0, 0, 0]",0,validation
SYN-0014,495.9391650098081,7673.103944067985,4.338917829731118,106.0,72.17908255904551,8.611238118928961,908.3868405722005,0.17999310430518678,1085.298660173407,87.27301145868147,0.3215154302535746,0.0,0.0,0.0,0.0,"[0, 0, 0, 0, 0, 0, 0, 0, 0, 0, 0, 0, 0, 0, 0, 0, 0, 0, 0, 0, 0, 0, 0, 0, 0, 0, 0, 0, 0, 0]",0,train
SYN-0015,439.4187848607272,10236.697622422296,11.939119411538812,56.0,124.43869337315147,1.254688676806699,890.5615393637279,0.4366238326144757,24.228832557034384,239.31131741782792,0.8277980444242253,6.0,0.0,0.0,65.0,"[35, 65, 0, 0, 0, 3, 0, 0, 35, 0, 0, 0, 0, 3, 0, 0, 0, 0, 0, 0, 0, 0, 0, 35, 0, 0, 0, 0, 0, 0]",0,validation
SYN-0016,318.6011484799931,6165.386553276918,14.826413588456514,89.0,81.60334545498635,9.220970633026234,766.3664038469079,0.5203999464580195,79.88892467122415,114.59213413766531,0.61580280086458,2.0,1.0,1.0,35.0,"[0, 0, 0, 0, 0, 0, 0, 0, 0, 35, 0, 0, 0, 0, 0, 0, 0, 0, 0, 0, 0, 0, 0, 0, 0, 0, 0, 0, 0, 3]",1,validation
SYN-0017,373.59002983816373,5525.886823334436,4.068502244711519,116.0,79.65728387105504,6.960182581953795,858.9140365728136,0.2309327409187362,635.0916014719095,57.696615314227735,0.3676594347145276,0.0,0.0,0.0,0.0,"[0, 0, 0, 0, 0, 0, 0, 0, 0, 0, 0, 0, 0, 0, 0, 0, 0, 0, 0, 0, 0, 0, 0, 0, 0, 0, 0, 0, 0, 0]",0,train
SYN-0018,252.08161382571154,5189.628635016971,4.593858879667087,88.0,28.18645314847403,13.258062032229262,848.9940787780796,0.2606714572057703,772.7381873253192,69.57499795286236,0.3878166662679665,1.0,0.0,0.0,35.0,"[0, 0, 0, 0, 0, 35, 0, 0, 0, 0, 0, 0, 0, 0, 0, 0, 0, 0, 0, 0, 0, 0, 0, 0, 0, 0, 0, 0, 0, 0]",0,test
SYN-0019,392.68432055569514,9217.055547757038,12.053889264412568,83.0,11.742789097167114,13.215054838440361,708.30458010016,0.6693858885638868,719.4312696057498,164.22610330759505,0.44811794918560843,2.0,0.0,0.0,3.0,"[0, 3, 0, 0, 0, 3, 0, 0, 0, 0, 0, 0, 0, 0, 0, 0, 0, 0, 0, 0, 0, 0, 0, 0, 0, 0, 0, 0, 0, 0]",0,train
SYN-0020,412.5476758108757,2334.572887946096,13.903308468101462,113.0,15.556580506029574,1.815758582179039,997.9230726587846,0.20715674692630237,321.22876555290173,37.158122395380445,0.1277784508124972,1.0,1.0,1.0,10.0,"[0, 0, 0, 0, 0, 0, 0, 0, 0, 0, 0, 0, 0, 0, 0, 0, 0, 0, 0, 0, 0, 0, 0, 0, 0, 0, 0, 0, 0, 10]",0,train
SYN-0021,520.1141383540232,4483.497996075167,9.394280175301144,67.0,144.94052715936533,19.68573662756794,824.1797310242272,0.4110376279790584,292.5080169419514,86.25045115396935,0.44450046877205096,1.0,1.0,1.0,3.0,"[0, 0, 0, 0, 0, 0, 0, 0, 0, 0, 0, 0, 0, 0, 0, 0, 0, 0, 0, 0, 0, 0, 0, 0, 0, 0, 0, 0, 0, 3]",0,train
SYN-0022,161.2778765264692,1014.8851895114282,7.445852889051544,96.0,6.8346500237691785,4.630605888345254,900.9113829741644,0.448300018855447,172.8275874762002,14.062910826399719,0.1295748759857906,0.0,0.0,0.0,0.0,"[0, 0, 0, 0, 0, 0, 0, 0, 0, 0, 0, 0, 0, 0, 0, 0, 0, 0, 0, 0, 0, 0, 0, 0, 0, 0, 0, 0, 0, 0]",1,validation
SYN-0023,570.098877144248,2371.2251688149177,4.513900882161508,92.0,173.2955004488947,11.252061786261251,713.7352884822582,0.4037727487258488,567.4904168445457,30.53865147351894,0.3575417530086433,0.0,0.0,0.0,0.0,"[0, 0, 0, 0, 0, 0, 0, 0, 0, 0, 0, 0, 0, 0, 0, 0, 0, 0, 0, 0, 0, 0, 0, 0, 0, 0, 0, 0, 0, 0]",0,test
SYN-0024,222.88612877786025,3356.626258637809,5.248757515162806,18.0,16.13921107100201,10.930280430532024,869.3910263788824,0.20394780034749185,379.48131659668746,194.32375527399458,0.944262289892229,5.0,0.0,0.0,65.0,"[0, 0, 10, 0, 3, 0, 0, 0, 0, 0, 10, 0, 65, 0, 0, 0, 0, 0, 0, 0, 35, 0, 0, 0, 0, 0, 0, 0, 0, 0]",0,train
SYN-0025,218.9995287971464,2974.698685341362,10.172027151313776,103.0,57.62777736775778,11.394381533815283,714.2938504104716,0.7086538406717269,82.2177853646303,43.41490291957593,0.4613830944856823,2.0,0.0,0.0,35.0,"[0, 0, 0, 0, 0, 0, 35, 10, 0, 0, 0, 0, 0, 0, 0, 0, 0, 0, 0, 0, 0, 0, 0, 0, 0, 0, 0, 0, 0, 0]",0,train
SYN-0026,187.19573248395017,2644.8738421654725,8.752271963578234,50.0,16.240451827151816,17.415237475298436,808.1102470902118,0.4353784473803641,200.47100308268003,63.318249316954464,0.4250027502679715,0.0,0.0,0.0,0.0,"[0, 0, 0, 0, 0, 0, 0, 0, 0, 0, 0, 0, 0, 0, 0, 0, 0, 0, 0, 0, 0, 0, 0, 0, 0, 0, 0, 0, 0, 0]",0,train
SYN-0027,1145.4084663560486,15039.231831551522,14.737778653573901,42.0,64.15983832580392,3.2030784175815064,689.6765924923127,0.6740068858316798,1325.664025839193,460.48018751431124,0.45803749601151594,8.0,1.0,0.0,10.0,"[0, 0, 0, 0, 0, 0, 0, 3, 0, 0, 3, 10, 0, 0, 0, 0, 0, 0, 3, 10, 3, 3, 0, 0, 0, 0, 0, 3, 0, 0]",0,validation
SYN-0028,440.60266484614533,5969.90309190258,8.324045054978711,87.0,115.27423978422645,11.746619039681159,725.1691467685071,0.71741005186974,766.2352204863902,91.62605758981437,0.4695847616951854,1.0,0.0,0.0,3.0,"[0, 0, 0, 0, 0, 0, 0, 0, 0, 0, 0, 0, 3, 0, 0, 0, 0, 0, 0, 0, 0, 0, 0, 0, 0, 0, 0, 0, 0, 0]",0,train
SYN-0029,525.794390212349,11758.374881050657,12.60298207572771,92.0,72.59076003106539,9.34495891803153,786.9241442762934,0.7570370378627785,468.92175396040005,199.96706648266186,0.5183734014424368,0.0,0.0,0.0,0.0,"[0, 0, 0, 0, 0, 0, 0, 0, 0, 0, 0, 0, 0, 0, 0, 0, 0, 0, 0, 0, 0, 0, 0, 0, 0, 0, 0, 0, 0, 0]",0,train
SYN-0030,539.9074638756175,2447.3933259385117,3.5351778491926393,31.0,130.0608128368038,14.823480817266788,872.6797675464657,0.1803564801622224,2344.978965925817,82.72417541626838,0.3941138111439279,1.0,0.0,0.0,3.0,"[0, 0, 0, 0, 0, 0, 0, 0, 0, 0, 0, 3, 0, 0, 0, 0, 0, 0, 0, 0, 0, 0, 0, 0, 0, 0, 0, 0, 0, 0]",0,train
SYN-0031,873.3121087728971,20109.374606631143,10.785370800351116,81.0,92.50777844048363,19.472215270832336,786.3095637473374,0.4760113986056077,292.9395773062866,350.5691692992507,0.5073523466453567,1.0,0.0,0.0,35.0,"[0, 0, 0, 0, 0, 0, 0, 0, 0, 0, 0, 35, 0, 0, 0, 0, 0, 0, 0, 0, 0, 0, 0, 0, 0, 0, 0, 0, 0, 0]",0,train
SYN-0032,548.4722177162598,2603.1198074299054,5.064222452043482,43.0,97.69834452790414,3.9889762194194867,853.3008304965098,0.4375064250596889,461.13444724875467,66.32383295830759,0.2990528456831792,1.0,0.0,0.0,3.0,"[0, 0, 0, 3, 0, 0, 0, 0, 0, 0, 0, 0, 0, 0, 0, 0, 0, 0, 0, 0, 0, 0, 0, 0, 0, 0, 0, 0, 0, 0]",0,validation
SYN-0033,451.8653624690364,7956.875948741487,13.414613243710221,24.0,31.851401221135532,9.11382487543012,684.3114203708612,0.5157542383868274,498.8794693410826,379.8358119206929,0.9110838035744304,7.0,0.0,0.0,35.0,"[0, 0, 35, 0, 0, 0, 0, 0, 0, 10, 0, 35, 0, 10, 0, 0, 3, 3, 0, 0, 0, 0, 0, 10, 0, 0, 0, 0, 0, 0]",0,train
SYN-0034,397.8558535188588,7076.6723218451125,12.098004008507678,40.0,128.89472118539916,11.613933782231062,847.4349596315897,0.2148174340475365,295.90240095259753,215.8586592819705,0.8665283605058935,3.0,0.0,0.0,10.0,"[0, 0, 0, 0, 0, 0, 0, 0, 0, 0, 10, 0, 0, 0, 0, 0, 10, 3, 0, 0, 0, 0, 0, 0, 0, 0, 0, 0, 0, 0]",0,train
SYN-0035,313.79616667361296,2606.3273051216684,4.81315706241584,34.0,70.85469820722537,5.598780229283462,699.8630078593086,0.8986976776876419,132.48668745504276,82.1557871882422,0.4876110725553175,10.0,2.0,0.0,35.0,"[35, 0, 10, 3, 0, 0, 3, 35, 10, 0, 10, 3, 0, 0, 0, 0, 0, 0, 0, 0, 0, 0, 0, 0, 0, 3, 0, 0, 35, 0]",0,train
SYN-0036,382.4821702696305,6085.368543985437,10.30904820129473,87.0,10.530756406481006,14.40105261364885,843.0157725823201,0.4676085089678579,747.0255399439884,99.59877159035015,0.2879337562825358,1.0,0.0,0.0,35.0,"[0, 0, 0, 0, 0, 0, 0, 0, 0, 0, 35, 0, 0, 0, 0, 0, 0, 0, 0, 0, 0, 0, 0, 0, 0, 0, 0, 0, 0, 0]",0,train
SYN-0037,438.2476497730084,4339.887727476013,5.072580726904562,33.0,94.20520708031297,13.785738064743487,895.205041150801,0.7505014626649699,1012.3962886280889,141.17493387403965,0.537093903586861,1.0,1.0,0.0,3.0,"[0, 0, 0, 0, 0, 0, 0, 0, 0, 0, 0, 0, 0, 0, 0, 0, 0, 0, 0, 0, 0, 0, 0, 0, 0, 0, 0, 3, 0, 0]",0,validation
SYN-0038,318.6896877267776,6827.192525901322,9.126475792619665,54.0,91.53610353395848,1.9465235004755876,838.6802112033872,0.4424692693935742,705.4966808577153,154.63681229981492,0.7724533466700214,2.0,0.0,0.0,10.0,"[0, 0, 0, 0, 0, 10, 0, 0, 0, 0, 0, 0, 0, 0, 0, 0, 0, 0, 10, 0, 0, 0, 0, 0, 0, 0, 0, 0, 0, 0]",0,validation
SYN-0039,284.0474278503722,4681.458342809895,10.459240224751763,78.0,40.557082490548844,0.03983437379727173,825.5232539149698,0.4572117986496564,183.73131425690147,82.96605527785209,0.43486800321765035,2.0,1.0,0.0,35.0,"[0, 0, 0, 0, 0, 0, 0, 0, 0, 0, 0, 0, 0, 0, 0, 0, 0, 0, 0, 0, 0, 35, 0, 0, 0, 3, 0, 0, 0, 0]",1,train
SYN-0040,395.2996587705671,6185.502192835763,12.341498927019545,80.0,99.2158195630619,3.353636086189029,888.1167965263913,0.3561808112983073,2045.8570698350952,113.81508443717384,0.5389099111868433,1.0,0.0,0.0,35.0,"[0, 0, 0, 0, 0, 0, 0, 0, 0, 0, 0, 0, 0, 0, 0, 0, 0, 0, 35, 0, 0, 0, 0, 0, 0, 0, 0, 0, 0, 0]",0,train
SYN-0041,148.23350827990382,1166.708239963604,3.9586811300501044,96.0,15.476182852380523,4.275440747426957,817.8054554380192,0.3444520366673883,121.97642671447922,14.198913601133283,0.2001915545132982,0.0,0.0,0.0,0.0,"[0, 0, 0, 0, 0, 0, 0, 0, 0, 0, 0, 0, 0, 0, 0, 0, 0, 0, 0, 0, 0, 0, 0, 0, 0, 0, 0, 0, 0, 0]",0,test
SYN-0042,185.26087739570423,1896.941478633864,12.875288734083433,14.0,30.443027061158713,2.091467482950793,662.5471495450163,0.6574153492462139,459.17072759354426,146.65127171263254,0.9559184932258,23.0,3.0,1.0,65.0,"[35, 3, 10, 35, 10, 3, 3, 35, 65, 3, 3, 35, 10, 65, 3, 0, 10, 0, 35, 10, 10, 35, 0, 0, 65, 0, 0, 0, 35, 65]",1,train
SYN-0043,278.2901261641269,2037.8763748508723,12.90468570097846,109.0,23.679149267741415,16.04236736509452,829.1536748374929,0.06538292174664133,356.78786588056374,31.836565512281826,0.19948862557661065,0.0,0.0,0.0,0.0,"[0, 0, 0, 0, 0, 0, 0, 0, 0, 0, 0, 0, 0, 0, 0, 0, 0, 0, 0, 0, 0, 0, 0, 0, 0, 0, 0, 0, 0, 0]",0,train
SYN-0044,932.5461191741651,17787.353970987824,7.357779623507163,103.0,179.338413376361,17.96609144493953,915.5500149778906,0.5332582252322853,5243.968626056606,233.43792133177598,0.4426336952360912,0.0,0.0,0.0,0.0,"[0, 0, 0, 0, 0, 0, 0, 0, 0, 0, 0, 0, 0, 0, 0, 0, 0, 0, 0, 0, 0, 0, 0, 0, 0, 0, 0, 0, 0, 0]",0,train
SYN-0045,163.232852936295,3401.8253157879594,9.440730715421978,115.0,54.86308704030171,0.9769574450361351,760.5445282555521,0.5896689426489597,441.38835157991963,45.06205788734199,0.6121631958895037,2.0,0.0,0.0,65.0,"[0, 0, 0, 0, 0, 0, 0, 3, 0, 0, 0, 0, 0, 0, 0, 0, 0, 0, 0, 0, 0, 0, 65, 0, 0, 0, 0, 0, 0, 0]",0,validation
SYN-0046,596.5671149863527,7772.798062656089,14.077063078836982,88.0,133.23766753944778,14.973560087627062,800.3981362808943,0.43848424614982945,394.3318931369598,142.10006783344582,0.4615368974523383,1.0,0.0,0.0,3.0,"[0, 0, 0, 0, 0, 0, 0, 0, 0, 0, 0, 0, 3, 0, 0, 0, 0, 0, 0, 0, 0, 0, 0, 0, 0, 0, 0, 0, 0, 0]",0,train
SYN-0047,696.0278149152314,5483.223835356162,7.679904310756288,17.0,55.28497409449248,6.32132628363125,738.6539786950135,0.7306318556743027,190.20769347102873,341.4367915129664,0.5699797581448312,2.0,0.0,0.0,35.0,"[0, 0, 0, 0, 0, 0, 0, 0, 0, 0, 0, 0, 0, 0, 0, 0, 0, 0, 35, 0, 0, 0, 3, 0, 0, 0, 0, 0, 0, 0]",1,train
SYN-0048,204.58710514153594,2982.396338458523,14.102147381922705,99.0,12.381427082026587,17.94577063173342,819.9769527950342,0.31622275203069306,736.1507776808145,51.13134703779483,0.3104436815599032,1.0,0.0,0.0,3.0,"[0, 0, 0, 0, 0, 0, 0, 0, 0, 0, 3, 0, 0, 0, 0, 0, 0, 0, 0, 0, 0, 0, 0, 0, 0, 0, 0, 0, 0, 0]",0,train
SYN-0049,673.6992611714383,14517.343746612189,13.386322982271967,110.0,211.79526885482102,5.928876311311447,726.2484779684256,0.5866553072968664,129.91226194303482,229.75655361205847,0.6554138440037809,9.0,2.0,1.0,65.0,"[0, 0, 0, 0, 0, 0, 0, 10, 3, 35, 0, 35, 65, 0, 0, 0, 0, 35, 0, 0, 0, 35, 0, 0, 0, 35, 0, 0, 0, 3]",1,train
SYN-0050,185.56280747865526,1222.2417310656836,5.387459615010988,63.0,24.074830861390033,16.841873929335243,656.1524141265803,0.7803411167538603,44.15197426391632,22.31671381372181,0.2500045418877817,1.0,0.0,0.0,35.0,"[0, 0, 0, 0, 0, 0, 0, 0, 0, 0, 0, 0, 0, 0, 0, 0, 0, 0, 0, 0, 35, 0, 0, 0, 0, 0, 0, 0, 0, 0]",0,validation
SYN-0051,424.1002361106675,3797.2141387261336,4.82436652322847,73.0,120.80206609453516,15.506292961170878,773.5235314224966,0.2996003056137793,253.82244332449548,60.12618108193918,0.4266167093791991,1.0,0.0,0.0,10.0,"[0, 0, 0, 0, 10, 0, 0, 0, 0, 0, 0, 0, 0, 0, 0, 0, 0, 0, 0, 0, 0, 0, 0, 0, 0, 0, 0, 0, 0, 0]",0,test
SYN-0052,534.7662761716966,3786.545382383743,7.594195600435609,85.0,23.052006110819026,16.564532589791646,923.121549959063,0.4562121859108793,398.1193755336155,57.73568392942443,0.15107102605382894,0.0,0.0,0.0,0.0,"[0, 0, 0, 0, 0, 0, 0, 0, 0, 0, 0, 0, 0, 0, 0, 0, 0, 0, 0, 0, 0, 0, 0, 0, 0, 0, 0, 0, 0, 0]",0,test
SYN-0053,265.6483318874669,1076.10889751303,5.27122627922196,38.0,6.299104899913955,9.436710610960272,932.109469503484,0.4771393398368237,237.17235668358356,30.809892171986228,0.13969218932502156,0.0,0.0,0.0,0.0,"[0, 0, 0, 0, 0, 0, 0, 0, 0, 0, 0, 0, 0, 0, 0, 0, 0, 0, 0, 0, 0, 0, 0, 0, 0, 0, 0, 0, 0, 0]",0,train
SYN-0054,343.043771420154,7477.792409278775,10.553448920976361,25.0,20.199362851194124,17.172148656041852,714.2952641743507,0.6566936297234992,1125.07548180892,334.505623327681,1.0339933726545896,22.0,5.0,1.0,65.0,"[10, 10, 10, 35, 65, 65, 0, 3, 10, 35, 3, 3, 3, 10, 3, 3, 0, 35, 0, 0, 0, 0, 0, 10, 3, 35, 65, 0, 35, 35]",1,train
SYN-0055,267.2439143420448,1726.1760501724918,13.268637221912417,96.0,51.59398323506739,0.7487170505071994,727.9888186434438,0.5859420249492654,494.23855098029566,29.272275499681474,0.30259345262862886,1.0,0.0,0.0,3.0,"[0, 0, 0, 0, 0, 0, 0, 0, 0, 0, 0, 0, 0, 0, 0, 0, 0, 0, 0, 0, 0, 0, 0, 3, 0, 0, 0, 0, 0, 0]",0,train
SYN-0056,135.94741254506434,1840.9329257521638,15.074125470840466,90.0,31.147056030804013,10.514118620838097,904.0835013800023,0.30900716550989993,158.65827244206147,34.26662988835501,0.48116903951721374,0.0,0.0,0.0,0.0,"[0, 0, 0, 0, 0, 0, 0, 0, 0, 0, 0, 0, 0, 0, 0, 0, 0, 0, 0, 0, 0, 0, 0, 0, 0, 0, 0, 0, 0, 0]",0,test
SYN-0057,298.0073645739444,5049.814214802117,8.299928637483557,110.0,69.62051211592949,10.41068568668486,662.8297637748555,0.7375644452210841,476.98272332032224,65.71577604212118,0.45413739473028936,5.0,2.0,0.0,65.0,"[0, 65, 0, 0, 0, 0, 0, 0, 0, 0, 0, 0, 0, 0, 0, 0, 0, 0, 0, 0, 0, 3, 0, 35, 10, 0, 0, 0, 10, 0]",1,test
SYN-0058,385.168233029992,6178.696679397284,13.455249315646842,51.0,24.950835867248163,7.61278465437476,855.2238050168507,0.49793753172009625,204.10851955433756,159.73436226861543,0.4794922901169855,1.0,1.0,1.0,35.0,"[0, 0, 0, 0, 0, 0, 0, 0, 0, 0, 0, 0, 0, 0, 0, 0, 0, 0, 0, 0, 0, 0, 0, 0, 0, 0, 0, 0, 0, 35]",0,train
SYN-0059,352.6975291483993,2263.6053366857213,13.977229163030195,106.0,86.04616967541762,0.8170479958687205,827.5052787694735,0.27829385000490836,256.7331742088758,37.293435053432944,0.34970362572898767,1.0,0.0,0.0,65.0,"[0, 0, 0, 0, 0, 0, 0, 65, 0, 0, 0, 0, 0, 0, 0, 0, 0, 0, 0, 0, 0, 0, 0, 0, 0, 0, 0, 0, 0, 0]",0,train
SYN-0060,780.8653139046954,13419.077854050638,6.1683288968289585,17.0,132.9156514820231,18.946760339852734,802.8851513751606,0.3040820638813044,2106.3714089046102,826.3743629418636,1.2284961277470292,4.0,0.0,0.0,35.0,"[0, 0, 0, 0, 3, 35, 0, 0, 0, 0, 0, 0, 0, 35, 0, 0, 0, 0, 0, 0, 0, 0, 0, 10, 0, 0, 0, 0, 0, 0]",0,test
SYN-0061,339.66946368762206,6727.206636186099,15.626075144948791,37.0,84.46684679596277,7.393390514671649,907.871316592555,0.07891482460945651,1929.194867432935,230.2787440923342,0.9266231573225953,2.0,0.0,0.0,35.0,"[0, 0, 0, 0, 0, 0, 35, 3, 0, 0, 0, 0, 0, 0, 0, 0, 0, 0, 0, 0, 0, 0, 0, 0, 0, 0, 0, 0, 0, 0]",0,train
SYN-0062,285.8067894916607,3552.4162318453214,14.031003656670528,53.0,25.019090262419752,13.32119223576669,763.4153448680094,0.23674918531242595,157.78571649337064,90.3053519859845,0.4035049078208452,0.0,0.0,0.0,0.0,"[0, 0, 0, 0, 0, 0, 0, 0, 0, 0, 0, 0, 0, 0, 0, 0, 0, 0, 0, 0, 0, 0, 0, 0, 0, 0, 0, 0, 0, 0]",0,train
SYN-0063,253.01703391430433,1318.7699323292325,14.153539482056052,69.0,63.44733248276663,2.9710337554956423,824.5473872326819,0.2131292474288057,358.0986806912274,28.03973825699101,0.36158463058555923,2.0,0.0,0.0,10.0,"[3, 0, 0, 0, 0, 10, 0, 0, 0, 0, 0, 0, 0, 0, 0, 0, 0, 0, 0, 0, 0, 0, 0, 0, 0, 0, 0, 0, 0, 0]",1,train
SYN-0064,255.21102639772653,4020.019273492169,11.220511075008499,75.0,52.60711888178795,17.965828273713438,797.7246928769573,0.5643653190440537,374.44894900052367,74.81384934563114,0.4992768926403807,1.0,1.0,0.0,35.0,"[0, 0, 0, 0, 0, 0, 0, 0, 0, 0, 0, 0, 0, 0, 0, 0, 0, 0, 0, 0, 0, 0, 0, 0, 0, 0, 35, 0, 0, 0]",0,validation
SYN-0065,468.14718741415646,2353.792666134427,7.956519690221954,113.0,50.38428813117691,5.627089887890413,868.2387492549096,0.20884778095027917,1549.8533659700863,29.664637922451014,0.17099093662355153,0.0,0.0,0.0,0.0,"[0, 0, 0, 0, 0, 0, 0, 0, 0, 0, 0, 0, 0, 0, 0, 0, 0, 0, 0, 0, 0, 0, 0, 0, 0, 0, 0, 0, 0, 0]",0,train
SYN-0066,411.71048413812974,7601.218833635084,6.438096372511815,53.0,87.99614474311778,12.702618876656963,942.191759796339,0.28775335101430033,1446.7835986855873,165.1566512030087,0.6148806156250157,0.0,0.0,0.0,0.0,"[0, 0, 0, 0, 0, 0, 0, 0, 0, 0, 0, 0, 0, 0, 0, 0, 0, 0, 0, 0, 0, 0, 0, 0, 0, 0, 0, 0, 0, 0]",0,train
SYN-0067,326.4289883272423,2733.993774957604,9.17537704656296,115.0,16.65220679258844,3.229162631973179,862.4766053598714,0.4385719464295499,255.31736083467507,35.82369200233554,0.16075747152185313,0.0,0.0,0.0,0.0,"[0, 0, 0, 0, 0, 0, 0, 0, 0, 0, 0, 0, 0, 0, 0, 0, 0, 0, 0, 0, 0, 0, 0, 0, 0, 0, 0, 0, 0, 0]",0,test
SYN-0068,438.84880035298494,8570.53064130771,8.368815647942043,73.0,81.65875717016716,11.148170203073803,883.6928388027496,0.1808133243649525,461.3572301305675,150.2151649499961,0.528368590579847,0.0,0.0,0.0,0.0,"[0, 0, 0, 0, 0, 0, 0, 0, 0, 0, 0, 0, 0, 0, 0, 0, 0, 0, 0, 0, 0, 0, 0, 0, 0, 0, 0, 0, 0, 0]",0,train
SYN-0069,513.0159243328873,7788.46589343313,5.768878598187153,18.0,98.2100694131045,5.196651645316177,875.3267054543908,0.38681643236766644,546.270555071347,452.72223150153485,1.0739087712161324,7.0,0.0,0.0,35.0,"[0, 0, 0, 10, 0, 0, 0, 10, 3, 0, 0, 0, 0, 0, 0, 10, 0, 3, 0, 0, 0, 0, 3, 35, 0, 0, 0, 0, 0, 0]",0,train
SYN-0070,1139.1250566547124,24909.30950881788,13.721045868542236,61.0,52.50278235220317,12.800108094500233,827.633562920117,0.17979177206486127,1680.2910458163037,569.4189036098062,0.5459643630247387,0.0,0.0,0.0,0.0,"[0, 0, 0, 0, 0, 0, 0, 0, 0, 0, 0, 0, 0, 0, 0, 0, 0, 0, 0, 0, 0, 0, 0, 0, 0, 0, 0, 0, 0, 0]",0,test
SYN-0071,615.5038972154754,5911.8131260694845,5.929409595355217,26.0,38.56471593366462,19.887869698000127,825.5431942480903,0.38653117281444443,1401.6499218996053,242.85625003445196,0.45722044529897893,0.0,0.0,0.0,0.0,"[0, 0, 0, 0, 0, 0, 0, 0, 0, 0, 0, 0, 0, 0, 0, 0, 0, 0, 0, 0, 0, 0, 0, 0, 0, 0, 0, 0, 0, 0]",0,validation
SYN-0072,314.7588037966252,4721.93479943352,9.90175632617882,79.0,109.00527834954828,19.903723520436706,747.1701278174977,0.720820553060962,112.27415049622883,81.59222886300606,0.6055351110550823,6.0,1.0,0.0,35.0,"[3, 0, 0, 0, 10, 0, 35, 35, 0, 0, 0, 0, 0, 0, 0, 0, 0, 35, 0, 0, 0, 0, 0, 0, 0, 0, 35, 0, 0, 0]",1,test
SYN-0073,484.1615444832442,9754.789909602074,11.607533523837226,94.0,25.468628911504094,7.430530913089008,830.2754931919192,0.4527468722915317,2971.5465603664693,158.47422728519157,0.3799204176635336,1.0,0.0,0.0,3.0,"[0, 0, 0, 0, 0, 0, 0, 0, 0, 0, 0, 0, 0, 3, 0, 0, 0, 0, 0, 0, 0, 0, 0, 0, 0, 0, 0, 0, 0, 0]",0,train
SYN-0074,473.74100027518546,6722.937282965525,3.6467917252497215,29.0,71.97983792368767,0.3440269371497706,817.2343368041131,0.4800486804897478,274.32005378225153,242.54278622312384,0.6639126104012791,1.0,0.0,0.0,10.0,"[0, 0, 0, 0, 0, 0, 0, 0, 0, 0, 0, 0, 0, 0, 10, 0, 0, 0, 0, 0, 0, 0, 0, 0, 0, 0, 0, 0, 0, 0]",0,train
SYN-0075,271.79364757468466,1567.5128211230035,9.787426287891497,63.0,68.49025495245057,6.024952702179835,788.7957866193408,0.2779049406007406,1104.4423283739359,31.917816260126234,0.3694275863639757,0.0,0.0,0.0,0.0,"[0, 0, 0, 0, 0, 0, 0, 0, 0, 0, 0, 0, 0, 0, 0, 0, 0, 0, 0, 0, 0, 0, 0, 0, 0, 0, 0, 0, 0, 0]",0,validation
SYN-0076,865.4677270943151,18874.652075590708,11.936504621950174,44.0,52.47468783544879,5.892704248672212,776.2271756515319,0.5041124944467771,864.4444226254955,531.765633650762,0.6750573166346879,3.0,1.0,0.0,35.0,"[3, 0, 0, 0, 0, 0, 0, 0, 0, 0, 3, 0, 0, 0, 0, 0, 0, 0, 0, 0, 0, 0, 0, 0, 0, 0, 0, 35, 0, 0]",0,train
SYN-0077,131.13636477776376,2080.4664161308756,3.3168484056770646,89.0,40.557187252804205,9.215240789986032,691.1989368987322,0.7881606678319281,121.9235930716782,26.401169029797874,0.5106009793399118,2.0,1.0,0.0,10.0,"[0, 0, 0, 0, 0, 0, 0, 0, 0, 0, 0, 0, 0, 0, 0, 0, 0, 0, 0, 0, 0, 0, 0, 10, 3, 0, 0, 0, 0, 0]",0,test
SYN-0078,204.09583841126647,810.8665583848086,5.308027268868269,51.0,6.064336286169002,16.41630327584808,809.4861482119063,0.2449790443063848,290.02820822803005,17.795081245404347,0.1169030084949359,0.0,0.0,0.0,0.0,"[0, 0, 0, 0, 0, 0, 0, 0, 0, 0, 0, 0, 0, 0, 0, 0, 0, 0, 0, 0, 0, 0, 0, 0, 0, 0, 0, 0, 0, 0]",0,validation
SYN-0079,792.3359811711518,13868.066366538294,7.643889522148019,22.0,24.113293312674323,19.118754001894573,839.5340927357195,0.2613595715808554,1450.837667127303,677.5693932520524,0.8855873054352138,0.0,0.0,0.0,0.0,"[0, 0, 0, 0, 0, 0, 0, 0, 0, 0, 0, 0, 0, 0, 0, 0, 0, 0, 0, 0, 0, 0, 0, 0, 0, 0, 0, 0, 0, 0]",0,test
SYN-0080,593.0558992483494,12778.039742928455,13.151405574365302,49.0,193.07294685651175,5.04530285242933,796.395275579143,0.4320103517381259,627.3520884385971,338.42669952865975,0.8962049733571564,7.0,2.0,1.0,10.0,"[0, 0, 0, 0, 0, 0, 0, 0, 0, 0, 0, 0, 0, 10, 0, 10, 3, 10, 3, 0, 0, 0, 0, 0, 0, 0, 0, 10, 0, 3]",0,test
SYN-0081,817.0229375916055,2521.8425040959246,3.008123350862507,55.0,41.834819161201494,17.292082471738563,872.0810460308841,0.46407919734279635,132.6248793619766,49.142484828573245,0.11135220298460013,0.0,0.0,0.0,0.0,"[0, 0, 0, 0, 0, 0, 0, 0, 0, 0, 0, 0, 0, 0, 0, 0, 0, 0, 0, 0, 0, 0, 0, 0, 0, 0, 0, 0, 0, 0]",0,train
SYN-0082,214.29698150552872,1519.967828221449,11.795947366138922,114.0,71.67932890727994,6.491962852260215,743.88747226916,0.46317431042978024,93.47902807834508,22.229600031843972,0.43821862668980766,2.0,0.0,0.0,10.0,"[0, 0, 0, 0, 0, 0, 0, 0, 3, 0, 10, 0, 0, 0, 0, 0, 0, 0, 0, 0, 0, 0, 0, 0, 0, 0, 0, 0, 0, 0]",0,validation
SYN-0083,326.6206379524755,3416.4909850507843,14.145803903623047,25.0,21.136706469893493,19.222271934970866,811.545677438238,0.3686154796078127,1090.5123584559758,158.582530511916,0.5502384604611522,0.0,0.0,0.0,0.0,"[0, 0, 0, 0, 0, 0, 0, 0, 0, 0, 0, 0, 0, 0, 0, 0, 0, 0, 0, 0, 0, 0, 0, 0, 0, 0, 0, 0, 0, 0]",0,train
SYN-0084,338.5307227559061,6300.159589072149,15.832087436114225,26.0,99.88424637195406,11.280430668255539,665.7545051384386,0.621738360045117,2040.9884296240239,287.82505974381814,1.1452706654200062,11.0,5.0,1.0,35.0,"[0, 0, 3, 0, 0, 3, 0, 0, 0, 10, 0, 0, 0, 0, 0, 0, 3, 0, 0, 0, 10, 0, 0, 35, 10, 0, 10, 35, 10, 3]",1,train
SYN-0085,440.3631601812216,6488.992367579003,6.404913263674483,34.0,127.84736018640835,12.928913148880588,802.2707236976714,0.4169746737378808,747.2984304335915,209.20095014940745,0.7653871640786463,1.0,0.0,0.0,3.0,"[0, 0, 0, 0, 0, 0, 0, 0, 0, 0, 3, 0, 0, 0, 0, 0, 0, 0, 0, 0, 0, 0, 0, 0, 0, 0, 0, 0, 0, 0]",0,test
SYN-0086,415.8693344873202,6163.752507909758,13.492353517941476,51.0,64.43594995385158,8.49362928716237,763.1073454232096,0.31694809813629066,916.9787456310994,159.46301782471244,0.5383877800333235,1.0,1.0,0.0,3.0,"[0, 0, 0, 0, 0, 0, 0, 0, 0, 0, 0, 0, 0, 0, 0, 0, 0, 0, 0, 0, 0, 0, 0, 0, 0, 0, 0, 3, 0, 0]",0,train
SYN-0087,528.7810083862953,9651.41635943097,14.175433132115634,60.0,56.58789925464171,15.438974355093274,748.7564835556051,0.38765233867477866,3631.686477172746,225.45034871335082,0.5333743903335358,0.0,0.0,0.0,0.0,"[0, 0, 0, 0, 0, 0, 0, 0, 0, 0, 0, 0, 0, 0, 0, 0, 0, 0, 0, 0, 0, 0, 0, 0, 0, 0, 0, 0, 0, 0]",0,test
SYN-0088,215.1704627239602,3776.7866566207836,5.317070498213381,91.0,24.568151244506257,17.689669415805906,686.9881612358234,0.309052899500443,324.34048501955954,50.52184347957813,0.3489791013760867,2.0,0.0,0.0,35.0,"[0, 0, 0, 0, 0, 0, 0, 0, 0, 0, 0, 35, 0, 0, 10, 0, 0, 0, 0, 0, 0, 0, 0, 0, 0, 0, 0, 0, 0, 0]",0,validation
SYN-0089,274.6916277006168,1665.8416210055907,6.367381646108262,101.0,44.08555511157391,8.01244262336126,885.4846337310521,0.06568316826210051,505.30489005980127,21.348659436267432,0.23820971572951377,0.0,0.0,0.0,0.0,"[0, 0, 0, 0, 0, 0, 0, 0, 0, 0, 0, 0, 0, 0, 0, 0, 0, 0, 0, 0, 0, 0, 0, 0, 0, 0, 0, 0, 0, 0]",0,train
SYN-0090,402.37779750492945,6620.676491038451,5.9918437243217575,101.0,121.1421538091374,7.138839474820413,820.7024409307032,0.2488216121008432,130.1407751955158,83.62401149953986,0.508890317950927,1.0,1.0,0.0,3.0,"[0, 0, 0, 0, 0, 0, 0, 0, 0, 0, 0, 0, 0, 0, 0, 0, 0, 0, 0, 0, 0, 0, 0, 0, 3, 0, 0, 0, 0, 0]",0,train
SYN-0091,304.5334832351074,3965.3752733969577,8.148631897426393,103.0,20.85882179254002,2.968300757930029,645.1107497115968,0.6253767037381381,231.85175404747835,53.64447046476558,0.2446472928554369,5.0,1.0,0.0,35.0,"[0, 0, 0, 10, 0, 0, 0, 0, 0, 0, 0, 10, 10, 35, 0, 0, 0, 0, 0, 0, 0, 0, 0, 0, 0, 0, 0, 0, 10, 0]",0,validation
SYN-0092,298.66136448453005,2119.0230998980855,11.265451396585929,48.0,55.654649229102326,1.5892255819218981,733.0558205380626,0.6135542970599588,414.1843112276712,55.040826314900706,0.37063875247156985,6.0,1.0,0.0,10.0,"[10, 0, 0, 0, 0, 0, 0, 10, 0, 0, 3, 3, 0, 0, 0, 0, 0, 0, 0, 0, 0, 0, 10, 0, 0, 0, 0, 0, 10, 0]",1,train
SYN-0093,268.65482380567283,5629.827068296732,4.3735385055982645,63.0,10.481911235715195,13.428397441948938,719.3060122730426,0.38485339937679025,88.01482107547392,100.17590900019704,0.4118958992374348,3.0,0.0,0.0,35.0,"[0, 0, 0, 0, 0, 0, 0, 3, 0, 10, 0, 0, 35, 0, 0, 0, 0, 0, 0, 0, 0, 0, 0, 0, 0, 0, 0, 0, 0, 0]",0,train
SYN-0094,432.154913592066,9256.227818233427,10.592580523673549,115.0,52.97845859505817,2.760211947599094,841.3266286500335,0.31841164900488156,522.3097975838974,128.46382650691334,0.41985473124400136,3.0,0.0,0.0,10.0,"[0, 0, 10, 0, 0, 0, 0, 0, 0, 0, 0, 0, 3, 0, 0, 0, 0, 0, 0, 0, 3, 0, 0, 0, 0, 0, 0, 0, 0, 0]",0,train
SYN-0095,247.415511191711,2926.413955103224,11.783677860692984,19.0,33.8749801824969,6.978239718655324,771.6068649237257,0.22510282889918895,667.7502086500303,169.58944085506863,0.8223591967114391,1.0,0.0,0.0,3.0,"[3, 0, 0, 0, 0, 0, 0, 0, 0, 0, 0, 0, 0, 0, 0, 0, 0, 0, 0, 0, 0, 0, 0, 0, 0, 0, 0, 0, 0, 0]",0,train
SYN-0096,380.6109179156681,8590.69529829571,5.462703346172325,107.0,37.103306406998605,4.17272887141523,804.5688557573593,0.7435400162601292,42.97094239427066,101.60057311329722,0.364424332018317,1.0,0.0,0.0,10.0,"[0, 0, 0, 0, 0, 0, 0, 0, 0, 0, 0, 0, 0, 0, 0, 0, 0, 10, 0, 0, 0, 0, 0, 0, 0, 0, 0, 0, 0, 0]",0,train
SYN-0097,156.23914818976527,2406.4548930010496,8.128634025021128,42.0,29.082805785515202,6.5734481217551615,788.0871737521832,0.47040778057349,184.9382047545571,66.02553660820948,0.6087356689772002,6.0,1.0,0.0,10.0,"[0, 3, 0, 3, 10, 0, 0, 0, 0, 0, 3, 3, 0, 0, 0, 0, 0, 0, 0, 0, 0, 0, 0, 0, 0, 0, 3, 0, 0, 0]",0,train
SYN-0098,312.05196206742863,3492.782919370516,11.11577448183958,60.0,106.50821670961787,17.43697503494484,857.1540845723081,0.3201982643345591,237.77990593144463,76.14338492681563,0.5853243172269043,0.0,0.0,0.0,0.0,"[0, 0, 0, 0, 0, 0, 0, 0, 0, 0, 0, 0, 0, 0, 0, 0, 0, 0, 0, 0, 0, 0, 0, 0, 0, 0, 0, 0, 0, 0]",0,train
SYN-0099,417.3373519350555,9452.728375708766,8.808196095608325,98.0,106.44389394809133,16.16261540594172,798.354366029045,0.6156438242721194,1047.4253065073283,135.61126396566064,0.5799987870518231,0.0,0.0,0.0,0.0,"[0, 0, 0, 0, 0, 0, 0, 0, 0, 0, 0, 0, 0, 0, 0, 0, 0, 0, 0, 0, 0, 0, 0, 0, 0, 0, 0, 0, 0, 0]",0,test
SYN-0100,309.09689956653307,1170.8326182971014,12.35402891625643,106.0,93.52529762274548,10.833551253731171,946.8886706886906,0.19188715939499473,61.39659232217807,18.198942018408953,0.36145376999197565,1.0,0.0,0.0,3.0,"[0, 0, 0, 0, 0, 0, 0, 0, 0, 0, 0, 0, 0, 0, 0, 0, 0, 0, 3, 0, 0, 0, 0, 0, 0, 0, 0, 0, 0, 0]",0,train
SYN-0101,523.2210769865521,12356.596329088175,5.117956036259709,15.0,27.25693038888699,4.652073452874273,696.1427440686551,0.5208034300192321,814.1435542649448,852.1590791866131,1.6807732873461878,30.0,6.0,1.0,35.0,"[3, 10, 10, 10, 3, 3, 3, 3, 10, 3, 10, 3, 10, 3, 35, 10, 10, 10, 10, 35, 35, 10, 10, 35, 10, 3, 3, 35, 3, 3]",1,train
SYN-0102,129.4133995162878,733.00713755083,6.993119185709592,106.0,3.7522830894484653,9.253739645929977,998.0,0.06161127184477212,245.72300990359673,9.289008737306988,0.10077234564195257,1.0,0.0,0.0,10.0,"[0, 0, 0, 0, 0, 0, 0, 0, 0, 0, 0, 0, 0, 0, 0, 0, 0, 0, 0, 0, 0, 10, 0, 0, 0, 0, 0, 0, 0, 0]",0,train
SYN-0103,764.4165279101841,13201.578643726263,6.049468965415114,98.0,146.94718259843694,2.780978531292846,803.2107038338548,0.4095097063854331,937.4848346509676,171.04738034841859,0.41599645132767016,3.0,0.0,0.0,35.0,"[0, 0, 0, 0, 0, 0, 0, 0, 0, 3, 10, 35, 0, 0, 0, 0, 0, 0, 0, 0, 0, 0, 0, 0, 0, 0, 0, 0, 0, 0]",0,test
SYN-0104,589.8320154013529,12296.065539809842,5.529494944261231,107.0,165.00330554034133,17.94601602496201,805.8637488945396,0.7477866805208854,723.9706097815867,145.82396498184633,0.5269759226458474,0.0,0.0,0.0,0.0,"[0, 0, 0, 0, 0, 0, 0, 0, 0, 0, 0, 0, 0, 0, 0, 0, 0, 0, 0, 0, 0, 0, 0, 0, 0, 0, 0, 0, 0, 0]",0,train
SYN-0105,226.74216155200094,3783.4321258466753,9.865543345952341,87.0,38.13423570446955,3.3329376856438686,872.7686457642933,0.37477958080777474,51.67151355881502,61.04954859577448,0.43742982611329334,0.0,0.0,0.0,0.0,"[0, 0, 0, 0, 0, 0, 0, 0, 0, 0, 0, 0, 0, 0, 0, 0, 0, 0, 0, 0, 0, 0, 0, 0, 0, 0, 0, 0, 0, 0]",0,train
SYN-0106,244.3875415504385,5385.66236049969,9.574747043739482,119.0,67.24163826180325,17.415506716297102,887.0495335387261,0.26852357493671986,266.5177351657711,70.26117944846393,0.5626425014872877,0.0,0.0,0.0,0.0,"[0, 0, 0, 0, 0, 0, 0, 0, 0, 0, 0, 0, 0, 0, 0, 0, 0, 0, 0, 0, 0, 0, 0, 0, 0, 0, 0, 0, 0, 0]",0,train
SYN-0107,235.25624221430235,4486.4937273227215,13.361210359277164,90.0,48.68852765725977,18.92533627625069,940.7810395082876,0.10957542288538126,67.97042393937296,79.18543455905268,0.5435518352785216,0.0,0.0,0.0,0.0,"[0, 0, 0, 0, 0, 0, 0, 0, 0, 0, 0, 0, 0, 0, 0, 0, 0, 0, 0, 0, 0, 0, 0, 0, 0, 0, 0, 0, 0, 0]",0,train
SYN-0108,724.3733919256033,9055.445567873017,7.306564506512196,51.0,23.696690723242874,17.701326867926326,810.4280791293533,0.24869168530272176,969.6899743828811,207.08638741522233,0.3185968461996845,0.0,0.0,0.0,0.0,"[0, 0, 0, 0, 0, 0, 0, 0, 0, 0, 0, 0, 0, 0, 0, 0, 0, 0, 0, 0, 0, 0, 0, 0, 0, 0, 0, 0, 0, 0]",0,validation
SYN-0109,318.24661696077743,6602.47630801223,10.683746259459024,116.0,19.376408409415227,7.3231588692625715,721.57031048104,0.6599592097123242,166.88185405384473,91.51230982741332,0.34843643994020873,1.0,0.0,0.0,10.0,"[0, 0, 0, 0, 0, 0, 10, 0, 0, 0, 0, 0, 0, 0, 0, 0, 0, 0, 0, 0, 0, 0, 0, 0, 0, 0, 0, 0, 0, 0]",0,validation
SYN-0110,705.978166273983,7865.703795643581,14.195096680457604,22.0,171.3075559963778,4.341168177241985,806.8392595630124,0.343502228158245,2293.4954196012427,408.1689849340637,0.8208136860503877,0.0,0.0,0.0,0.0,"[0, 0, 0, 0, 0, 0, 0, 0, 0, 0, 0, 0, 0, 0, 0, 0, 0, 0, 0, 0, 0, 0, 0, 0, 0, 0, 0, 0, 0, 0]",0,train
SYN-0111,540.4054901968941,3838.9753585733347,6.103996983221059,111.0,114.86854104417688,1.0963864686036828,626.6542299347888,0.6067725646523139,462.8202410696626,45.34870764675774,0.296475982567387,3.0,1.0,0.0,35.0,"[0, 0, 0, 0, 0, 0, 0, 0, 0, 0, 0, 0, 0, 0, 0, 0, 10, 0, 0, 0, 35, 0, 0, 0, 0, 0, 0, 0, 10, 0]",0,train
SYN-0112,242.73606752234366,2052.4668042720637,14.926839996211,115.0,72.9630583793473,7.9287811204652,741.2218105170081,0.374420171570436,289.5311351375076,33.65111837655833,0.4392185217637337,0.0,0.0,0.0,0.0,"[0, 0, 0, 0, 0, 0, 0, 0, 0, 0, 0, 0, 0, 0, 0, 0, 0, 0, 0, 0, 0, 0, 0, 0, 0, 0, 0, 0, 0, 0]",0,train
SYN-0113,274.4242542406934,4323.521851943988,3.0789898991794935,113.0,20.397670734358186,19.871128487060595,761.0218661112152,0.1945343599505239,42.303926486316755,44.1243370124035,0.23511773011932977,0.0,0.0,0.0,0.0,"[0, 0, 0, 0, 0, 0, 0, 0, 0, 0, 0, 0, 0, 0, 0, 0, 0, 0, 0, 0, 0, 0, 0, 0, 0, 0, 0, 0, 0, 0]",0,train
SYN-0114,106.70885759620374,2081.1775382225537,3.797059394756609,45.0,10.550013152094563,19.344587959194747,855.4136789178967,0.32639740914733306,410.8458887253286,49.69215920211867,0.5645470648947928,0.0,0.0,0.0,0.0,"[0, 0, 0, 0, 0, 0, 0, 0, 0, 0, 0, 0, 0, 0, 0, 0, 0, 0, 0, 0, 0, 0, 0, 0, 0, 0, 0, 0, 0, 0]",0,validation
SYN-0115,729.866640770252,8823.964926497161,13.745912596034005,12.0,79.11075757609588,13.956286485313106,815.9039135681154,0.12016217431665842,1528.1665867823501,791.2238317646697,1.1924570061487851,4.0,0.0,0.0,10.0,"[0, 10, 0, 0, 0, 0, 0, 0, 0, 0, 0, 0, 10, 0, 0, 0, 0, 0, 0, 0, 3, 10, 0, 0, 0, 0, 0, 0, 0, 0]",0,train
SYN-0116,622.9993009382605,14832.732232952281,6.6523145804381905,61.0,165.79394680466763,4.915409865725911,823.6502551707603,0.404721582372778,1135.08801816993,287.2526225900392,0.7272023719968892,2.0,0.0,0.0,35.0,"[0, 0, 0, 0, 0, 0, 0, 0, 0, 35, 0, 0, 0, 0, 0, 0, 0, 0, 0, 0, 0, 10, 0, 0, 0, 0, 0, 0, 0, 0]",0,train
SYN-0117,528.6636159500503,2725.4356489856305,6.056348982384657,46.0,111.0556329207269,18.05201522027916,869.4634248889669,0.2115960626941937,1537.8079984618992,66.54077739158019,0.33593461882780096,0.0,0.0,0.0,0.0,"[0, 0, 0, 0, 0, 0, 0, 0, 0, 0, 0, 0, 0, 0, 0, 0, 0, 0, 0, 0, 0, 0, 0, 0, 0, 0, 0, 0, 0, 0]",0,train
SYN-0118,321.5182138265994,6487.601691288748,4.961559675638329,89.0,48.58659804249024,3.643256027254367,773.1704307372985,0.09574679545920774,922.6580555863776,87.2759432468505,0.42256561353819255,1.0,0.0,0.0,3.0,"[0, 0, 0, 0, 0, 0, 0, 0, 0, 0, 0, 0, 0, 0, 0, 0, 0, 0, 0, 0, 0, 0, 0, 3, 0, 0, 0, 0, 0, 0]",0,train
SYN-0119,165.01112811978112,1745.478060216428,4.787944444766564,97.0,9.855480082384418,15.29610926135701,783.1208767801567,0.3918148670173226,262.9937178734905,21.736296127646277,0.19145239821097587,1.0,0.0,0.0,3.0,"[0, 0, 0, 0, 0, 0, 0, 3, 0, 0, 0, 0, 0, 0, 0, 0, 0, 0, 0, 0, 0, 0, 0, 0, 0, 0, 0, 0, 0, 0]",0,train
SYN-0120,527.9890367020571,5032.136161752969,12.05888400004035,119.0,46.71506620843413,4.2377607919556155,858.3412642663674,0.20363204647639035,814.0596674832641,72.68280005274198,0.22613701793310537,1.0,0.0,0.0,10.0,"[0, 0, 0, 0, 0, 0, 0, 0, 0, 0, 0, 0, 0, 0, 0, 0, 0, 0, 0, 0, 0, 0, 0, 10, 0, 0, 0, 0, 0, 0]",0,validation
SYN-0121,807.4136382923112,7664.120397762131,5.773142131149578,34.0,76.85732150984254,11.938276413727706,709.4569423640746,0.40112649465021655,343.2126820309811,244.89413191986196,0.3984964312842329,0.0,0.0,0.0,0.0,"[0, 0, 0, 0, 0, 0, 0, 0, 0, 0, 0, 0, 0, 0, 0, 0, 0, 0, 0, 0, 0, 0, 0, 0, 0, 0, 0, 0, 0, 0]",0,train
SYN-0122,372.7789195749954,8357.14236380486,10.94624267030942,67.0,29.60208398173811,15.705680593415956,688.9667571392174,0.44840717703082167,98.30890666518007,167.2592180177826,0.528091293960404,5.0,1.0,0.0,65.0,"[3, 0, 65, 0, 0, 0, 0, 0, 10, 0, 0, 0, 0, 0, 0, 0, 0, 0, 0, 0, 0, 0, 3, 0, 3, 0, 0, 0, 0, 0]",0,train
SYN-0123,409.5848605533178,6348.791222506633,15.151013513683147,55.0,83.44943135326922,11.37150348866789,854.3120983149186,0.07466803633968805,289.79456435800216,160.81264044959954,0.5963649913058051,0.0,0.0,0.0,0.0,"[0, 0, 0, 0, 0, 0, 0, 0, 0, 0, 0, 0, 0, 0, 0, 0, 0, 0, 0, 0, 0, 0, 0, 0, 0, 0, 0, 0, 0, 0]",0,train
SYN-0124,234.77327829140486,1009.7094430956081,6.558434497426841,77.0,12.824707786054006,4.601880941132075,896.5035007236387,0.27043631430640086,550.9047607941546,16.10056173838066,0.12320511829515833,0.0,0.0,0.0,0.0,"[0, 0, 0, 0, 0, 0, 0, 0, 0, 0, 0, 0, 0, 0, 0, 0, 0, 0, 0, 0, 0, 0, 0, 0, 0, 0, 0, 0, 0, 0]",0,train
SYN-0125,309.4248438422176,2383.5006742140854,10.829904703626596,67.0,7.18033728539508,9.212199195921439,860.6114552375465,0.3080887808216471,47.30114232735441,47.56297098918802,0.17691956338999687,0.0,0.0,0.0,0.0,"[0, 0, 0, 0, 0, 0, 0, 0, 0, 0, 0, 0, 0, 0, 0, 0, 0, 0, 0, 0, 0, 0, 0, 0, 0, 0, 0, 0, 0, 0]",0,test
SYN-0126,429.4782944311339,9581.984158320343,8.865840372651277,12.0,71.29892491741627,7.5181226281367515,921.4406075465163,0.32974793733852537,870.8323297324526,837.3626512646726,2.115733409497814,25.0,5.0,1.0,65.0,"[10, 10, 35, 65, 10, 3, 10, 3, 3, 35, 3, 35, 0, 35, 35, 3, 0, 3, 10, 35, 0, 10, 3, 0, 35, 0, 3, 10, 35, 35]",1,validation
SYN-0127,407.52060556686973,8820.13510389885,6.963044259246171,89.0,61.90320235091053,2.7948617114459773,718.618695689394,0.5681650632231992,519.7094383041979,127.1659771112584,0.46394998652686464,6.0,1.0,0.0,10.0,"[0, 3, 0, 0, 0, 0, 0, 0, 0, 3, 0, 0, 0, 10, 0, 10, 0, 0, 0, 0, 0, 0, 0, 10, 0, 0, 0, 3, 0, 0]",1,train
SYN-0128,412.4157338741783,1915.7869057856988,6.751493505029078,90.0,66.87688941704147,11.420983020847862,922.7252692469949,0.06562186254489256,1153.7710336316497,27.187325614564067,0.2280810534263057,0.0,0.0,0.0,0.0,"[0, 0, 0, 0, 0, 0, 0, 0, 0, 0, 0, 0, 0, 0, 0, 0, 0, 0, 0, 0, 0, 0, 0, 0, 0, 0, 0, 0, 0, 0]",0,train
SYN-0129,500.0539423345357,11656.769902440996,6.7063699081136185,101.0,156.82379761363612,1.1312507391139315,738.4871955765955,0.5191375764214479,165.46482216264366,151.34827164317483,0.6162776516031225,4.0,0.0,0.0,65.0,"[0, 0, 0, 0, 0, 0, 3, 0, 0, 0, 0, 65, 0, 10, 0, 0, 0, 0, 0, 0, 0, 3, 0, 0, 0, 0, 0, 0, 0, 0]",1,test
SYN-0130,442.6876025562886,9526.263072710984,12.277849303751221,67.0,111.94449597291374,16.899608471083884,820.0287425470984,0.41797770839354126,635.1444331879027,197.14056649802495,0.6982013064882202,1.0,0.0,0.0,3.0,"[0, 0, 0, 0, 0, 0, 0, 0, 0, 0, 0, 0, 0, 0, 0, 0, 0, 0, 0, 0, 3, 0, 0, 0, 0, 0, 0, 0, 0, 0]",0,test
SYN-0131,236.41190632460717,3271.338339673292,3.752769179149789,80.0,31.673307175330507,3.719033753399157,769.9125844286231,0.5824765431299749,392.20635033142634,46.28361564371918,0.32975040906785097,0.0,0.0,0.0,0.0,"[0, 0, 0, 0, 0, 0, 0, 0, 0, 0, 0, 0, 0, 0, 0, 0, 0, 0, 0, 0, 0, 0, 0, 0, 0, 0, 0, 0, 0, 0]",0,test
SYN-0132,270.8124671214332,1106.427851893364,15.856416485610172,113.0,71.74327003258391,19.23677244812191,764.1325618097129,0.6476999523913743,62.32738634787902,18.910185709227637,0.33474624231816563,2.0,0.0,0.0,10.0,"[0, 0, 0, 0, 0, 0, 0, 0, 0, 0, 0, 0, 0, 0, 0, 0, 10, 0, 0, 0, 10, 0, 0, 0, 0, 0, 0, 0, 0, 0]",0,test
SYN-0133,586.6412198235606,7665.886549013406,13.376403733265025,118.0,101.0431356053349,13.158570133458143,812.5989770491138,0.04748867372918412,178.11008461406672,117.11185577947127,0.371871228977771,0.0,0.0,0.0,0.0,"[0, 0, 0, 0, 0, 0, 0, 0, 0, 0, 0, 0, 0, 0, 0, 0, 0, 0, 0, 0, 0, 0, 0, 0, 0, 0, 0, 0, 0, 0]",0,train
SYN-0134,533.5804345891097,5283.637346381387,7.749915039199271,89.0,35.60851459790117,11.197502061914959,981.2422874427657,0.22649093469686382,92.28934950616595,78.24012379259938,0.21336734072374886,0.0,0.0,0.0,0.0,"[0, 0, 0, 0, 0, 0, 0, 0, 0, 0, 0, 0, 0, 0, 0, 0, 0, 0, 0, 0, 0, 0, 0, 0, 0, 0, 0, 0, 0, 0]",0,train
SYN-0135,177.72645049536865,1746.676892640145,12.53741856222942,16.0,7.419956429891687,18.51852273453466,904.2613861652752,0.2812172491900025,286.3033057764606,119.11388965794038,0.7119584380104941,1.0,0.0,0.0,3.0,"[0, 0, 3, 0, 0, 0, 0, 0, 0, 0, 0, 0, 0, 0, 0, 0, 0, 0, 0, 0, 0, 0, 0, 0, 0, 0, 0, 0, 0, 0]",0,train
SYN-0136,389.6621169157417,1455.00245989056,10.497615176854701,35.0,17.992477688773995,13.076122075819253,915.0245242881921,0.11334596888070947,534.3453298269951,48.44011191198229,0.1704876782135875,0.0,0.0,0.0,0.0,"[0, 0, 0, 0, 0, 0, 0, 0, 0, 0, 0, 0, 0, 0, 0, 0, 0, 0, 0, 0, 0, 0, 0, 0, 0, 0, 0, 0, 0, 0]",0,train
SYN-0137,294.98590556922187,3530.729363640668,5.63191122863501,78.0,98.02156544749074,8.411593893883303,842.9023342529463,0.2475252900325618,264.5254445458154,54.16042100831933,0.5158957888586267,0.0,0.0,0.0,0.0,"[0, 0, 0, 0, 0, 0, 0, 0, 0, 0, 0, 0, 0, 0, 0, 0, 0, 0, 0, 0, 0, 0, 0, 0, 0, 0, 0, 0, 0, 0]",0,train
SYN-0138,546.5516909266211,7857.260749471999,11.54927643994769,96.0,117.88456485221938,9.163630928058751,741.2841696239922,0.5201230679489591,3441.023794989165,125.76499101306838,0.4457941671577404,0.0,0.0,0.0,0.0,"[0, 0, 0, 0, 0, 0, 0, 0, 0, 0, 0, 0, 0, 0, 0, 0, 0, 0, 0, 0, 0, 0, 0, 0, 0, 0, 0, 0, 0, 0]",0,validation
SYN-0139,233.97905572068365,2435.492367662275,8.283037551422723,91.0,33.62404836973522,0.10925447659789311,889.8998655936689,0.4118003413922553,145.27419249160644,36.13271046211992,0.29813249146166493,0.0,0.0,0.0,0.0,"[0, 0, 0, 0, 0, 0, 0, 0, 0, 0, 0, 0, 0, 0, 0, 0, 0, 0, 0, 0, 0, 0, 0, 0, 0, 0, 0, 0, 0, 0]",0,validation
SYN-0140,333.8328674813057,5380.974643058996,10.153237529680494,54.0,93.05851422519078,0.564460164906726,910.3615703356182,0.07020940924023052,56.92407739698358,124.55321130396514,0.6518583001457817,1.0,0.0,0.0,10.0,"[0, 0, 0, 0, 0, 10, 0, 0, 0, 0, 0, 0, 0, 0, 0, 0, 0, 0, 0, 0, 0, 0, 0, 0, 0, 0, 0, 0, 0, 0]",0,train
SYN-0141,442.56778071688797,9546.646306201106,7.940847237977023,86.0,33.448898010013345,9.553406468951453,757.0534923603104,0.814826575441921,59.968323001549244,145.93148101270566,0.4053173024302671,2.0,0.0,0.0,35.0,"[0, 0, 0, 0, 0, 0, 0, 35, 10, 0, 0, 0, 0, 0, 0, 0, 0, 0, 0, 0, 0, 0, 0, 0, 0, 0, 0, 0, 0, 0]",0,train
SYN-0142,293.7649650970351,4545.398048045226,7.605017982306145,107.0,46.99038333331712,15.922939597351949,834.4718495373061,0.29413716198101414,0.29637929504531085,58.62856903606183,0.3595355638630746,1.0,0.0,0.0,35.0,"[0, 0, 35, 0, 0, 0, 0, 0, 0, 0, 0, 0, 0, 0, 0, 0, 0, 0, 0, 0, 0, 0, 0, 0, 0, 0, 0, 0, 0, 0]",0,train
SYN-0143,761.5517476466767,12039.045942561399,5.073375127674689,83.0,113.25630216542957,16.383892822270756,855.5607657264588,0.6912643997370038,1375.355001442353,172.28680370094438,0.3749490520489911,1.0,1.0,0.0,3.0,"[0, 0, 0, 0, 0, 0, 0, 0, 0, 0, 0, 0, 0, 0, 0, 0, 0, 0, 0, 0, 0, 0, 0, 0, 0, 0, 0, 0, 3, 0]",0,validation
SYN-0144,474.8000870347607,11259.213943939307,9.01268975944142,117.0,94.07766751040286,0.7323154471464277,780.5965971782535,0.4448053670801316,740.2889914277599,144.96698148489645,0.503463785123103,2.0,0.0,0.0,10.0,"[0, 3, 0, 0, 0, 0, 0, 0, 0, 10, 0, 0, 0, 0, 0, 0, 0, 0, 0, 0, 0, 0, 0, 0, 0, 0, 0, 0, 0, 0]",0,validation
SYN-0145,692.9357253543105,15999.432305603545,5.441408444188044,79.0,79.063999608438,19.984505413198967,723.5976951765829,0.5186178757972534,1140.7664542426937,241.4143357561552,0.4624935959258369,1.0,0.0,0.0,3.0,"[0, 0, 0, 0, 0, 0, 0, 0, 0, 0, 0, 3, 0, 0, 0, 0, 0, 0, 0, 0, 0, 0, 0, 0, 0, 0, 0, 0, 0, 0]",0,validation
SYN-0146,147.57440453658558,729.2278408760068,4.759636352565113,115.0,25.07130504290211,8.231642480105016,835.4706278612869,0.26990936445574526,827.7429655850975,7.909218071075445,0.22348403313937318,0.0,0.0,0.0,0.0,"[0, 0, 0, 0, 0, 0, 0, 0, 0, 0, 0, 0, 0, 0, 0, 0, 0, 0, 0, 0, 0, 0, 0, 0, 0, 0, 0, 0, 0, 0]",0,validation
SYN-0147,231.05723408924365,2657.5490880649922,8.704644394093844,25.0,15.56717860237328,4.21434254740813,938.0163338869073,0.37772491386944734,416.39829925684944,116.61592453813289,0.5720794835164161,0.0,0.0,0.0,0.0,"[0, 0, 0, 0, 0, 0, 0, 0, 0, 0, 0, 0, 0, 0, 0, 0, 0, 0, 0, 0, 0, 0, 0, 0, 0, 0, 0, 0, 0, 0]",0,train
SYN-0148,100.0,2096.7202955669577,6.034417101411125,66.0,13.600233792605065,8.11264922602319,858.0114236366082,0.13719029272007108,239.56543274664273,37.41052326812772,0.5101075706073278,2.0,0.0,0.0,10.0,"[10, 0, 0, 0, 0, 0, 0, 0, 0, 10, 0, 0, 0, 0, 0, 0, 0, 0, 0, 0, 0, 0, 0, 0, 0, 0, 0, 0, 0, 0]",0,test
SYN-0149,429.1900905702408,3800.454336678083,6.794125978627412,16.0,79.9681396479073,17.107562707460303,825.3042234388583,0.3317480076655586,351.70285322029423,249.12078602187896,0.7667672970560533,1.0,0.0,0.0,10.0,"[0, 10, 0, 0, 0, 0, 0, 0, 0, 0, 0, 0, 0, 0, 0, 0, 0, 0, 0, 0, 0, 0, 0, 0, 0, 0, 0, 0, 0, 0]",0,train
SYN-0150,258.4420697769471,4266.266626275734,4.17462896667394,31.0,76.93465672238831,0.2458623909526958,689.898306036236,0.5771465747654729,526.8451810343814,145.414741273178,0.8603452146450802,10.0,1.0,0.0,65.0,"[0, 65, 0, 0, 10, 0, 0, 0, 10, 3, 0, 0, 10, 3, 0, 10, 3, 0, 0, 3, 0, 0, 0, 0, 0, 35, 0, 0, 0, 0]",0,train
SYN-0151,406.5226006417215,7102.479419520633,8.498851382308208,22.0,127.23718456979806,18.65924234676727,857.4478650362628,0.5245585977227517,5.279061536553787,349.7836626896498,1.1734177792487808,19.0,5.0,1.0,65.0,"[65, 3, 0, 0, 0, 3, 10, 3, 3, 65, 0, 0, 10, 3, 35, 0, 0, 0, 35, 0, 0, 3, 65, 3, 0, 3, 3, 35, 3, 10]",1,train
SYN-0152,360.77133005506926,3279.6681876080206,7.380952107672604,29.0,123.85546671991808,3.5035436057815317,710.3373990883676,0.623459774684682,1077.5600075234684,123.82451210088608,0.6865289954803158,5.0,0.0,0.0,35.0,"[3, 0, 0, 0, 0, 0, 0, 0, 0, 3, 0, 0, 35, 10, 0, 0, 0, 0, 0, 0, 0, 35, 0, 0, 0, 0, 0, 0, 0, 0]",0,test
SYN-0153,286.2657876822291,1543.485713320754,12.10729946645581,32.0,7.40085286408836,13.098396191665241,747.6194015452506,0.8142653839593478,478.84636652532606,56.67945733794789,0.22384899963375626,1.0,0.0,0.0,3.0,"[0, 0, 0, 0, 0, 0, 0, 0, 0, 0, 0, 0, 0, 0, 0, 0, 0, 3, 0, 0, 0, 0, 0, 0, 0, 0, 0, 0, 0, 0]",0,validation
SYN-0154,351.28190107717734,6819.338450615276,3.7548110961479875,28.0,34.29812863128557,10.233991101591988,809.6991233926964,0.5782737717799983,152.9983347813182,254.75304609088408,0.82284676163451,3.0,2.0,0.0,65.0,"[0, 0, 0, 0, 0, 65, 0, 0, 0, 0, 0, 0, 0, 0, 0, 0, 0, 0, 0, 0, 0, 0, 0, 0, 0, 3, 0, 0, 3, 0]",0,train
SYN-0155,311.9823606109514,1044.1503248732454,11.144641256915701,77.0,48.442483058196885,2.4620606111960375,789.6928401996985,0.42233835902761563,93.16640062560637,19.04230226372682,0.2163096182417783,1.0,0.0,0.0,3.0,"[0, 0, 0, 3, 0, 0, 0, 0, 0, 0, 0, 0, 0, 0, 0, 0, 0, 0, 0, 0, 0, 0, 0, 0, 0, 0, 0, 0, 0, 0]",1,train
SYN-0156,455.7725173216867,4285.031629703396,15.960526903104098,79.0,80.03856678298152,7.360795495849226,668.4391973765596,0.7666846751147166,1678.748062188997,87.96694241955683,0.36861702454068584,1.0,0.0,0.0,3.0,"[0, 0, 3, 0, 0, 0, 0, 0, 0, 0, 0, 0, 0, 0, 0, 0, 0, 0, 0, 0, 0, 0, 0, 0, 0, 0, 0, 0, 0, 0]",0,train
SYN-0157,443.8310960328994,3401.398532172455,4.334085254565085,114.0,92.81057460686826,0.6822882180895662,723.4421300593201,0.5320366336997007,1651.6522801437427,36.452734230802555,0.2912443719988675,2.0,0.0,0.0,3.0,"[0, 0, 0, 0, 0, 0, 0, 3, 0, 0, 3, 0, 0, 0, 0, 0, 0, 0, 0, 0, 0, 0, 0, 0, 0, 0, 0, 0, 0, 0]",0,train
SYN-0158,780.3960829508608,11953.970766438608,9.89240154144684,113.0,262.6684683034933,3.302003605291559,835.621867867047,0.5304159484086938,1735.1418854692029,163.00643318638083,0.5454600693026257,3.0,1.0,1.0,65.0,"[0, 0, 0, 0, 0, 65, 0, 0, 0, 0, 0, 0, 0, 0, 10, 0, 0, 0, 0, 0, 0, 0, 0, 0, 0, 0, 0, 0, 0, 3]",0,train
SYN-0159,301.6928009451488,5367.240220413046,11.350323159192158,46.0,77.46867093258511,15.825761482081077,883.5786627817671,0.16774273936376172,1083.8082310284904,144.4397189930872,0.7355442000288824,2.0,0.0,0.0,3.0,"[0, 0, 0, 0, 0, 0, 0, 0, 0, 0, 3, 0, 0, 0, 0, 3, 0, 0, 0, 0, 0, 0, 0, 0, 0, 0, 0, 0, 0, 0]",0,train
SYN-0160,308.5642218012547,2531.9143724670957,3.960347707933387,95.0,95.78992089947899,2.7465706569329162,779.6937759344895,0.5487816589845809,893.4434192741929,31.09131727870764,0.41119880146023685,1.0,1.0,0.0,35.0,"[0, 0, 0, 0, 0, 0, 0, 0, 0, 0, 0, 0, 0, 0, 0, 0, 0, 0, 0, 0, 0, 0, 0, 0, 0, 0, 0, 0, 35, 0]",0,validation
SYN-0161,227.4411905535673,2566.7763049335977,13.322574416747724,48.0,8.750479811244357,3.721386062054546,827.2323130562193,0.3101464325124955,303.94758336364936,69.27183642107569,0.3430439140879546,0.0,0.0,0.0,0.0,"[0, 0, 0, 0, 0, 0, 0, 0, 0, 0, 0, 0, 0, 0, 0, 0, 0, 0, 0, 0, 0, 0, 0, 0, 0, 0, 0, 0, 0, 0]",0,validation
SYN-0162,502.20325307105685,3085.2443228871293,7.04939011974406,120.0,10.668938509650046,5.506831820650202,741.1425974568101,0.6593394678417168,263.41854139697153,35.90088700934167,0.09273103117952632,2.0,1.0,0.0,10.0,"[0, 0, 0, 0, 0, 0, 0, 0, 0, 0, 0, 0, 0, 0, 0, 0, 0, 0, 0, 0, 0, 0, 0, 3, 10, 0, 0, 0, 0, 0]",0,train
SYN-0163,481.05791852916997,10670.747882594742,12.022271409472618,52.0,162.9330896862635,3.6314944259611748,715.1239140832789,0.5858361715027248,1593.0273464190336,264.28320627084645,0.8880766317355708,10.0,0.0,0.0,35.0,"[0, 0, 0, 0, 0, 0, 0, 0, 35, 35, 35, 10, 0, 10, 3, 3, 0, 3, 35, 0, 0, 3, 0, 0, 0, 0, 0, 0, 0, 0]",0,train
SYN-0164,334.1510936675073,6431.137885891459,5.335731651410059,75.0,107.12866514544915,7.1452159459769575,783.3553672850048,0.34772228929192867,321.2943141960294,101.02830725869589,0.6229426638096505,4.0,0.0,0.0,35.0,"[35, 0, 0, 0, 3, 3, 0, 0, 0, 0, 0, 0, 0, 0, 0, 0, 0, 0, 3, 0, 0, 0, 0, 0, 0, 0, 0, 0, 0, 0]",0,validation
SYN-0165,325.26689334569693,6569.2357435526255,11.895455866808831,57.0,7.196080595446316,7.22689432442073,858.9536517638285,0.2045726230815765,256.81733810821936,151.41526195887744,0.4876344497370964,0.0,0.0,0.0,0.0,"[0, 0, 0, 0, 0, 0, 0, 0, 0, 0, 0, 0, 0, 0, 0, 0, 0, 0, 0, 0, 0, 0, 0, 0, 0, 0, 0, 0, 0, 0]",1,test
SYN-0166,229.78711088917265,742.8053418839402,13.357701255229882,15.0,70.64249293119708,0.00190334952116622,650.419116668171,0.12754317074727528,225.4473852262691,54.044063441967204,0.54261771206698,12.0,4.0,1.0,65.0,"[0, 0, 0, 0, 3, 10, 0, 0, 0, 0, 0, 0, 10, 0, 0, 0, 0, 35, 0, 3, 3, 35, 65, 0, 3, 0, 0, 3, 65, 10]",1,validation
SYN-0167,210.86805479701889,2120.8622543247843,10.62440603730741,26.0,55.6898037197327,16.93769990591595,788.0500611295558,0.37849117512741454,678.394988967502,91.67921551516149,0.6988683960534053,2.0,0.0,0.0,10.0,"[0, 0, 0, 0, 0, 0, 0, 0, 0, 0, 10, 0, 0, 0, 0, 0, 0, 0, 0, 3, 0, 0, 0, 0, 0, 0, 0, 0, 0, 0]",0,test
SYN-0168,639.7590788035982,9318.925133017538,11.77617590129542,71.0,64.61496288308378,18.606513728273224,720.1841699265307,0.4977566541247412,833.333119190091,182.86317031280126,0.3868302012355798,1.0,0.0,0.0,65.0,"[0, 0, 0, 0, 0, 0, 0, 0, 0, 0, 0, 0, 0, 0, 0, 0, 0, 0, 65, 0, 0, 0, 0, 0, 0, 0, 0, 0, 0, 0]",0,validation
SYN-0169,192.93421387385294,582.3044942448256,15.657795171376343,27.0,15.082433306901558,8.451333663723092,837.9016778081378,0.22587569703826463,607.5948248430833,25.727405758127023,0.21152204290583457,0.0,0.0,0.0,0.0,"[0, 0, 0, 0, 0, 0, 0, 0, 0, 0, 0, 0, 0, 0, 0, 0, 0, 0, 0, 0, 0, 0, 0, 0, 0, 0, 0, 0, 0, 0]",0,train
SYN-0170,279.5944512188713,5593.332732155191,3.700078221412145,88.0,52.18421375846449,3.7025865042787176,797.6728821403024,0.5686454287211666,334.55847944492166,72.67067191363158,0.44655709413330785,0.0,0.0,0.0,0.0,"[0, 0, 0, 0, 0, 0, 0, 0, 0, 0, 0, 0, 0, 0, 0, 0, 0, 0, 0, 0, 0, 0, 0, 0, 0, 0, 0, 0, 0, 0]",0,validation
SYN-0171,584.5165313151613,8174.610218076658,8.642073273830425,15.0,79.24739006191415,6.985504619567462,823.6324711748377,0.06980088618519587,1052.868600768033,576.8976711563669,1.1225432063349101,4.0,0.0,0.0,10.0,"[0, 0, 0, 10, 10, 0, 0, 0, 10, 3, 0, 0, 0, 0, 0, 0, 0, 0, 0, 0, 0, 0, 0, 0, 0, 0, 0, 0, 0, 0]",0,train
SYN-0172,409.5094440969497,5982.846959407672,15.306087380717608,62.0,36.5909313174904,3.8098598077875123,905.368651953444,0.19838140603579504,263.9877447951016,140.21401431479705,0.4317481517970306,0.0,0.0,0.0,0.0,"[0, 0, 0, 0, 0, 0, 0, 0, 0, 0, 0, 0, 0, 0, 0, 0, 0, 0, 0, 0, 0, 0, 0, 0, 0, 0, 0, 0, 0, 0]",0,validation
SYN-0173,586.0385441202161,7257.562694846177,10.16135954802445,40.0,61.381109738079275,4.15781590117549,759.4649735884693,0.4919401453868743,1579.3609034325968,214.65805189224298,0.4710256081274023,2.0,0.0,0.0,65.0,"[0, 0, 0, 0, 0, 0, 0, 0, 0, 0, 0, 0, 0, 0, 0, 0, 0, 65, 0, 0, 10, 0, 0, 0, 0, 0, 0, 0, 0, 0]",0,train
SYN-0174,339.5170607157351,5528.583408273436,12.510750600986924,76.0,115.66603143400495,0.4547904425274307,887.6084086654207,0.3038216659133942,1056.4479430168303,105.69003745566653,0.6519733306568785,5.0,0.0,0.0,35.0,"[0, 0, 0, 0, 10, 3, 0, 0, 0, 0, 0, 0, 35, 10, 0, 0, 0, 35, 0, 0, 0, 0, 0, 0, 0, 0, 0, 0, 0, 0]",0,train
SYN-0175,693.5731913772944,16503.382131328577,3.567155728806262,104.0,234.6194106041488,17.127346298602525,810.1701551289445,0.40754626177064474,4427.778000554462,184.71133830252558,0.604594805739203,0.0,0.0,0.0,0.0,"[0, 0, 0, 0, 0, 0, 0, 0, 0, 0, 0, 0, 0, 0, 0, 0, 0, 0, 0, 0, 0, 0, 0, 0, 0, 0, 0, 0, 0, 0]",0,train
SYN-0176,254.38706457250177,5148.902746924233,7.345939468253075,34.0,75.42688173887105,12.783578831104167,861.254322597294,0.26674401434022454,257.67938161833524,168.20580860166976,0.957724366802873,0.0,0.0,0.0,0.0,"[0, 0, 0, 0, 0, 0, 0, 0, 0, 0, 0, 0, 0, 0, 0, 0, 0, 0, 0, 0, 0, 0, 0, 0, 0, 0, 0, 0, 0, 0]",0,train
SYN-0177,296.79078615805093,4931.4493104795265,15.603290605077325,87.0,94.14868344394371,18.035430621992802,827.0610328455165,0.28073495915247576,421.36435463190867,94.99531674989944,0.6372974129093001,2.0,0.0,0.0,3.0,"[0, 0, 0, 0, 0, 0, 0, 0, 0, 0, 3, 0, 0, 0, 0, 0, 0, 0, 0, 0, 0, 0, 3, 0, 0, 0, 0, 0, 0, 0]",0,train
SYN-0178,475.66394788637194,10590.214647183244,14.907960388266995,86.0,36.58669042089562,19.226839529798468,811.5980687363098,0.30383396010782737,732.2602242376889,201.11661886094817,0.4997295051224422,2.0,0.0,0.0,35.0,"[0, 0, 0, 0, 0, 0, 0, 0, 0, 0, 0, 0, 0, 35, 0, 0, 0, 0, 0, 0, 0, 0, 35, 0, 0, 0, 0, 0, 0, 0]",0,train
SYN-0179,282.6966364258126,5707.337967941171,8.896760797422328,111.0,89.62706560102991,8.119811466291264,655.0446081486702,0.727476447249235,300.3354160401863,75.62411033573171,0.5845530319216519,2.0,0.0,0.0,10.0,"[0, 0, 0, 0, 0, 0, 0, 10, 0, 0, 3, 0, 0, 0, 0, 0, 0, 0, 0, 0, 0, 0, 0, 0, 0, 0, 0, 0, 0, 0]",0,train
SYN-0180,506.103201140348,4424.216336954268,9.90241540086898,78.0,53.42001288530266,10.912117249651974,851.690547369101,0.48030143721531576,1892.692013837594,77.14577087427075,0.25798252898891677,0.0,0.0,0.0,0.0,"[0, 0, 0, 0, 0, 0, 0, 0, 0, 0, 0, 0, 0, 0, 0, 0, 0, 0, 0, 0, 0, 0, 0, 0, 0, 0, 0, 0, 0, 0]",0,validation
SYN-0181,168.8762656236435,3163.0654858301323,12.80472760725775,58.0,44.36394234213615,0.5238661668178568,683.4932174502972,0.3519112931458496,75.71279231534102,73.42265032371613,0.6974727456867781,9.0,0.0,0.0,35.0,"[0, 0, 35, 10, 0, 0, 0, 3, 0, 0, 10, 3, 35, 0, 3, 0, 0, 0, 0, 10, 10, 0, 0, 0, 0, 0, 0, 0, 0, 0]",1,train
SYN-0182,308.57220609910144,2634.957740402327,3.889366885956396,69.0,17.80549823768719,5.828644474009142,919.9959094644768,0.15918856997786618,623.2703023890124,42.678549994590846,0.19601262536539957,0.0,0.0,0.0,0.0,"[0, 0, 0, 0, 0, 0, 0, 0, 0, 0, 0, 0, 0, 0, 0, 0, 0, 0, 0, 0, 0, 0, 0, 0, 0, 0, 0, 0, 0, 0]",0,validation
SYN-0183,183.0704817728631,3251.1787805136873,3.185008284863263,72.0,59.80420547606555,11.821406961827917,890.5079184306907,0.2822168615508344,279.66925512951434,49.666910682000555,0.5979725136348728,0.0,0.0,0.0,0.0,"[0, 0, 0, 0, 0, 0, 0, 0, 0, 0, 0, 0, 0, 0, 0, 0, 0, 0, 0, 0, 0, 0, 0, 0, 0, 0, 0, 0, 0, 0]",0,train
SYN-0184,1160.8080706751387,10859.738746418781,15.590972391697617,13.0,29.208808529345742,15.779273682504238,820.030795760292,0.6187008908482139,1553.5312542735485,913.2992443486397,0.8119413335314015,3.0,0.0,0.0,10.0,"[0, 0, 0, 0, 0, 0, 0, 0, 0, 0, 0, 0, 10, 0, 3, 0, 0, 0, 0, 0, 0, 3, 0, 0, 0, 0, 0, 0, 0, 0]",0,train
SYN-0185,280.89318239205926,5065.270566603802,6.90697305826853,88.0,73.8056000373633,12.245386873374803,879.0178594510141,0.09510486512040008,126.20665575082273,73.5246432240193,0.5245062981120883,0.0,0.0,0.0,0.0,"[0, 0, 0, 0, 0, 0, 0, 0, 0, 0, 0, 0, 0, 0, 0, 0, 0, 0, 0, 0, 0, 0, 0, 0, 0, 0, 0, 0, 0, 0]",0,test
SYN-0186,346.0806022508601,4115.445523327977,13.3550228183272,55.0,38.37974972707064,16.529974782202853,742.4627258432416,0.5372132204377674,1647.2328396218065,100.4518237183148,0.40115387150404896,0.0,0.0,0.0,0.0,"[0, 0, 0, 0, 0, 0, 0, 0, 0, 0, 0, 0, 0, 0, 0, 0, 0, 0, 0, 0, 0, 0, 0, 0, 0, 0, 0, 0, 0, 0]",0,train
SYN-0187,382.3023357067006,8180.700525482285,13.510382133863027,22.0,57.99763876807112,15.005194544071909,755.4448489523747,0.6032007989854354,2258.812016720355,421.8797800618163,1.2552301516620752,4.0,0.0,0.0,35.0,"[0, 0, 0, 0, 0, 0, 10, 35, 0, 0, 0, 0, 3, 0, 0, 3, 0, 0, 0, 0, 0, 0, 0, 0, 0, 0, 0, 0, 0, 0]",1,train
SYN-0188,197.42285580432062,3741.586093501471,10.285518060985886,79.0,15.876254173558968,15.31802127901294,998.0,0.06223670977455966,83.27584522960422,65.38801793351914,0.41162545124777605,1.0,0.0,0.0,3.0,"[0, 0, 0, 0, 0, 0, 3, 0, 0, 0, 0, 0, 0, 0, 0, 0, 0, 0, 0, 0, 0, 0, 0, 0, 0, 0, 0, 0, 0, 0]",0,train
SYN-0189,168.0069307027135,2945.589225172501,3.964340124989994,35.0,55.17384893437598,15.455677448742355,887.7523540794399,0.10368667161891114,886.212595790132,89.25776954526718,0.8596765495062426,3.0,0.0,0.0,10.0,"[0, 0, 0, 0, 0, 10, 3, 0, 0, 0, 0, 0, 0, 0, 0, 0, 10, 0, 0, 0, 0, 0, 0, 0, 0, 0, 0, 0, 0, 0]",0,train
SYN-0190,445.53311774538764,2157.6268515035395,12.289536015372658,64.0,64.02370210191941,8.422213265569734,835.1073616044275,0.3244801412425638,935.739827620215,46.12605887826138,0.24723136528568668,0.0,0.0,0.0,0.0,"[0, 0, 0, 0, 0, 0, 0, 0, 0, 0, 0, 0, 0, 0, 0, 0, 0, 0, 0, 0, 0, 0, 0, 0, 0, 0, 0, 0, 0, 0]",0,validation
SYN-0191,476.69862400279453,9289.40871425833,6.746195403974713,55.0,128.6169070959482,3.5399104755851596,743.8295272095344,0.44954352175553064,1567.5833689474384,196.82412929055332,0.6826976626317968,5.0,1.0,0.0,35.0,"[0, 0, 0, 35, 0, 0, 0, 0, 0, 3, 0, 0, 0, 3, 0, 0, 0, 0, 0, 0, 0, 0, 0, 10, 0, 3, 0, 0, 0, 0]",0,train
SYN-0192,496.94875786198514,1518.9108616628541,14.376511327003575,92.0,59.67638255460863,11.656086386469852,725.9882632273018,0.6381348493331059,245.00491685910606,27.336361055868707,0.17509399557578312,0.0,0.0,0.0,0.0,"[0, 0, 0, 0, 0, 0, 0, 0, 0, 0, 0, 0, 0, 0, 0, 0, 0, 0, 0, 0, 0, 0, 0, 0, 0, 0, 0, 0, 0, 0]",0,train
SYN-0193,277.1165799458339,3341.2247274979527,13.430171957970217,112.0,33.42586009669826,17.26959351722713,856.9764677913405,0.38294753058901376,313.6822936748963,52.48355912124819,0.31001183413399,0.0,0.0,0.0,0.0,"[0, 0, 0, 0, 0, 0, 0, 0, 0, 0, 0, 0, 0, 0, 0, 0, 0, 0, 0, 0, 0, 0, 0, 0, 0, 0, 0, 0, 0, 0]",0,train
SYN-0194,349.33483461922293,2703.743631711866,12.85547841627163,39.0,108.10263792442639,18.86053280847667,795.7929691568033,0.31833710581278674,1199.0182138914995,85.18014195661118,0.5532880226265353,1.0,0.0,0.0,10.0,"[0, 0, 0, 0, 0, 10, 0, 0, 0, 0, 0, 0, 0, 0, 0, 0, 0, 0, 0, 0, 0, 0, 0, 0, 0, 0, 0, 0, 0, 0]",0,validation
SYN-0195,325.09514384337996,7512.74047093252,13.025524655485205,33.0,108.38985618948213,10.683578889729372,910.6743812644623,0.18401853915936475,498.5501225963048,272.0820557141488,1.1703401884308973,4.0,0.0,0.0,35.0,"[0, 0, 0, 0, 0, 0, 0, 0, 0, 0, 0, 3, 0, 0, 35, 3, 0, 0, 0, 0, 0, 0, 10, 0, 0, 0, 0, 0, 0, 0]",0,test
SYN-0196,347.56391627487983,7857.121402249572,5.710225796733864,90.0,95.78580075531946,10.879629439863798,896.4454652746037,0.28727388130139186,619.625576664014,107.5301876566248,0.5849743856929803,1.0,0.0,0.0,3.0,"[0, 0, 0, 0, 0, 0, 0, 0, 0, 0, 3, 0, 0, 0, 0, 0, 0, 0, 0, 0, 0, 0, 0, 0, 0, 0, 0, 0, 0, 0]",0,train
SYN-0197,370.66568774977253,3718.3817079931205,12.603293716558515,13.0,17.3461909158229,6.934647005483219,615.966862920204,0.4565068270183137,438.6920510005498,307.4972936660017,0.8763786218084437,11.0,0.0,0.0,65.0,"[10, 0, 3, 35, 0, 0, 0, 35, 65, 0, 0, 35, 65, 0, 35, 10, 10, 0, 0, 0, 0, 3, 0, 0, 0, 0, 0, 0, 0, 0]",1,test
SYN-0198,302.4099456319952,4163.5423629754705,12.26289237710262,25.0,80.61052731537863,14.622598671476215,821.4555349368038,0.21809502997602184,465.2237674664636,189.56524434632942,0.8934090150278551,2.0,1.0,0.0,65.0,"[0, 0, 0, 0, 0, 0, 0, 0, 3, 0, 0, 0, 0, 0, 0, 0, 0, 0, 0, 0, 0, 0, 0, 0, 0, 65, 0, 0, 0, 0]",0,validation
SYN-0199,281.93460999881296,5851.278190137005,14.574166346787557,59.0,80.26356273176278,10.890814261652453,952.2075471348,0.45157819395531495,2007.404202019723,139.490252091046,0.7794495852202536,0.0,0.0,0.0,0.0,"[0, 0, 0, 0, 0, 0, 0, 0, 0, 0, 0, 0, 0, 0, 0, 0, 0, 0, 0, 0, 0, 0, 0, 0, 0, 0, 0, 0, 0, 0]",0,validation
SYN-0200,412.3559026160022,2453.6779024311845,8.76542167729065,95.0,55.20591606753901,19.78318641065437,787.6480764232873,0.4047730039001325,448.3496889995558,35.90840771071883,0.22096039658999655,1.0,1.0,0.0,3.0,"[0, 0, 0, 0, 0, 0, 0, 0, 0, 0, 0, 0, 0, 0, 0, 0, 0, 0, 0, 0, 0, 0, 0, 0, 0, 0, 0, 0, 3, 0]",0,test
SYN-0201,190.82562294375913,3943.0180155379526,7.186738421616544,15.0,8.445101128045552,1.8998916067098315,692.7003327594447,0.6945866797193772,399.2782474706419,275.63773366038686,1.488703825021226,27.0,5.0,0.0,35.0,"[35, 3, 10, 3, 10, 3, 3, 10, 3, 10, 10, 10, 3, 35, 3, 3, 3, 10, 35, 35, 10, 3, 0, 0, 10, 35, 3, 35, 3, 0]",1,test
SYN-0202,287.0416783802938,5607.006912643378,10.683580038652346,86.0,88.79863268308296,7.402967555292452,723.4392502919841,0.7378982998360302,777.6322527435608,93.587786756807,0.6354004772723322,7.0,1.0,0.0,65.0,"[0, 3, 0, 0, 3, 0, 0, 0, 0, 10, 35, 0, 0, 0, 0, 65, 0, 0, 0, 0, 0, 0, 3, 0, 0, 3, 0, 0, 0, 0]",0,validation
SYN-0203,947.5197397074361,3347.8738731122276,12.807542639910274,113.0,318.7317004210478,4.806985952482991,753.7291145592138,0.5369528185150093,4022.4155680333465,51.1401653197871,0.39035795270612467,1.0,0.0,0.0,10.0,"[0, 0, 0, 0, 0, 0, 0, 0, 0, 10, 0, 0, 0, 0, 0, 0, 0, 0, 0, 0, 0, 0, 0, 0, 0, 0, 0, 0, 0, 0]",0,test
SYN-0204,235.3504268225666,2866.0418600201224,5.671077185025406,31.0,8.434982873256422,14.738489912593975,831.1353314220509,0.16152724829462456,204.13755960787884,99.60847564931305,0.459074835687571,2.0,0.0,0.0,10.0,"[0, 0, 0, 0, 0, 0, 10, 0, 0, 0, 0, 0, 10, 0, 0, 0, 0, 0, 0, 0, 0, 0, 0, 0, 0, 0, 0, 0, 0, 0]",0,train
SYN-0205,774.7042228932282,11689.814238700048,9.645365974471723,100.0,41.14997993455436,15.911155840266797,898.0841650812032,0.13290083508795256,431.6339592556613,170.55006087302317,0.2732656342274187,0.0,0.0,0.0,0.0,"[0, 0, 0, 0, 0, 0, 0, 0, 0, 0, 0, 0, 0, 0, 0, 0, 0, 0, 0, 0, 0, 0, 0, 0, 0, 0, 0, 0, 0, 0]",0,validation
SYN-0206,388.2963847439113,3548.225795338274,3.774800000338086,48.0,19.651258084782413,10.252208467123767,901.7491112699878,0.015759102820821654,451.20736810293363,79.75851204533846,0.2560151833390967,0.0,0.0,0.0,0.0,"[0, 0, 0, 0, 0, 0, 0, 0, 0, 0, 0, 0, 0, 0, 0, 0, 0, 0, 0, 0, 0, 0, 0, 0, 0, 0, 0, 0, 0, 0]",0,train
SYN-0207,222.06680935823758,797.1750778884975,10.898238862863021,53.0,9.266563970868463,9.635901115498488,630.2802135801429,0.730308864055469,308.88401848345035,19.017145395982585,0.12736576640421687,1.0,1.0,0.0,35.0,"[0, 0, 0, 0, 0, 0, 0, 0, 0, 0, 0, 0, 0, 0, 0, 0, 0, 0, 0, 0, 0, 0, 0, 0, 0, 0, 35, 0, 0, 0]",1,train
SYN-0208,514.2472229637956,6189.359394104474,8.571115867319165,67.0,111.58679963002922,19.107477205241082,703.7105654793464,0.6933545163889336,96.32285036375465,116.56217528754132,0.443656211894863,1.0,0.0,0.0,10.0,"[0, 0, 0, 0, 0, 0, 0, 0, 0, 0, 0, 0, 0, 0, 0, 0, 10, 0, 0, 0, 0, 0, 0, 0, 0, 0, 0, 0, 0, 0]",0,train
SYN-0209,152.07758726334595,1303.8956998414433,7.355913297606171,43.0,52.4816384455381,12.747999692298224,855.8717768495709,0.016015545731980437,313.4107761054163,34.58722285791618,0.5725292126885274,0.0,0.0,0.0,0.0,"[0, 0, 0, 0, 0, 0, 0, 0, 0, 0, 0, 0, 0, 0, 0, 0, 0, 0, 0, 0, 0, 0, 0, 0, 0, 0, 0, 0, 0, 0]",0,validation
SYN-0210,302.8098464864041,6270.209793852619,5.471323914209156,28.0,25.957075133929948,0.44730551113880246,835.4302082016648,0.4840822997569405,468.20221171936754,239.04387223487754,0.8751397962902959,4.0,1.0,0.0,35.0,"[0, 0, 0, 0, 0, 3, 35, 0, 0, 0, 0, 0, 0, 0, 0, 0, 10, 0, 0, 0, 0, 0, 0, 0, 0, 0, 0, 0, 10, 0]",0,train
SYN-0211,321.18933540588074,1495.6754424375486,5.748358109541538,96.0,67.66653157281445,8.937005927201955,731.5332346218819,0.5421303961283459,187.44595186498765,19.472562996831897,0.2713013321551613,0.0,0.0,0.0,0.0,"[0, 0, 0, 0, 0, 0, 0, 0, 0, 0, 0, 0, 0, 0, 0, 0, 0, 0, 0, 0, 0, 0, 0, 0, 0, 0, 0, 0, 0, 0]",0,test
SYN-0212,262.76933279245833,1629.7981046328707,5.717511686830754,63.0,59.31963982622939,1.5888428141658717,856.5883197607614,0.3206699711602638,385.4104633189838,30.00754673561207,0.3399452501270164,1.0,0.0,0.0,10.0,"[0, 0, 0, 0, 0, 0, 0, 0, 10, 0, 0, 0, 0, 0, 0, 0, 0, 0, 0, 0, 0, 0, 0, 0, 0, 0, 0, 0, 0, 0]",0,train
SYN-0213,409.16363930723685,1365.850328962269,10.527792648888312,112.0,40.86162856183615,0.12306835464907406,810.3439073443235,0.19670924344849527,439.3887017799404,19.201593413485593,0.1467951113080722,0.0,0.0,0.0,0.0,"[0, 0, 0, 0, 0, 0, 0, 0, 0, 0, 0, 0, 0, 0, 0, 0, 0, 0, 0, 0, 0, 0, 0, 0, 0, 0, 0, 0, 0, 0]",0,test
SYN-0214,203.7643003823926,3694.698469459399,9.343346845297175,119.0,63.958692535166804,13.769398965307778,763.1508810394217,0.5292637679983704,73.98115128104202,47.73409373887658,0.5481469819023059,2.0,0.0,0.0,35.0,"[0, 0, 0, 0, 0, 0, 0, 0, 0, 0, 0, 0, 10, 0, 0, 35, 0, 0, 0, 0, 0, 0, 0, 0, 0, 0, 0, 0, 0, 0]",0,validation
SYN-0215,182.43478360929538,1976.2587066383237,5.424473145507615,74.0,21.328862495712585,12.388203302078416,748.5541249637967,0.7228988384799314,132.35312215161073,31.481254963203494,0.2894739501651993,1.0,0.0,0.0,3.0,"[0, 0, 0, 0, 0, 0, 3, 0, 0, 0, 0, 0, 0, 0, 0, 0, 0, 0, 0, 0, 0, 0, 0, 0, 0, 0, 0, 0, 0, 0]",0,validation
SYN-0216,193.74804679868112,1928.367201831121,11.652123499588123,20.0,32.11196554536335,10.060162527965439,782.2631845182065,0.3475183795390166,161.83844610008677,106.54942529316644,0.7156789094375204,3.0,1.0,0.0,10.0,"[0, 0, 0, 0, 0, 0, 0, 0, 0, 0, 3, 0, 0, 0, 0, 0, 3, 0, 0, 0, 0, 0, 0, 0, 10, 0, 0, 0, 0, 0]",0,train
SYN-0217,273.50767900779607,3706.097118806813,9.829535351271758,40.0,25.553803085863127,0.5309228625088847,696.9749166637624,0.514721313017576,71.56269399031095,109.03427787425832,0.49208154391996123,5.0,2.0,1.0,35.0,"[0, 0, 10, 0, 0, 0, 0, 0, 3, 0, 0, 0, 0, 0, 10, 0, 0, 0, 0, 0, 0, 0, 0, 0, 0, 0, 0, 35, 0, 35]",1,validation
SYN-0218,289.10670885610614,6585.001340061339,15.08222827578251,25.0,74.34331356834547,14.280769615483349,757.6229119796367,0.5956979422737028,922.8598608125066,308.5838786150776,1.3245185270813384,20.0,4.0,0.0,65.0,"[0, 0, 35, 10, 3, 0, 65, 3, 0, 10, 10, 3, 0, 10, 10, 3, 10, 35, 0, 0, 3, 0, 10, 35, 35, 65, 10, 10, 0, 0]",0,train
SYN-0219,396.59357859133735,4603.60587963547,7.616527107396145,112.0,23.258171561547208,17.885166971019633,769.961605815512,0.23466347169139026,322.8696868715598,57.55493478582376,0.2037680656212625,0.0,0.0,0.0,0.0,"[0, 0, 0, 0, 0, 0, 0, 0, 0, 0, 0, 0, 0, 0, 0, 0, 0, 0, 0, 0, 0, 0, 0, 0, 0, 0, 0, 0, 0, 0]",0,train
SYN-0220,434.5998839876671,2583.1354650981116,5.26070596898507,32.0,94.62638801919488,5.320889949171066,779.5901967789354,0.4535294270439468,1711.7012310420737,86.69398099939247,0.4172121891862557,1.0,0.0,0.0,3.0,"[0, 0, 0, 0, 0, 0, 0, 0, 0, 3, 0, 0, 0, 0, 0, 0, 0, 0, 0, 0, 0, 0, 0, 0, 0, 0, 0, 0, 0, 0]",0,test
SYN-0221,235.38279221295696,4918.266869375808,10.893269440050474,42.0,76.82324804878348,13.858088104562258,770.5793549196122,0.3112457168889624,750.336938697201,141.36437267088775,0.9269480520150819,3.0,0.0,0.0,10.0,"[0, 0, 0, 10, 0, 0, 0, 0, 0, 0, 0, 0, 3, 3, 0, 0, 0, 0, 0, 0, 0, 0, 0, 0, 0, 0, 0, 0, 0, 0]",0,train
SYN-0222,227.63730369150196,3839.135576304213,6.583268462889456,17.0,11.085444839627165,5.071838295380717,885.853163305525,0.1389475865821675,527.519329325867,237.14447925044996,1.0904624157140899,10.0,2.0,1.0,35.0,"[3, 3, 10, 0, 0, 0, 3, 10, 3, 0, 0, 0, 0, 35, 0, 0, 0, 0, 0, 0, 0, 0, 3, 0, 0, 0, 0, 0, 10, 10]",0,train
SYN-0223,1005.4620880151116,8464.937752099984,7.431639041833254,114.0,125.37880192059349,15.199015480738296,797.2970664124042,0.47309307866682976,1312.126458955662,103.7450295593645,0.22787913558458742,3.0,0.0,0.0,35.0,"[0, 0, 0, 0, 0, 0, 0, 0, 0, 35, 0, 0, 0, 0, 0, 10, 0, 0, 0, 10, 0, 0, 0, 0, 0, 0, 0, 0, 0, 0]",0,test
SYN-0224,237.5928654570828,781.266007633276,10.783236172354291,47.0,22.08870653934883,18.40090097230116,772.0524018415064,0.6366281482361079,69.78851238247915,20.452758056279798,0.17905194465240806,0.0,0.0,0.0,0.0,"[0, 0, 0, 0, 0, 0, 0, 0, 0, 0, 0, 0, 0, 0, 0, 0, 0, 0, 0, 0, 0, 0, 0, 0, 0, 0, 0, 0, 0, 0]",0,train
SYN-0225,128.49896906885172,2052.4059572375586,3.028871026345974,84.0,14.142570353096625,0.7124580470142639,749.9190951743387,0.7586256904212832,211.27035458206964,27.14576982155618,0.32131261809991546,2.0,0.0,0.0,35.0,"[0, 0, 0, 0, 0, 0, 0, 0, 0, 10, 0, 0, 0, 0, 35, 0, 0, 0, 0, 0, 0, 0, 0, 0, 0, 0, 0, 0, 0, 0]",0,test
SYN-0226,118.59196992483984,2674.903907750483,4.497839987918882,18.0,14.113129230294494,10.393551479087046,977.0372993243154,0.0968421876665032,220.88314260338066,153.953398444778,1.4171830334008972,1.0,0.0,0.0,10.0,"[0, 0, 0, 0, 0, 0, 10, 0, 0, 0, 0, 0, 0, 0, 0, 0, 0, 0, 0, 0, 0, 0, 0, 0, 0, 0, 0, 0, 0, 0]",0,train
SYN-0227,498.88037978107593,9428.166709850471,6.71609325773908,39.0,49.75916393095477,12.925299545546727,732.73653846791,0.5743442663529443,731.4190202688262,269.7636260806914,0.640479768219914,3.0,0.0,0.0,65.0,"[0, 0, 65, 0, 0, 0, 0, 0, 0, 0, 0, 0, 0, 0, 3, 0, 0, 0, 0, 3, 0, 0, 0, 0, 0, 0, 0, 0, 0, 0]",0,train
SYN-0228,342.8076130861619,1930.5024771014516,12.310656647593929,117.0,11.241313863759933,18.087068977101907,905.5149303394957,0.21409893250068426,1179.221390620431,28.41246759488577,0.11567357300398999,0.0,0.0,0.0,0.0,"[0, 0, 0, 0, 0, 0, 0, 0, 0, 0, 0, 0, 0, 0, 0, 0, 0, 0, 0, 0, 0, 0, 0, 0, 0, 0, 0, 0, 0, 0]",0,train
SYN-0229,236.42801427973023,5195.462334626249,14.343690647469138,110.0,62.55980290254937,7.908819999659762,880.3633708241481,0.038375517962794516,185.168353926846,85.14312884488064,0.6247268632585773,0.0,0.0,0.0,0.0,"[0, 0, 0, 0, 0, 0, 0, 0, 0, 0, 0, 0, 0, 0, 0, 0, 0, 0, 0, 0, 0, 0, 0, 0, 0, 0, 0, 0, 0, 0]",0,validation
SYN-0230,532.9144019016453,11469.48828548719,13.190284007807609,109.0,167.69724998044074,12.718872930340554,641.1815360682401,0.7149893227858239,441.9429122128759,181.0697928494074,0.6544522752346569,6.0,2.0,1.0,35.0,"[0, 0, 0, 0, 0, 0, 35, 10, 3, 0, 0, 0, 35, 0, 0, 0, 0, 0, 0, 0, 0, 0, 0, 0, 0, 10, 0, 0, 0, 3]",0,validation
SYN-0231,433.66556280985264,5452.92510961672,9.560018557146883,68.0,135.55425402181254,15.98608930411226,1000.0,0.059418659342624414,530.7442862041947,104.17390935901832,0.5527950198017991,0.0,0.0,0.0,0.0,"[0, 0, 0, 0, 0, 0, 0, 0, 0, 0, 0, 0, 0, 0, 0, 0, 0, 0, 0, 0, 0, 0, 0, 0, 0, 0, 0, 0, 0, 0]",0,train
SYN-0232,207.2506784735302,2645.357616945579,6.9287927587597355,48.0,26.108082815099785,14.879528040093204,799.9691406722189,0.2623734431309403,297.7958551123652,63.259023768926944,0.4312029627224626,0.0,0.0,0.0,0.0,"[0, 0, 0, 0, 0, 0, 0, 0, 0, 0, 0, 0, 0, 0, 0, 0, 0, 0, 0, 0, 0, 0, 0, 0, 0, 0, 0, 0, 0, 0]",0,test
SYN-0233,312.76079476994454,4636.238581504506,12.210471723226492,63.0,84.86896361757132,11.654361432103473,820.0300755840175,0.21593571854487942,254.52399198074536,100.0432244313412,0.5912255984159626,1.0,0.0,0.0,3.0,"[0, 3, 0, 0, 0, 0, 0, 0, 0, 0, 0, 0, 0, 0, 0, 0, 0, 0, 0, 0, 0, 0, 0, 0, 0, 0, 0, 0, 0, 0]",0,train
SYN-0234,404.9470533929336,8890.815039411342,9.270332955361535,117.0,61.83302141195969,7.345150533603883,903.9748735632368,0.3957329600515673,695.9819464007855,115.71020856974812,0.4384356633641972,1.0,0.0,0.0,3.0,"[0, 0, 0, 0, 0, 0, 0, 0, 0, 0, 0, 0, 3, 0, 0, 0, 0, 0, 0, 0, 0, 0, 0, 0, 0, 0, 0, 0, 0, 0]",0,train
SYN-0235,158.306010375439,689.173806649875,4.382509760725162,56.0,12.503883477540036,10.714869482346622,940.138215453974,0.34519123969889615,264.0498544437007,13.63038525594014,0.1650870277856164,0.0,0.0,0.0,0.0,"[0, 0, 0, 0, 0, 0, 0, 0, 0, 0, 0, 0, 0, 0, 0, 0, 0, 0, 0, 0, 0, 0, 0, 0, 0, 0, 0, 0, 0, 0]",0,test
SYN-0236,394.6900567651593,4786.706211751413,12.171876994350132,74.0,60.709184713414125,7.11727714596897,791.4572650443948,0.42872829250370204,44.15659506555351,92.28300504260136,0.3876261566098836,1.0,1.0,0.0,3.0,"[0, 0, 0, 0, 0, 0, 0, 0, 0, 0, 0, 0, 0, 0, 0, 0, 0, 0, 0, 0, 0, 0, 0, 0, 0, 0, 0, 3, 0, 0]",0,test
SYN-0237,631.6048805063213,2947.1935230014633,3.228248006517716,17.0,220.94704733556577,12.816997932063671,791.9310246473763,0.35869814277684364,743.372723799174,177.59186835810428,0.6309940407271463,2.0,0.0,0.0,35.0,"[0, 0, 0, 0, 0, 0, 0, 0, 0, 0, 0, 0, 0, 0, 35, 0, 0, 0, 0, 3, 0, 0, 0, 0, 0, 0, 0, 0, 0, 0]",0,train
SYN-0238,225.98382467428905,725.5828054015268,14.602390577097463,26.0,36.86096189726433,5.668953263307235,756.1683140979352,0.2772713099142108,382.7227078572169,32.722173695367786,0.30791201845053484,3.0,0.0,0.0,10.0,"[0, 0, 0, 0, 0, 0, 0, 3, 0, 0, 0, 0, 0, 0, 0, 0, 0, 0, 10, 0, 0, 10, 0, 0, 0, 0, 0, 0, 0, 0]",0,train
SYN-0239,225.06908761930896,3155.624363337695,13.265247906717484,35.0,12.592586512761859,15.433110820101238,855.6512588120969,0.2785285242290683,102.80285094369803,109.21563079098502,0.5412036748013048,0.0,0.0,0.0,0.0,"[0, 0, 0, 0, 0, 0, 0, 0, 0, 0, 0, 0, 0, 0, 0, 0, 0, 0, 0, 0, 0, 0, 0, 0, 0, 0, 0, 0, 0, 0]",0,validation
SYN-0240,495.67624395439066,7169.916465037633,13.663120737427992,47.0,70.61553448725931,17.67626083791852,733.5778926670653,0.7461763666530414,339.20876083127223,197.83936346153482,0.5415932299016853,3.0,0.0,0.0,10.0,"[0, 3, 0, 3, 0, 0, 0, 0, 0, 0, 0, 0, 0, 10, 0, 0, 0, 0, 0, 0, 0, 0, 0, 0, 0, 0, 0, 0, 0, 0]",0,validation
SYN-0241,239.55510146895247,4468.5370908801815,10.350313504549367,74.0,44.97828052028573,10.48809644754748,797.7136729094465,0.5582759105660238,717.2754778262429,81.9444644386454,0.5298269340984205,0.0,0.0,0.0,0.0,"[0, 0, 0, 0, 0, 0, 0, 0, 0, 0, 0, 0, 0, 0, 0, 0, 0, 0, 0, 0, 0, 0, 0, 0, 0, 0, 0, 0, 0, 0]",0,train
SYN-0242,344.1950910798933,3664.386485385471,11.606767118607358,44.0,23.991729219947413,17.548752668116997,826.3632223151374,0.28298900131013416,108.09028965930949,102.65238908072695,0.3679428370211073,0.0,0.0,0.0,0.0,"[0, 0, 0, 0, 0, 0, 0, 0, 0, 0, 0, 0, 0, 0, 0, 0, 0, 0, 0, 0, 0, 0, 0, 0, 0, 0, 0, 0, 0, 0]",0,train
SYN-0243,128.75568158959467,501.5582669793345,6.964549571968135,91.0,14.18377320293164,14.072407847553945,895.3230708753405,0.32253976868947554,1376.545591138306,7.1102373905992104,0.16538307537685945,0.0,0.0,0.0,0.0,"[0, 0, 0, 0, 0, 0, 0, 0, 0, 0, 0, 0, 0, 0, 0, 0, 0, 0, 0, 0, 0, 0, 0, 0, 0, 0, 0, 0, 0, 0]",0,train
SYN-0244,196.21232696376103,3618.262547726291,3.006212873853501,93.0,36.157033028652194,12.154120800706403,787.3708652386662,0.10503212714537216,195.79069274109656,43.6625644010205,0.40680215491463373,1.0,0.0,0.0,35.0,"[0, 0, 0, 0, 0, 0, 0, 0, 0, 0, 0, 0, 0, 0, 0, 0, 0, 0, 0, 35, 0, 0, 0, 0, 0, 0, 0, 0, 0, 0]",0,validation
SYN-0245,431.7377696754241,5452.954383090597,7.467203038802566,100.0,144.1697699613157,4.606834414813894,826.4161537450664,0.09962973438471596,537.6092701796912,73.40795343417962,0.5039580474024034,3.0,1.0,0.0,3.0,"[0, 0, 0, 3, 0, 0, 0, 0, 0, 0, 0, 0, 3, 0, 0, 0, 0, 0, 0, 0, 0, 0, 0, 0, 0, 3, 0, 0, 0, 0]",1,train
SYN-0246,534.5498051089144,8681.794196691008,13.00352356344657,65.0,17.458384881957233,14.947424338908304,844.0132329819419,0.8289488429988895,85.69535284112571,186.77552263984222,0.3820671255883946,0.0,0.0,0.0,0.0,"[0, 0, 0, 0, 0, 0, 0, 0, 0, 0, 0, 0, 0, 0, 0, 0, 0, 0, 0, 0, 0, 0, 0, 0, 0, 0, 0, 0, 0, 0]",0,train
SYN-0247,237.88737683357357,1029.2301486904798,9.233367766620066,81.0,22.98991152927758,6.83231362214852,718.9298657957085,0.7039786711184245,226.42848016463142,17.122191235051616,0.16861803807434345,0.0,0.0,0.0,0.0,"[0, 0, 0, 0, 0, 0, 0, 0, 0, 0, 0, 0, 0, 0, 0, 0, 0, 0, 0, 0, 0, 0, 0, 0, 0, 0, 0, 0, 0, 0]",1,train
SYN-0248,471.96143851214714,1759.3806028141755,5.316571692966394,15.0,151.71059926572806,6.412740835129216,909.5127943065512,0.20121579403586548,367.7980253308817,121.49219605243863,0.5788667739030444,2.0,1.0,0.0,10.0,"[0, 0, 0, 0, 0, 0, 0, 0, 0, 0, 0, 0, 0, 0, 0, 0, 0, 0, 0, 0, 0, 3, 0, 0, 10, 0, 0, 0, 0, 0]",0,validation
SYN-0249,417.2903256029534,5946.999756218566,5.615888354085624,73.0,134.33949384931134,11.148892097049806,824.6990765340706,0.24519276001768237,814.1986211529063,96.36090036917395,0.5528534453444144,1.0,0.0,0.0,3.0,"[0, 0, 0, 0, 0, 0, 0, 0, 0, 0, 0, 0, 0, 0, 3, 0, 0, 0, 0, 0, 0, 0, 0, 0, 0, 0, 0, 0, 0, 0]",0,train
SYN-0250,396.79298771662036,2663.3172759594127,14.275046379164397,33.0,125.27427399495399,7.823546854038992,829.6133385578479,0.2518835304235547,191.19681232711903,98.05464377670245,0.5628348400429707,1.0,0.0,0.0,10.0,"[0, 0, 0, 0, 0, 0, 0, 10, 0, 0, 0, 0, 0, 0, 0, 0, 0, 0, 0, 0, 0, 0, 0, 0, 0, 0, 0, 0, 0, 0]",0,train
SYN-0251,692.5554983570272,3437.312241119403,12.060818128183799,89.0,180.71216314630396,3.22199683547703,774.1890529851188,0.2770803895160893,5030.743970240046,58.61809966180004,0.3455755724644094,0.0,0.0,0.0,0.0,"[0, 0, 0, 0, 0, 0, 0, 0, 0, 0, 0, 0, 0, 0, 0, 0, 0, 0, 0, 0, 0, 0, 0, 0, 0, 0, 0, 0, 0, 0]",0,train
SYN-0252,386.1500039082319,5560.237183164013,7.012026739965746,53.0,84.52445554776034,0.017159833267266222,762.1940221172459,0.28072465999014073,74.8205397217987,122.29632534112244,0.5355969928671385,1.0,0.0,0.0,3.0,"[0, 0, 0, 0, 0, 0, 0, 0, 0, 0, 0, 0, 0, 0, 0, 3, 0, 0, 0, 0, 0, 0, 0, 0, 0, 0, 0, 0, 0, 0]",0,train
SYN-0253,494.8748321176788,5024.48362654636,8.025770358844879,68.0,173.16762759893138,17.720169405994564,821.274775136184,0.5757595122275827,1712.4761800760493,92.20353769242158,0.5362389599725067,2.0,1.0,0.0,10.0,"[0, 0, 0, 0, 0, 0, 0, 0, 10, 0, 0, 0, 0, 0, 0, 0, 0, 0, 0, 0, 0, 0, 0, 0, 10, 0, 0, 0, 0, 0]",0,train
SYN-0254,337.88892465380866,2245.092192981438,6.9326794359263,96.0,41.82629836183747,18.689108004701318,807.4971335927465,0.17776372513175576,1129.0123068671821,30.533791993308075,0.21415348380916488,0.0,0.0,0.0,0.0,"[0, 0, 0, 0, 0, 0, 0, 0, 0, 0, 0, 0, 0, 0, 0, 0, 0, 0, 0, 0, 0, 0, 0, 0, 0, 0, 0, 0, 0, 0]",0,test
SYN-0255,437.9782065237537,3759.15597174784,4.178409769168299,68.0,112.50061412604502,15.516824146354898,738.304961360217,0.6894150666427018,817.6298893083923,62.18018501770395,0.39883445464146666,1.0,1.0,0.0,3.0,"[0, 0, 0, 0, 0, 0, 0, 0, 0, 0, 0, 0, 0, 0, 0, 0, 0, 0, 0, 0, 0, 0, 0, 0, 0, 0, 0, 0, 3, 0]",0,train
SYN-0256,1029.6093341975572,6696.6840925888555,4.98045304350414,58.0,84.10302809978455,13.548177086444737,789.9320340677973,0.34723516071728694,2654.222393906989,130.15224935973805,0.20809375978171948,0.0,0.0,0.0,0.0,"[0, 0, 0, 0, 0, 0, 0, 0, 0, 0, 0, 0, 0, 0, 0, 0, 0, 0, 0, 0, 0, 0, 0, 0, 0, 0, 0, 0, 0, 0]",0,train
SYN-0257,337.6980991193561,1238.473889757317,5.996350437305793,90.0,102.5223613601816,10.22052493484326,908.0054972989934,0.28583931999580603,106.03938059461444,17.120056603426967,0.3542881001569456,0.0,0.0,0.0,0.0,"[0, 0, 0, 0, 0, 0, 0, 0, 0, 0, 0, 0, 0, 0, 0, 0, 0, 0, 0, 0, 0, 0, 0, 0, 0, 0, 0, 0, 0, 0]",0,train
SYN-0258,166.09236672353381,2744.40864057946,4.893327576101404,23.0,44.897353887118435,11.017063163861485,864.3851407257274,0.2082580969293116,57.03355686120295,125.24804759720745,1.024402293981026,6.0,4.0,0.0,35.0,"[0, 0, 0, 0, 0, 0, 0, 3, 0, 0, 0, 0, 0, 0, 0, 0, 0, 0, 3, 0, 0, 0, 0, 0, 0, 10, 3, 35, 3, 0]",1,test
SYN-0259,208.89452994151404,4367.055439382585,4.495696755008067,106.0,18.999556566657358,3.642828106700944,758.9940041514024,0.4429018832669535,6.830817170886619,49.995172034180236,0.33028499415544593,2.0,0.0,0.0,35.0,"[0, 0, 0, 0, 0, 0, 0, 0, 0, 0, 0, 0, 0, 0, 0, 0, 0, 0, 35, 0, 0, 10, 0, 0, 0, 0, 0, 0, 0, 0]",0,train
SYN-0260,120.52478426050656,1143.704617849646,5.951803258397774,112.0,35.7964774684286,13.989674902858981,748.4377564929014,0.7283308532774484,106.56806655913776,13.333859654642142,0.4076367978960964,3.0,0.0,0.0,3.0,"[3, 0, 0, 0, 0, 0, 0, 3, 0, 0, 0, 0, 0, 0, 0, 0, 0, 3, 0, 0, 0, 0, 0, 0, 0, 0, 0, 0, 0, 0]",0,train
SYN-0261,266.9179766186234,1106.023055628561,15.690739711810728,79.0,69.30872221976983,3.376587519147405,781.9562047843813,0.246586231883425,166.3429377824883,22.53824157798418,0.34410182843917775,0.0,0.0,0.0,0.0,"[0, 0, 0, 0, 0, 0, 0, 0, 0, 0, 0, 0, 0, 0, 0, 0, 0, 0, 0, 0, 0, 0, 0, 0, 0, 0, 0, 0, 0, 0]",0,train
SYN-0262,234.42434380784957,5424.532039837835,5.642837590397106,114.0,7.448606557234412,14.462404459092404,831.9239115443339,0.37024441472171415,265.72741323142844,61.5809258677793,0.29446401045104387,0.0,0.0,0.0,0.0,"[0, 0, 0, 0, 0, 0, 0, 0, 0, 0, 0, 0, 0, 0, 0, 0, 0, 0, 0, 0, 0, 0, 0, 0, 0, 0, 0, 0, 0, 0]",0,train
SYN-0263,281.17550521282476,1260.4160168116196,4.834771585039701,53.0,27.577233749333075,4.267982571551547,602.8186561343288,0.8691869040786181,47.685523665577435,26.45851752239655,0.19217801789252367,2.0,0.0,0.0,10.0,"[0, 0, 0, 0, 0, 0, 0, 0, 0, 0, 0, 10, 0, 0, 3, 0, 0, 0, 0, 0, 0, 0, 0, 0, 0, 0, 0, 0, 0, 0]",0,train
SYN-0264,718.4812751748118,9821.79612834088,7.62519492726821,75.0,98.36552185510263,6.746404917157518,684.2331514324621,0.23645607685032877,2910.975880098047,165.0399141243475,0.36661419730856815,0.0,0.0,0.0,0.0,"[0, 0, 0, 0, 0, 0, 0, 0, 0, 0, 0, 0, 0, 0, 0, 0, 0, 0, 0, 0, 0, 0, 0, 0, 0, 0, 0, 0, 0, 0]",0,test
SYN-0265,300.8909545242093,1920.3355369362255,6.94277970103715,81.0,19.885384893439376,10.770935130406238,792.0781441308227,0.32637138871882093,425.6518148066717,29.762636031995395,0.1650033680937396,0.0,0.0,0.0,0.0,"[0, 0, 0, 0, 0, 0, 0, 0, 0, 0, 0, 0, 0, 0, 0, 0, 0, 0, 0, 0, 0, 0, 0, 0, 0, 0, 0, 0, 0, 0]",0,train
SYN-0266,385.61454322235454,2768.0219056046562,15.775424026116895,18.0,36.137765260761924,19.54559281354028,891.5210113631776,0.42210178032268986,885.4197942955676,173.69429662746333,0.5441497619223119,1.0,0.0,0.0,10.0,"[0, 0, 0, 0, 0, 0, 0, 10, 0, 0, 0, 0, 0, 0, 0, 0, 0, 0, 0, 0, 0, 0, 0, 0, 0, 0, 0, 0, 0, 0]",0,train
SYN-0267,552.9707142713921,3268.2629468913574,13.916633967193269,46.0,17.985666646042546,12.973910619663926,800.9432893589944,0.407716943200766,819.7982152818528,92.07922957891837,0.199042902968171,1.0,0.0,0.0,10.0,"[0, 0, 0, 0, 0, 0, 0, 0, 0, 0, 0, 0, 0, 0, 0, 0, 0, 10, 0, 0, 0, 0, 0, 0, 0, 0, 0, 0, 0, 0]",0,train
SYN-0268,371.4780087963621,3421.845633260347,14.297217855198152,81.0,20.43649156961625,11.084727468894853,784.360746961905,0.5520347621098318,246.68642251225612,66.0911215519101,0.23292795555216655,1.0,0.0,0.0,10.0,"[0, 0, 0, 0, 0, 0, 0, 0, 0, 0, 0, 0, 0, 0, 0, 0, 0, 0, 10, 0, 0, 0, 0, 0, 0, 0, 0, 0, 0, 0]",0,train
SYN-0269,621.663684202347,9973.292852534201,12.254192430136538,70.0,168.7877058765714,5.3281915718647195,818.2250053821872,0.1639114739104695,1875.7261829372335,200.11040807717984,0.5934046387591102,1.0,0.0,0.0,3.0,"[0, 0, 0, 0, 3, 0, 0, 0, 0, 0, 0, 0, 0, 0, 0, 0, 0, 0, 0, 0, 0, 0, 0, 0, 0, 0, 0, 0, 0, 0]",0,test
SYN-0270,478.90465040301075,8795.156306446046,5.364302807205176,102.0,68.9031868789739,5.381352587064421,919.641984223594,0.40910781660435264,245.16151394319252,107.56336299835074,0.36847950782859057,0.0,0.0,0.0,0.0,"[0, 0, 0, 0, 0, 0, 0, 0, 0, 0, 0, 0, 0, 0, 0, 0, 0, 0, 0, 0, 0, 0, 0, 0, 0, 0, 0, 0, 0, 0]",0,validation
SYN-0271,1142.2097348288548,16939.0788657684,15.96677572080805,36.0,323.48555769379067,14.526965399877378,774.0482360163072,0.3180050361883204,2225.2251885712717,595.2499425814414,0.8043492121111123,2.0,1.0,0.0,35.0,"[0, 0, 0, 0, 0, 0, 0, 0, 0, 0, 0, 0, 0, 0, 0, 0, 0, 35, 0, 0, 0, 0, 0, 0, 0, 0, 10, 0, 0, 0]",0,train
SYN-0272,410.2055672942774,9509.090261289384,5.655974773633611,47.0,99.26199409528887,6.662703333291907,732.5210713653946,0.7110903490914554,197.10862513521502,226.03192378908966,0.7930022013841073,8.0,2.0,0.0,65.0,"[0, 10, 0, 65, 0, 0, 0, 0, 0, 0, 35, 10, 0, 0, 0, 0, 0, 0, 0, 35, 0, 0, 0, 35, 0, 3, 3, 0, 0, 0]",1,train
SYN-0273,201.50263411212592,4030.2124572071107,12.564029285468136,89.0,11.351621252507027,19.61964043366758,681.4539322362198,0.5566161489018961,62.58725010867372,69.83202659623153,0.4028912485757581,0.0,0.0,0.0,0.0,"[0, 0, 0, 0, 0, 0, 0, 0, 0, 0, 0, 0, 0, 0, 0, 0, 0, 0, 0, 0, 0, 0, 0, 0, 0, 0, 0, 0, 0, 0]",0,test
SYN-0274,215.8763103063889,1453.869708413394,11.081482714952172,90.0,48.889709099206335,12.711167302618655,813.8253776667599,0.4784227637629242,256.7640076914016,23.856720607063394,0.33698199493507275,1.0,0.0,0.0,3.0,"[0, 0, 0, 0, 0, 0, 0, 0, 0, 3, 0, 0, 0, 0, 0, 0, 0, 0, 0, 0, 0, 0, 0, 0, 0, 0, 0, 0, 0, 0]",0,train
SYN-0275,324.7605934632963,5242.059481952904,9.399693582172173,45.0,78.7363045968348,16.119554976570335,694.5770244011132,0.46513749994933024,305.8131342603186,138.6755665616652,0.6694527462214143,7.0,1.0,0.0,35.0,"[0, 0, 0, 3, 3, 0, 10, 35, 3, 0, 0, 0, 0, 0, 0, 0, 0, 0, 10, 0, 0, 0, 0, 0, 10, 0, 0, 0, 0, 0]",0,train
SYN-0276,355.31007269686813,3655.1520999079185,10.931528186769519,108.0,62.97596277264445,12.746833297370355,842.7930068782266,0.31270282866967414,38.257984727169124,53.32148872090673,0.3273125656439525,1.0,1.0,1.0,10.0,"[0, 0, 0, 0, 0, 0, 0, 0, 0, 0, 0, 0, 0, 0, 0, 0, 0, 0, 0, 0, 0, 0, 0, 0, 0, 0, 0, 0, 0, 10]",0,test
SYN-0277,261.80371094748386,1621.0542534937504,3.420852028902713,32.0,91.5627718287113,0.08794679032907204,838.4158847999435,0.35678827947944025,424.77473671990646,53.07576923044799,0.5524694074644835,1.0,0.0,0.0,3.0,"[0, 0, 0, 0, 0, 0, 0, 0, 0, 0, 3, 0, 0, 0, 0, 0, 0, 0, 0, 0, 0, 0, 0, 0, 0, 0, 0, 0, 0, 0]",0,test
SYN-0278,255.82638656008584,3138.3955863048377,12.282553438554846,58.0,24.37844024065661,1.4405263066141316,642.2216163711795,0.6411444103600096,301.16724779657886,72.02015464436853,0.3768125570674237,13.0,4.0,1.0,35.0,"[10, 10, 3, 0, 3, 0, 10, 3, 3, 0, 0, 0, 0, 0, 3, 0, 0, 0, 0, 0, 10, 0, 0, 0, 10, 35, 0, 35, 0, 10]",0,test
SYN-0279,340.64349278358463,5593.639014737536,14.207074584059002,41.0,93.15307153732222,1.3729583188056615,771.7386926040003,0.5099210110023474,1840.9467654832558,173.00124608755772,0.7813280548822088,2.0,0.0,0.0,35.0,"[0, 0, 0, 0, 0, 0, 0, 0, 0, 0, 0, 0, 0, 0, 3, 0, 0, 0, 0, 0, 0, 0, 35, 0, 0, 0, 0, 0, 0, 0]",0,validation
SYN-0280,247.2028605888428,4543.680485430235,8.345347267394242,13.0,44.17990094995928,14.246346285192788,842.5701312938314,0.150607224200975,77.15402055242504,366.7644415979692,1.6623769707561222,16.0,4.0,0.0,65.0,"[0, 0, 0, 0, 0, 0, 0, 3, 3, 10, 0, 0, 65, 3, 0, 35, 35, 65, 3, 35, 3, 0, 0, 3, 10, 10, 10, 0, 3, 0]",0,train
SYN-0281,348.53553658118875,3497.8807761919334,13.885721375315576,97.0,27.588026541092376,11.322444598376407,779.2980424712291,0.12548127959046843,76.85905230497417,60.19489603858336,0.25186218725569565,0.0,0.0,0.0,0.0,"[0, 0, 0, 0, 0, 0, 0, 0, 0, 0, 0, 0, 0, 0, 0, 0, 0, 0, 0, 0, 0, 0, 0, 0, 0, 0, 0, 0, 0, 0]",0,train
SYN-0282,610.8683395477834,10642.700663971711,15.337834721586184,15.0,25.013800175769898,6.817111991341567,835.9405631364008,0.49099568633413715,356.740579166562,784.2113674421407,1.3247128967544264,17.0,3.0,1.0,35.0,"[10, 0, 35, 0, 10, 3, 10, 0, 0, 10, 10, 0, 35, 10, 0, 0, 10, 10, 3, 3, 0, 0, 35, 0, 0, 10, 0, 0, 10, 35]",1,train
SYN-0283,696.7188224328048,8822.423072569745,12.367311380555867,66.0,196.98116905816335,19.47223102444283,825.1788913773792,0.1750655025001602,227.21435864666552,184.91191900714068,0.5481308610722022,1.0,0.0,0.0,3.0,"[0, 0, 0, 0, 0, 0, 0, 0, 0, 0, 0, 0, 0, 0, 0, 0, 0, 3, 0, 0, 0, 0, 0, 0, 0, 0, 0, 0, 0, 0]",0,test
SYN-0284,524.549815992826,4626.686494633285,7.131543245663167,83.0,133.04988077921234,15.6997293426002,836.4224675935495,0.3763805730854499,1195.641964426471,70.77915641842021,0.3885789890362295,0.0,0.0,0.0,0.0,"[0, 0, 0, 0, 0, 0, 0, 0, 0, 0, 0, 0, 0, 0, 0, 0, 0, 0, 0, 0, 0, 0, 0, 0, 0, 0, 0, 0, 0, 0]",0,train
SYN-0285,733.0236259843088,16423.94894073112,7.0914922845341914,45.0,241.78931855031306,2.8068890923549072,892.4516954550716,0.38244549969060376,406.27042407345607,416.72537529890155,0.8983539827450403,5.0,1.0,0.0,10.0,"[0, 0, 0, 0, 0, 0, 0, 0, 3, 0, 0, 0, 0, 0, 0, 0, 0, 0, 3, 0, 10, 10, 0, 0, 0, 0, 0, 0, 10, 0]",0,train
SYN-0286,367.4918035056355,4616.0802766526285,13.760137852554228,60.0,124.74944329378158,1.7397216808618077,902.8171502433048,0.09545515636209398,455.4488388843273,106.83495212468814,0.6301756752376612,1.0,0.0,0.0,35.0,"[0, 0, 0, 35, 0, 0, 0, 0, 0, 0, 0, 0, 0, 0, 0, 0, 0, 0, 0, 0, 0, 0, 0, 0, 0, 0, 0, 0, 0, 0]",0,train
SYN-0287,366.6617610975897,2196.323577580196,11.460168320526115,50.0,51.3091283305632,12.319735611575053,764.7860190623261,0.309578217450621,472.87674792888487,55.45107021864483,0.29116807334810413,0.0,0.0,0.0,0.0,"[0, 0, 0, 0, 0, 0, 0, 0, 0, 0, 0, 0, 0, 0, 0, 0, 0, 0, 0, 0, 0, 0, 0, 0, 0, 0, 0, 0, 0, 0]",0,train
SYN-0288,458.6989561987238,6806.8899916291375,7.02575438793837,78.0,80.25654894385619,15.140560175155805,800.1377618431479,0.5671798799097804,1143.6785892291618,108.95654124857218,0.41249950023966236,1.0,0.0,0.0,3.0,"[0, 0, 0, 0, 0, 0, 0, 0, 0, 0, 0, 0, 0, 0, 0, 0, 0, 0, 0, 0, 0, 3, 0, 0, 0, 0, 0, 0, 0, 0]",0,test
SYN-0289,773.5044474593838,10900.902232349881,6.274736439365738,32.0,76.82107217503344,13.384916788253596,858.1829917880125,0.20165864521965882,513.3343933373297,370.83553433223244,0.5787382451097957,1.0,0.0,0.0,3.0,"[0, 0, 0, 0, 0, 0, 0, 3, 0, 0, 0, 0, 0, 0, 0, 0, 0, 0, 0, 0, 0, 0, 0, 0, 0, 0, 0, 0, 0, 0]",0,train
SYN-0290,252.83308071273595,3359.0858257098175,6.538797534637883,99.0,84.17652356335383,6.631671715481242,890.4469589323934,0.5611785967185504,520.5192931046797,43.99100633217043,0.5069254764219153,1.0,0.0,0.0,3.0,"[0, 0, 0, 0, 0, 0, 3, 0, 0, 0, 0, 0, 0, 0, 0, 0, 0, 0, 0, 0, 0, 0, 0, 0, 0, 0, 0, 0, 0, 0]",0,train
SYN-0291,552.3374166855814,3574.0160756207897,12.497905541011919,20.0,29.513999937979833,10.086546356249269,755.4143161750502,0.24241816269391744,1218.6811314635695,198.88364724804248,0.41351108993587865,1.0,1.0,0.0,10.0,"[0, 0, 0, 0, 0, 0, 0, 0, 0, 0, 0, 0, 0, 0, 0, 0, 0, 0, 0, 0, 0, 0, 0, 0, 0, 0, 0, 10, 0, 0]",0,train
SYN-0292,581.7809430526664,6495.321503431542,12.384952374218122,63.0,103.49183968839353,8.940892501734947,708.1764607592963,0.5498630536462261,2092.367819679979,140.73867250473327,0.4197980616409045,2.0,0.0,0.0,65.0,"[0, 65, 0, 0, 0, 0, 0, 0, 0, 0, 65, 0, 0, 0, 0, 0, 0, 0, 0, 0, 0, 0, 0, 0, 0, 0, 0, 0, 0, 0]",0,train
SYN-0293,555.9387565664939,13046.750514763078,7.497076851099774,26.0,49.840735629275706,18.992804057453366,891.3275191649602,0.1134778650193882,524.5759972481761,545.2186260161174,1.0703685516018169,0.0,0.0,0.0,0.0,"[0, 0, 0, 0, 0, 0, 0, 0, 0, 0, 0, 0, 0, 0, 0, 0, 0, 0, 0, 0, 0, 0, 0, 0, 0, 0, 0, 0, 0, 0]",0,train
SYN-0294,191.1004475741146,736.2311733162094,14.707824677599627,67.0,53.37699675876317,14.395956668732303,811.3510530493778,0.12026641512016596,584.2981381445635,16.174590691659407,0.3639530327287608,0.0,0.0,0.0,0.0,"[0, 0, 0, 0, 0, 0, 0, 0, 0, 0, 0, 0, 0, 0, 0, 0, 0, 0, 0, 0, 0, 0, 0, 0, 0, 0, 0, 0, 0, 0]",0,test
SYN-0295,902.2154091601748,11470.533051856397,9.195335404123595,89.0,212.64660717758125,7.701323562336462,819.007524000999,0.45361288955895235,780.2509702385488,178.26207906675324,0.4332764462626625,2.0,0.0,0.0,10.0,"[0, 0, 0, 0, 0, 0, 0, 0, 0, 0, 0, 3, 0, 10, 0, 0, 0, 0, 0, 0, 0, 0, 0, 0, 0, 0, 0, 0, 0, 0]",0,train
SYN-0296,213.83255380619332,3603.3747974856947,9.441398773408181,112.0,32.251528286604795,8.743924415172053,810.4703366270903,0.328016043262496,88.08044263373338,48.522351260012144,0.3777436040904519,0.0,0.0,0.0,0.0,"[0, 0, 0, 0, 0, 0, 0, 0, 0, 0, 0, 0, 0, 0, 0, 0, 0, 0, 0, 0, 0, 0, 0, 0, 0, 0, 0, 0, 0, 0]",0,train
SYN-0297,466.55324198111026,8076.847921622594,3.876599740668312,95.0,118.80350393534523,0.30564262050952085,879.2305296666337,0.18172989605640752,208.71187009009194,98.86802165481339,0.46655238031541035,1.0,0.0,0.0,10.0,"[0, 0, 0, 0, 0, 0, 0, 0, 0, 0, 10, 0, 0, 0, 0, 0, 0, 0, 0, 0, 0, 0, 0, 0, 0, 0, 0, 0, 0, 0]",0,test
SYN-0298,369.25744774262074,6627.888935375103,13.564415527857898,68.0,123.99233247869964,2.989189611411087,771.8452563785369,0.6229670372308587,1315.8871426693827,140.20473062391824,0.7154820159152704,4.0,0.0,0.0,35.0,"[0, 10, 0, 0, 0, 0, 0, 35, 0, 0, 0, 3, 0, 0, 10, 0, 0, 0, 0, 0, 0, 0, 0, 0, 0, 0, 0, 0, 0, 0]",0,train
SYN-0299,118.73649139030543,1329.3997244372977,3.189519364724833,67.0,28.516154637823085,17.34319915592681,795.1955163281355,0.3444461607815765,105.09201442425133,21.68721166995369,0.42281328781015143,3.0,0.0,0.0,35.0,"[0, 0, 0, 0, 0, 0, 0, 0, 0, 0, 35, 0, 0, 0, 0, 35, 0, 0, 3, 0, 0, 0, 0, 0, 0, 0, 0, 0, 0, 0]",0,test
SYN-0300,232.8383035706932,818.615054749742,7.421061950429077,63.0,71.50208120576907,17.68202111812113,719.5951087294388,0.5002243605984953,68.65905583217875,15.728722168187241,0.3746411223421053,2.0,0.0,0.0,35.0,"[0, 0, 3, 35, 0, 0, 0, 0, 0, 0, 0, 0, 0, 0, 0, 0, 0, 0, 0, 0, 0, 0, 0, 0, 0, 0, 0, 0, 0, 0]",0,train
SYN-0301,437.5383359463467,8100.04974601759,7.607815768886299,44.0,80.69025008669861,17.430487563529084,699.9545116188419,0.7390119331382865,52.404342832083096,211.53997842148573,0.6678962835933516,8.0,3.0,0.0,35.0,"[0, 0, 0, 0, 0, 0, 0, 0, 0, 0, 0, 35, 0, 0, 10, 10, 0, 0, 0, 0, 35, 0, 0, 3, 0, 0, 3, 35, 3, 0]",0,test
SYN-0302,458.08364846045885,8255.356617676442,7.913474748636307,68.0,135.12490805622159,5.0501106809470535,902.7348620357733,0.23353780352781084,1249.4905631085537,151.04339173796342,0.6247075195893762,0.0,0.0,0.0,0.0,"[0, 0, 0, 0, 0, 0, 0, 0, 0, 0, 0, 0, 0, 0, 0, 0, 0, 0, 0, 0, 0, 0, 0, 0, 0, 0, 0, 0, 0, 0]",0,train
SYN-0303,545.7272456250386,8945.176077967642,11.475656542325716,80.0,20.064021263638416,15.42687693967936,905.8277167326601,0.38906622671304614,794.397043921398,160.4961113124519,0.330861495414782,0.0,0.0,0.0,0.0,"[0, 0, 0, 0, 0, 0, 0, 0, 0, 0, 0, 0, 0, 0, 0, 0, 0, 0, 0, 0, 0, 0, 0, 0, 0, 0, 0, 0, 0, 0]",0,train
SYN-0304,272.111007240776,3503.531967595776,5.866808121653696,96.0,66.4994289244046,5.572184450746763,754.0260340336049,0.46285267221580967,311.1855082628071,45.81454119525245,0.41275055815833506,4.0,0.0,0.0,10.0,"[0, 3, 0, 0, 0, 0, 0, 0, 0, 0, 0, 3, 0, 0, 3, 0, 0, 0, 0, 0, 10, 0, 0, 0, 0, 0, 0, 0, 0, 0]",0,train
SYN-0305,248.3325802825548,4718.617642117686,5.207432862145907,118.0,30.23177798653927,5.183756267587767,845.1024014961953,0.4668873095806487,287.33921146726607,51.18138865638202,0.3278392490839854,0.0,0.0,0.0,0.0,"[0, 0, 0, 0, 0, 0, 0, 0, 0, 0, 0, 0, 0, 0, 0, 0, 0, 0, 0, 0, 0, 0, 0, 0, 0, 0, 0, 0, 0, 0]",0,validation
SYN-0306,249.51435823674572,5606.348024214661,10.201954717336697,25.0,54.50690157980741,15.334175188703174,615.0088759160872,0.4599918535671091,273.04075716073277,249.8773834995138,1.2199068912519795,17.0,3.0,1.0,65.0,"[0, 0, 10, 3, 10, 65, 0, 10, 0, 3, 10, 10, 10, 35, 10, 35, 35, 0, 0, 0, 0, 0, 0, 35, 35, 3, 0, 0, 0, 10]",1,validation
SYN-0307,397.32151332678694,3032.6298547852216,14.41281530587524,47.0,63.22536547843052,16.882729591483514,898.6676469130023,0.09317968525765173,965.1416006507148,84.81709842399312,0.3726011779801675,0.0,0.0,0.0,0.0,"[0, 0, 0, 0, 0, 0, 0, 0, 0, 0, 0, 0, 0, 0, 0, 0, 0, 0, 0, 0, 0, 0, 0, 0, 0, 0, 0, 0, 0, 0]",0,test
SYN-0308,186.81244916971323,2816.552474356102,12.61812054767506,40.0,47.92761758476519,15.078010213947774,688.7516174057932,0.40826199360101456,57.79700049426825,86.62117887666031,0.7202346367141311,12.0,2.0,0.0,65.0,"[0, 35, 35, 0, 0, 0, 0, 3, 10, 10, 35, 0, 3, 0, 0, 0, 0, 0, 10, 0, 0, 65, 0, 10, 10, 0, 0, 0, 65, 0]",1,train
SYN-0309,370.740053931809,5065.141187475086,3.3742101442770216,55.0,38.911461000541415,8.415332565549676,843.1862418311827,0.08345637837895474,468.034494506171,99.5272992747968,0.37341193325931155,0.0,0.0,0.0,0.0,"[0, 0, 0, 0, 0, 0, 0, 0, 0, 0, 0, 0, 0, 0, 0, 0, 0, 0, 0, 0, 0, 0, 0, 0, 0, 0, 0, 0, 0, 0]",0,validation
SYN-0310,380.6320331813712,7998.8794036100635,14.158012531137262,113.0,8.595298335369101,6.721733490315542,807.884700312337,0.2647345457481091,118.69675063735217,128.52074302927818,0.36023253276560535,1.0,0.0,0.0,35.0,"[0, 0, 0, 0, 0, 0, 0, 0, 0, 0, 0, 0, 0, 0, 0, 0, 0, 0, 35, 0, 0, 0, 0, 0, 0, 0, 0, 0, 0, 0]",0,validation
SYN-0311,650.9214321068138,3744.7137271842466,13.057381912674185,46.0,45.8924491598427,7.466372814010247,799.208157119379,0.284669773133282,866.8017027616893,103.90579147012782,0.2301325985612795,0.0,0.0,0.0,0.0,"[0, 0, 0, 0, 0, 0, 0, 0, 0, 0, 0, 0, 0, 0, 0, 0, 0, 0, 0, 0, 0, 0, 0, 0, 0, 0, 0, 0, 0, 0]",0,train
SYN-0312,640.2531199714688,4112.099440662476,3.8277029784540124,59.0,47.19868556727225,14.823620005279095,841.2097665439661,0.3601892375459523,3152.968915144128,76.57124736795507,0.19331406450739796,0.0,0.0,0.0,0.0,"[0, 0, 0, 0, 0, 0, 0, 0, 0, 0, 0, 0, 0, 0, 0, 0, 0, 0, 0, 0, 0, 0, 0, 0, 0, 0, 0, 0, 0, 0]",0,validation
SYN-0313,250.18334553780718,3962.0336848265606,6.576168348525342,49.0,17.322095985370574,9.617669031558794,799.8723702114195,0.5272776045802243,44.470439293481434,92.41939604997313,0.4386442742598939,0.0,0.0,0.0,0.0,"[0, 0, 0, 0, 0, 0, 0, 0, 0, 0, 0, 0, 0, 0, 0, 0, 0, 0, 0, 0, 0, 0, 0, 0, 0, 0, 0, 0, 0, 0]",0,validation
SYN-0314,228.34457781398743,4007.3955224614074,13.058257502249381,94.0,16.61767143339866,15.442634625859972,788.7832772677759,0.2012804001340488,71.9398932004091,68.30228904966195,0.3718939214411194,2.0,0.0,0.0,10.0,"[0, 0, 0, 0, 0, 0, 0, 0, 0, 0, 0, 0, 0, 0, 3, 0, 0, 0, 0, 0, 10, 0, 0, 0, 0, 0, 0, 0, 0, 0]",0,train
SYN-0315,415.6565492488019,9887.57351488952,3.9269675914066298,28.0,65.56621290214994,4.74842688421006,744.4639871265513,0.36296781337208944,3667.2580422200754,370.1301513060823,1.0482124364349543,7.0,1.0,0.0,65.0,"[0, 0, 0, 0, 0, 0, 0, 0, 35, 65, 0, 0, 0, 0, 65, 0, 0, 0, 0, 0, 0, 10, 10, 10, 0, 10, 0, 0, 0, 0]",0,validation
SYN-0316,178.03449768698655,1654.1326464052465,8.049860894664908,37.0,53.01012549919477,19.54113972804733,799.7670411089969,0.17096490281384819,35.52899986333806,50.6327235955442,0.5821503722102211,1.0,0.0,0.0,3.0,"[0, 3, 0, 0, 0, 0, 0, 0, 0, 0, 0, 0, 0, 0, 0, 0, 0, 0, 0, 0, 0, 0, 0, 0, 0, 0, 0, 0, 0, 0]",0,validation
SYN-0317,350.9492490261568,8147.048845340398,14.886404096835848,32.0,45.00130995697947,4.143660069548243,785.1330807625973,0.38898912257489404,40.12422574854404,310.01887081902083,1.0115997733607918,21.0,4.0,1.0,65.0,"[0, 0, 35, 65, 0, 10, 3, 10, 3, 10, 10, 35, 0, 0, 10, 10, 35, 35, 0, 35, 3, 35, 0, 3, 3, 65, 0, 0, 35, 10]",1,test
SYN-0318,307.48079866297286,5238.360736426845,8.762511982576761,42.0,37.824823192872756,18.145748145578477,809.8549640858408,0.4028692670854431,115.19599682079111,145.27571982401813,0.5954861045407451,1.0,0.0,0.0,3.0,"[0, 0, 0, 0, 0, 0, 0, 0, 0, 0, 3, 0, 0, 0, 0, 0, 0, 0, 0, 0, 0, 0, 0, 0, 0, 0, 0, 0, 0, 0]",0,train
SYN-0319,233.28982034392024,4670.8620478851335,10.054563837651836,119.0,60.979672575320514,3.549245598709676,735.6640208485596,0.5372534525094068,18.12475672220599,62.169550915277775,0.5278808278434498,5.0,1.0,0.0,10.0,"[0, 0, 3, 0, 0, 0, 0, 3, 0, 0, 0, 10, 3, 0, 0, 0, 0, 0, 0, 0, 0, 0, 0, 0, 0, 0, 0, 10, 0, 0]",0,train
SYN-0320,511.68507599592937,8657.547349450679,5.188083369707335,29.0,19.511924765636373,19.062416889494568,763.0257912102091,0.30926158823600675,156.44383417967347,318.2861626381393,0.6601679494878662,4.0,2.0,1.0,3.0,"[0, 0, 0, 0, 0, 0, 0, 0, 0, 3, 0, 0, 0, 3, 0, 0, 0, 0, 0, 0, 0, 0, 0, 0, 0, 3, 0, 0, 0, 3]",0,test
SYN-0321,490.8853751231219,2598.6428012238985,10.85618863693511,51.0,105.43831063901979,1.0530622364348807,855.9723851838822,0.4555826282051294,511.6626700263763,63.835354161852806,0.3448333834724982,0.0,0.0,0.0,0.0,"[0, 0, 0, 0, 0, 0, 0, 0, 0, 0, 0, 0, 0, 0, 0, 0, 0, 0, 0, 0, 0, 0, 0, 0, 0, 0, 0, 0, 0, 0]",0,train
SYN-0322,469.92203830830204,4647.1259195583725,8.19987593078675,57.0,159.72723329341105,16.212864331614185,901.85811404758,0.19533783401010849,176.48300248434418,98.70881935668325,0.5499551661387331,0.0,0.0,0.0,0.0,"[0, 0, 0, 0, 0, 0, 0, 0, 0, 0, 0, 0, 0, 0, 0, 0, 0, 0, 0, 0, 0, 0, 0, 0, 0, 0, 0, 0, 0, 0]",0,train
SYN-0323,338.39324551882197,5794.378595739337,4.394590761458172,33.0,84.64551382164376,18.161275100624653,864.7672446631324,0.1441427953990192,152.16115498803856,186.73177879978323,0.8019583612118303,0.0,0.0,0.0,0.0,"[0, 0, 0, 0, 0, 0, 0, 0, 0, 0, 0, 0, 0, 0, 0, 0, 0, 0, 0, 0, 0, 0, 0, 0, 0, 0, 0, 0, 0, 0]",0,train
SYN-0324,278.528997134309,3631.959415676306,5.1604121242606595,111.0,63.844963179634036,2.9251798422727004,846.4400528867535,0.0556613855177088,1376.5217193973178,41.217614260336426,0.3772051690162386,0.0,0.0,0.0,0.0,"[0, 0, 0, 0, 0, 0, 0, 0, 0, 0, 0, 0, 0, 0, 0, 0, 0, 0, 0, 0, 0, 0, 0, 0, 0, 0, 0, 0, 0, 0]",0,train
SYN-0325,369.8130990904159,3027.3725159525516,8.813261948731189,15.0,64.28826623370776,13.009382572849415,842.2176322080995,0.15469269545929085,893.136836304861,213.88549854216862,0.7522009508588702,3.0,0.0,0.0,10.0,"[0, 0, 0, 0, 0, 0, 0, 0, 0, 0, 0, 3, 0, 0, 0, 0, 0, 0, 10, 3, 0, 0, 0, 0, 0, 0, 0, 0, 0, 0]",0,validation
SYN-0326,203.62225943458276,3883.1353190696,7.218135546610034,100.0,9.145750030130827,0.9734009781423869,903.4090148656504,0.20442615017104654,228.98938242890816,51.7871443516457,0.2992447611129288,0.0,0.0,0.0,0.0,"[0, 0, 0, 0, 0, 0, 0, 0, 0, 0, 0, 0, 0, 0, 0, 0, 0, 0, 0, 0, 0, 0, 0, 0, 0, 0, 0, 0, 0, 0]",0,train
SYN-0327,296.6334890294159,6829.2170776029825,13.078046664298842,12.0,10.689168073886306,15.408989977682179,933.9784364166285,0.5440296202862368,158.94550180021818,610.2171565150946,2.0931767570161584,27.0,5.0,0.0,65.0,"[10, 3, 3, 10, 3, 10, 10, 3, 35, 3, 35, 35, 35, 10, 3, 10, 3, 0, 3, 3, 0, 3, 3, 35, 3, 10, 3, 10, 65, 0]",1,validation
SYN-0328,228.83415844979643,4179.456188450528,4.476545869295155,52.0,70.29337870641773,10.243093154909149,806.8376906996009,0.4862149357003859,583.6355339717758,88.57102859242627,0.6942337995998837,2.0,0.0,0.0,35.0,"[0, 0, 0, 0, 0, 0, 0, 0, 0, 0, 0, 35, 0, 0, 0, 0, 0, 0, 0, 0, 0, 35, 0, 0, 0, 0, 0, 0, 0, 0]",0,train
SYN-0329,186.34698570620458,2065.3716510964714,6.433462442074163,42.0,5.874219851152647,5.5596375684951305,885.875078800744,0.6287314611961198,26.48147638535634,55.05071899855196,0.326943516788402,0.0,0.0,0.0,0.0,"[0, 0, 0, 0, 0, 0, 0, 0, 0, 0, 0, 0, 0, 0, 0, 0, 0, 0, 0, 0, 0, 0, 0, 0, 0, 0, 0, 0, 0, 0]",0,train
SYN-0330,461.68828587525434,5064.148002983239,10.160560635030503,13.0,74.04151349917984,10.092508622111708,703.7847982220538,0.6107113946021053,1229.1904575358121,413.02770530774154,1.0549741756682232,8.0,2.0,0.0,65.0,"[0, 0, 0, 0, 0, 0, 0, 0, 3, 35, 10, 35, 0, 0, 0, 0, 0, 0, 0, 10, 3, 0, 0, 0, 65, 0, 0, 10, 0, 0]",0,test
SYN-0331,437.2490139193461,7469.2903241440235,10.46608401754456,59.0,40.34010127522426,6.976946216089505,658.3016748360686,0.5926249151632752,961.490974784119,162.4913536777323,0.4638808745040883,2.0,0.0,0.0,35.0,"[0, 0, 0, 0, 0, 0, 0, 0, 0, 0, 0, 35, 0, 0, 3, 0, 0, 0, 0, 0, 0, 0, 0, 0, 0, 0, 0, 0, 0, 0]",0,train
SYN-0332,306.2379473380546,7133.605073894498,8.26578051023451,37.0,66.23052274862378,14.13488608016163,841.5374404766627,0.3252252174168014,1438.6427045831633,219.0709754378733,0.9316333937921617,5.0,1.0,0.0,35.0,"[0, 0, 35, 10, 0, 0, 0, 0, 0, 0, 0, 0, 0, 0, 35, 0, 0, 0, 0, 0, 0, 3, 0, 0, 0, 3, 0, 0, 0, 0]",0,train
SYN-0333,311.98525263525306,3711.6186229351133,13.118993884587162,13.0,13.47461580319042,12.763697072463371,874.9093280148008,0.23498251668971396,577.3464861942713,307.83339707587726,1.0298820542479743,4.0,0.0,0.0,10.0,"[0, 0, 3, 0, 0, 0, 0, 0, 0, 3, 10, 0, 0, 0, 0, 0, 0, 0, 3, 0, 0, 0, 0, 0, 0, 0, 0, 0, 0, 0]",1,train
SYN-0334,407.48768141811536,6291.6069742288355,6.288482728384539,51.0,62.7435502141082,3.762265319862712,690.539118249441,0.43708836414317254,462.5000998827402,140.90460482244143,0.4997651814352398,6.0,1.0,0.0,35.0,"[0, 0, 0, 0, 0, 0, 10, 0, 0, 0, 0, 35, 10, 0, 0, 10, 3, 0, 0, 0, 0, 0, 0, 0, 0, 0, 3, 0, 0, 0]",0,validation
SYN-0335,285.39131745913653,980.0018041625431,13.559846980361517,46.0,88.81599557988058,9.245540542887953,905.921370976625,0.3653853934934282,1795.836860734304,27.436356194662526,0.40734368799144904,0.0,0.0,0.0,0.0,"[0, 0, 0, 0, 0, 0, 0, 0, 0, 0, 0, 0, 0, 0, 0, 0, 0, 0, 0, 0, 0, 0, 0, 0, 0, 0, 0, 0, 0, 0]",0,test
SYN-0336,544.7269313506633,9262.744240588412,10.772739215493406,111.0,52.04765778185038,9.397671747154332,711.8767173286813,0.3782584839492028,3099.0058128202436,132.16342842823744,0.33817143160763513,1.0,0.0,0.0,35.0,"[0, 0, 0, 0, 0, 0, 0, 0, 0, 0, 0, 0, 35, 0, 0, 0, 0, 0, 0, 0, 0, 0, 0, 0, 0, 0, 0, 0, 0, 0]",0,train
SYN-0337,401.4567560519196,4588.383275700968,15.896370597878347,84.0,69.98738018079243,1.736474130213459,836.3557218170421,0.31808227636882014,787.2849816464476,90.86415474389915,0.40066964249541476,1.0,0.0,0.0,35.0,"[0, 0, 0, 0, 0, 0, 0, 0, 0, 0, 0, 0, 0, 0, 0, 0, 35, 0, 0, 0, 0, 0, 0, 0, 0, 0, 0, 0, 0, 0]",0,train
SYN-0338,240.88448077877416,1632.2610685722136,8.022227606201447,56.0,39.94892839268377,13.719746770234696,637.8082012055855,0.7203995068077903,166.81893758131417,35.03933600451888,0.31130384221834156,1.0,0.0,0.0,35.0,"[0, 0, 0, 0, 35, 0, 0, 0, 0, 0, 0, 0, 0, 0, 0, 0, 0, 0, 0, 0, 0, 0, 0, 0, 0, 0, 0, 0, 0, 0]",1,train
SYN-0339,354.26337061363415,4452.582942392993,4.5851586986692485,48.0,94.21812983063944,8.728172424505065,786.8084250542117,0.518207552386436,173.6218587235022,101.70522210045532,0.5530443398416491,3.0,0.0,0.0,10.0,"[0, 0, 0, 0, 0, 0, 3, 0, 0, 0, 0, 0, 0, 3, 0, 0, 0, 0, 0, 0, 0, 0, 0, 10, 0, 0, 0, 0, 0, 0]",0,train
SYN-0340,448.2745378704053,5612.609043637297,4.239686406599016,110.0,74.43377445406806,11.743649511456839,872.6072120463848,0.42801845258554333,1886.2763796246106,61.66815868042806,0.3036129015515102,0.0,0.0,0.0,0.0,"[0, 0, 0, 0, 0, 0, 0, 0, 0, 0, 0, 0, 0, 0, 0, 0, 0, 0, 0, 0, 0, 0, 0, 0, 0, 0, 0, 0, 0, 0]",0,train
SYN-0341,418.26765974106763,6122.741231310857,12.479567733992269,93.0,9.57366911259544,8.26796832839771,969.0790855264092,0.25398511729352363,156.6298897321701,103.04321470917155,0.2692459749134884,0.0,0.0,0.0,0.0,"[0, 0, 0, 0, 0, 0, 0, 0, 0, 0, 0, 0, 0, 0, 0, 0, 0, 0, 0, 0, 0, 0, 0, 0, 0, 0, 0, 0, 0, 0]",0,test
SYN-0342,286.87100269068856,4608.301048701717,6.068288012725551,42.0,58.19514459918676,11.65744095822519,768.9167038960841,0.26947680138151203,1628.1646976793684,122.06163033539285,0.6283548118975864,1.0,0.0,0.0,3.0,"[0, 0, 0, 0, 0, 0, 0, 0, 0, 0, 0, 0, 0, 0, 0, 0, 0, 0, 0, 0, 0, 3, 0, 0, 0, 0, 0, 0, 0, 0]",0,validation
SYN-0343,787.1089818978555,12995.832535689537,12.8964265651346,67.0,82.30212104626803,14.295484746390851,735.0598144338205,0.5532662806245343,2467.5350059570856,273.106788604855,0.45153710327910485,0.0,0.0,0.0,0.0,"[0, 0, 0, 0, 0, 0, 0, 0, 0, 0, 0, 0, 0, 0, 0, 0, 0, 0, 0, 0, 0, 0, 0, 0, 0, 0, 0, 0, 0, 0]",0,train
SYN-0344,220.00892292461648,3385.163349508096,5.976084672703507,46.0,65.95996050142419,14.869349403826329,774.4612499001377,0.39216335265875857,88.49921585236575,82.5235277469481,0.6748975735827243,6.0,2.0,0.0,65.0,"[0, 0, 0, 0, 3, 3, 0, 0, 0, 0, 0, 3, 0, 0, 0, 0, 0, 0, 0, 0, 0, 0, 0, 65, 65, 0, 0, 0, 35, 0]",0,test
SYN-0345,273.0908933773989,5821.253916355741,4.418472306272594,46.0,36.10885387295741,13.883510908110262,958.6171281796279,0.12659251111290912,2252.43661698882,137.80077496184396,0.6368195829747657,0.0,0.0,0.0,0.0,"[0, 0, 0, 0, 0, 0, 0, 0, 0, 0, 0, 0, 0, 0, 0, 0, 0, 0, 0, 0, 0, 0, 0, 0, 0, 0, 0, 0, 0, 0]",0,test
SYN-0346,310.72315765789443,2545.3642661351073,11.982041256747364,55.0,70.97487637221045,1.8663179493690718,861.4544729524731,0.0832592589922611,437.8789234595533,60.3694410407952,0.42270527373313926,3.0,0.0,0.0,35.0,"[0, 0, 0, 0, 35, 0, 0, 0, 0, 0, 0, 0, 0, 0, 0, 0, 0, 10, 0, 0, 0, 10, 0, 0, 0, 0, 0, 0, 0, 0]",0,train
SYN-0347,482.1354699182736,6333.3315511849905,12.9880698293378,80.0,168.51306664449106,15.837522074003424,801.5809116996361,0.3120242749441609,1058.2899660298604,118.72818464368345,0.5957687604624164,1.0,0.0,0.0,3.0,"[0, 3, 0, 0, 0, 0, 0, 0, 0, 0, 0, 0, 0, 0, 0, 0, 0, 0, 0, 0, 0, 0, 0, 0, 0, 0, 0, 0, 0, 0]",0,train
SYN-0348,258.25724483626533,4805.29221268281,10.014896745092479,53.0,21.459172674996154,15.168466802439735,834.33343541673,0.5273149749824133,166.05050862253893,112.56294798031973,0.518948154737288,0.0,0.0,0.0,0.0,"[0, 0, 0, 0, 0, 0, 0, 0, 0, 0, 0, 0, 0, 0, 0, 0, 0, 0, 0, 0, 0, 0, 0, 0, 0, 0, 0, 0, 0, 0]",0,train
SYN-0349,417.46545095018894,1844.9830727075785,7.253463260025384,101.0,77.90743043373061,4.103174342680916,716.737780030577,0.6517610482745418,739.3711859997501,24.460553648227453,0.2452130681687774,1.0,0.0,0.0,3.0,"[0, 0, 0, 0, 0, 0, 0, 0, 0, 0, 0, 0, 0, 0, 0, 0, 0, 0, 0, 3, 0, 0, 0, 0, 0, 0, 0, 0, 0, 0]",0,train
SYN-0350,398.927164193906,6833.72133486559,13.784395303840752,98.0,137.59408640910004,0.0933680595936015,809.1251272776849,0.21116178828165355,195.37333645722808,116.55463653832234,0.6370805143364182,2.0,0.0,0.0,3.0,"[0, 0, 0, 0, 0, 0, 0, 0, 0, 0, 3, 0, 3, 0, 0, 0, 0, 0, 0, 0, 0, 0, 0, 0, 0, 0, 0, 0, 0, 0]",0,validation
SYN-0351,297.5039213084193,2603.2022149516147,6.458745982614052,45.0,51.39820409169691,15.007739314428454,707.6661467411499,0.24469933808504454,945.7005517432614,65.29183477151834,0.3922302548148395,2.0,1.0,0.0,35.0,"[0, 0, 0, 0, 0, 0, 0, 0, 0, 0, 0, 0, 0, 35, 0, 0, 0, 0, 0, 0, 0, 0, 0, 0, 35, 0, 0, 0, 0, 0]",0,train
SYN-0352,469.1454582761081,3712.334336383494,15.593247849929858,90.0,48.55813166340511,4.859139959082805,689.0085563221974,0.704192376379912,75.23791296342125,70.20449534986444,0.25314670518109056,4.0,1.0,1.0,3.0,"[0, 0, 0, 0, 3, 3, 0, 0, 0, 0, 0, 0, 0, 0, 3, 0, 0, 0, 0, 0, 0, 0, 0, 0, 0, 0, 0, 0, 0, 3]",0,train
SYN-0353,443.21076974981975,4484.844286913574,7.562438742357962,79.0,119.36627232797098,11.6537874557584,704.6526197187695,0.5245339346096188,260.3100985439857,72.2448561901516,0.43232507329702696,2.0,0.0,0.0,35.0,"[0, 0, 35, 0, 0, 0, 0, 0, 0, 0, 0, 0, 0, 0, 0, 0, 0, 0, 0, 0, 0, 0, 3, 0, 0, 0, 0, 0, 0, 0]",0,train
SYN-0354,356.70302723714684,7824.140780681525,14.64902841879791,82.0,51.070031244955,6.629345011660776,913.0323370357354,0.27612702171846504,2335.7841764052223,151.54591199243225,0.5680241763204384,1.0,1.0,0.0,3.0,"[0, 0, 0, 0, 0, 0, 0, 0, 0, 0, 0, 0, 0, 0, 0, 0, 0, 0, 0, 0, 0, 0, 0, 0, 0, 0, 0, 3, 0, 0]",0,train
SYN-0355,317.0078725190881,1757.0551822213472,14.529529766160842,42.0,25.638993698639506,19.148426116362284,733.0010363943614,0.42783715222240776,821.5953085727982,53.61691688759195,0.25001243646231275,1.0,0.0,0.0,65.0,"[0, 0, 0, 0, 65, 0, 0, 0, 0, 0, 0, 0, 0, 0, 0, 0, 0, 0, 0, 0, 0, 0, 0, 0, 0, 0, 0, 0, 0, 0]",0,test
SYN-0356,501.63441446650194,4172.707312402548,5.761899042360402,50.0,144.6617514196436,17.222656325567705,907.1285915197082,0.342430656266407,1174.743565305671,94.0716445833227,0.47591111996744473,0.0,0.0,0.0,0.0,"[0, 0, 0, 0, 0, 0, 0, 0, 0, 0, 0, 0, 0, 0, 0, 0, 0, 0, 0, 0, 0, 0, 0, 0, 0, 0, 0, 0, 0, 0]",0,validation
SYN-0357,336.1721696028375,3100.052308390955,3.076844901058751,12.0,14.58223511224781,11.024492331317576,890.7240627732969,0.3652086930156505,261.7679118871258,262.6634240593917,0.8247132994357762,2.0,1.0,0.0,3.0,"[0, 0, 0, 0, 0, 0, 0, 0, 0, 0, 3, 0, 0, 0, 0, 0, 0, 0, 0, 0, 0, 0, 0, 0, 3, 0, 0, 0, 0, 0]",0,test
SYN-0358,450.4105816554974,6820.068763235357,6.87510521527747,17.0,110.30003855058163,4.059368079139292,774.9147433964092,0.37718974735709304,729.0569739989979,422.1817945888452,1.1822143058501737,14.0,3.0,1.0,35.0,"[0, 10, 3, 0, 0, 0, 0, 0, 0, 0, 10, 3, 35, 35, 0, 0, 3, 10, 3, 0, 0, 35, 0, 3, 0, 10, 10, 0, 0, 10]",1,train
SYN-0359,145.18670867115688,1949.8188903862938,4.518625494884349,91.0,11.684213068736236,4.177184878347808,792.047706767805,0.3569831254760276,47.356018179859944,25.34679341851076,0.2550578274428757,1.0,0.0,0.0,10.0,"[0, 0, 0, 0, 0, 0, 10, 0, 0, 0, 0, 0, 0, 0, 0, 0, 0, 0, 0, 0, 0, 0, 0, 0, 0, 0, 0, 0, 0, 0]",0,train
SYN-0360,100.0,2165.4738559996545,14.703522511330329,68.0,17.667120001882385,5.530712958284056,868.7738657989154,0.2861529766611519,57.62353006350652,47.11712506941362,0.64784245071296,2.0,0.0,0.0,10.0,"[0, 0, 0, 0, 0, 0, 10, 0, 0, 0, 0, 0, 0, 0, 10, 0, 0, 0, 0, 0, 0, 0, 0, 0, 0, 0, 0, 0, 0, 0]",0,train
SYN-0361,338.0921656583439,4907.25867584355,4.344667263957667,69.0,74.44179241835633,10.772441256744916,775.4586905364897,0.3991080478513981,229.5361101183019,80.50068933809885,0.45828474450079676,2.0,0.0,0.0,35.0,"[0, 0, 0, 0, 3, 0, 35, 0, 0, 0, 0, 0, 0, 0, 0, 0, 0, 0, 0, 0, 0, 0, 0, 0, 0, 0, 0, 0, 0, 0]",0,validation
SYN-0362,261.0762096913154,5213.79963083417,3.7422305867391072,63.0,42.252772331762024,10.599232353270684,960.0619368273188,0.4779233675064901,295.2543357542869,91.28300149683815,0.5114819691403012,0.0,0.0,0.0,0.0,"[0, 0, 0, 0, 0, 0, 0, 0, 0, 0, 0, 0, 0, 0, 0, 0, 0, 0, 0, 0, 0, 0, 0, 0, 0, 0, 0, 0, 0, 0]",0,train
SYN-0363,290.4503057977592,3758.808565971475,4.4034323943688465,57.0,80.84675804264958,0.28295344960763025,822.4422291478922,0.02185804065388181,520.0584597836469,73.20125463743682,0.5303764864594434,1.0,0.0,0.0,10.0,"[0, 0, 0, 10, 0, 0, 0, 0, 0, 0, 0, 0, 0, 0, 0, 0, 0, 0, 0, 0, 0, 0, 0, 0, 0, 0, 0, 0, 0, 0]",0,validation
SYN-0364,201.7113251470338,2844.405446812555,9.13344541653818,84.0,62.77738305829348,8.142414766087914,846.3987564822872,0.2492964567467739,364.20274679211605,45.95672906425927,0.5390580426919163,3.0,0.0,0.0,3.0,"[0, 0, 0, 0, 0, 0, 3, 3, 0, 0, 0, 0, 0, 0, 3, 0, 0, 0, 0, 0, 0, 0, 0, 0, 0, 0, 0, 0, 0, 0]",0,train
SYN-0365,186.58867965584705,2246.406753663632,12.665632394210213,101.0,27.632365084117044,7.477716078508441,790.6389784471827,0.412155393988924,60.657109312439665,36.270902959026316,0.3424820206724736,1.0,0.0,0.0,10.0,"[0, 0, 0, 0, 0, 0, 0, 0, 0, 0, 0, 0, 0, 0, 0, 0, 0, 0, 10, 0, 0, 0, 0, 0, 0, 0, 0, 0, 0, 0]",0,validation
SYN-0366,589.0915279539997,6810.084131416781,5.8752677999956955,113.0,65.1613724037779,13.094287491290743,815.0180637327311,0.38559384587657286,3624.041730500159,78.61068597265499,0.2440572501114964,0.0,0.0,0.0,0.0,"[0, 0, 0, 0, 0, 0, 0, 0, 0, 0, 0, 0, 0, 0, 0, 0, 0, 0, 0, 0, 0, 0, 0, 0, 0, 0, 0, 0, 0, 0]",0,train
SYN-0367,282.6948213995338,6045.229223612986,14.888858723186154,100.0,52.76532912859626,8.72503650870222,791.5809743692266,0.31174357753304804,72.0538794152931,105.84823355848641,0.5610770013466693,1.0,0.0,0.0,10.0,"[0, 0, 0, 10, 0, 0, 0, 0, 0, 0, 0, 0, 0, 0, 0, 0, 0, 0, 0, 0, 0, 0, 0, 0, 0, 0, 0, 0, 0, 0]",0,train
SYN-0368,807.5678903801673,9535.80681058636,8.442501905022432,73.0,125.63927776580759,11.420660983030448,741.5365312133388,0.39519142377188493,187.83859775030126,167.47949348720078,0.3629648661675008,0.0,0.0,0.0,0.0,"[0, 0, 0, 0, 0, 0, 0, 0, 0, 0, 0, 0, 0, 0, 0, 0, 0, 0, 0, 0, 0, 0, 0, 0, 0, 0, 0, 0, 0, 0]",0,train
SYN-0369,198.385714074124,3861.0898778005458,14.773787590801035,67.0,45.00709060984608,6.463304892343428,754.6534696115123,0.3041098641479705,206.88236312022036,84.96192224057722,0.6551329235423788,2.0,0.0,0.0,35.0,"[0, 0, 0, 0, 0, 0, 0, 0, 35, 0, 0, 0, 0, 0, 0, 0, 10, 0, 0, 0, 0, 0, 0, 0, 0, 0, 0, 0, 0, 0]",0,validation
SYN-0370,443.35152265717664,2138.173234764955,15.667559000644218,119.0,136.53615386081017,5.575174178287363,879.3402262597176,0.5450388157116172,2049.3791358355898,35.4993315781009,0.38803404668114383,0.0,0.0,0.0,0.0,"[0, 0, 0, 0, 0, 0, 0, 0, 0, 0, 0, 0, 0, 0, 0, 0, 0, 0, 0, 0, 0, 0, 0, 0, 0, 0, 0, 0, 0, 0]",0,train
SYN-0371,665.6253138864712,10177.261595197202,10.86899773421916,20.0,107.70543186391602,5.734320537047999,866.5595863218954,0.4124157611849741,392.8517832960272,558.638920798684,1.0010802455392367,7.0,2.0,0.0,35.0,"[0, 0, 0, 0, 3, 3, 0, 0, 0, 0, 35, 10, 0, 0, 0, 0, 0, 0, 10, 0, 0, 0, 0, 0, 0, 3, 0, 10, 0, 0]",1,validation
SYN-0372,518.2866773004854,10164.014802709,7.042948385802256,41.0,73.11898861577637,1.3478521871808735,795.8456591794627,0.17816316092770373,1090.1245520951932,279.64809620090983,0.6806408504538185,1.0,0.0,0.0,3.0,"[0, 0, 0, 0, 0, 0, 0, 3, 0, 0, 0, 0, 0, 0, 0, 0, 0, 0, 0, 0, 0, 0, 0, 0, 0, 0, 0, 0, 0, 0]",0,train
SYN-0373,213.000823027615,4001.3514416320095,6.283506138031042,49.0,21.43968226413111,7.72859331899962,892.7018527501943,0.17455140140360423,251.66986218298246,92.79622170319347,0.536316725651873,0.0,0.0,0.0,0.0,"[0, 0, 0, 0, 0, 0, 0, 0, 0, 0, 0, 0, 0, 0, 0, 0, 0, 0, 0, 0, 0, 0, 0, 0, 0, 0, 0, 0, 0, 0]",1,train
SYN-0374,510.12782351439404,2055.6393231025436,8.017090441117848,104.0,65.33917615400095,5.878974678174506,839.5234183513822,0.43828276563682134,236.05766693618827,27.48476627605842,0.18196212429773537,0.0,0.0,0.0,0.0,"[0, 0, 0, 0, 0, 0, 0, 0, 0, 0, 0, 0, 0, 0, 0, 0, 0, 0, 0, 0, 0, 0, 0, 0, 0, 0, 0, 0, 0, 0]",0,validation
SYN-0375,505.83687772995387,1563.9898215379055,13.35975131116741,48.0,17.48337893092397,8.803848728385708,688.1534125123334,0.8724901475379908,1027.9306482349973,42.23772471581364,0.1180639575247029,1.0,0.0,0.0,10.0,"[0, 0, 0, 0, 0, 0, 0, 0, 0, 0, 0, 0, 0, 10, 0, 0, 0, 0, 0, 0, 0, 0, 0, 0, 0, 0, 0, 0, 0, 0]",0,train
SYN-0376,385.9914587855495,7969.582195226719,12.48983566503757,105.0,93.05280746140308,6.191398954080746,642.249402672069,0.7174318206791489,299.43703271020644,125.14084043000324,0.5652810261084847,12.0,2.0,1.0,35.0,"[0, 3, 10, 0, 10, 3, 0, 0, 3, 0, 0, 35, 0, 0, 3, 0, 0, 35, 0, 10, 10, 0, 0, 0, 0, 0, 10, 0, 0, 10]",0,test
SYN-0377,166.58300250247103,1081.6498514604264,11.121852081710221,51.0,33.97039627487212,6.184680863884768,707.1530196496086,0.6645268211592803,48.82468891181699,26.7110531299928,0.36427155528046623,1.0,0.0,0.0,3.0,"[0, 0, 0, 0, 0, 0, 0, 0, 0, 0, 0, 3, 0, 0, 0, 0, 0, 0, 0, 0, 0, 0, 0, 0, 0, 0, 0, 0, 0, 0]",0,train
SYN-0378,343.7290217901584,6541.04037201348,14.951932459470394,94.0,61.14492448839516,9.115324545504208,740.8576323783724,0.6942766872222023,324.34367182051665,118.50128769151465,0.5226390580705205,2.0,0.0,0.0,3.0,"[0, 0, 0, 0, 3, 0, 0, 0, 0, 0, 0, 0, 0, 0, 0, 0, 0, 0, 0, 0, 0, 0, 3, 0, 0, 0, 0, 0, 0, 0]",0,test
SYN-0379,328.31644658911847,3475.08828062183,6.078851405142722,102.0,35.38393856586802,13.900888508399012,793.9584594815719,0.38855228753716003,718.9026597623638,43.71036070157691,0.24090873329422297,0.0,0.0,0.0,0.0,"[0, 0, 0, 0, 0, 0, 0, 0, 0, 0, 0, 0, 0, 0, 0, 0, 0, 0, 0, 0, 0, 0, 0, 0, 0, 0, 0, 0, 0, 0]",0,validation
SYN-0380,339.26228144284295,2975.005522292064,4.0168772044834675,52.0,41.48348544187877,11.654472223065525,752.4332317446592,0.28271228136281223,486.5778555269693,62.43074821860065,0.3062946850989279,0.0,0.0,0.0,0.0,"[0, 0, 0, 0, 0, 0, 0, 0, 0, 0, 0, 0, 0, 0, 0, 0, 0, 0, 0, 0, 0, 0, 0, 0, 0, 0, 0, 0, 0, 0]",0,train
SYN-0381,377.3020921803146,4235.483450783181,8.093170814636679,48.0,98.36128206155333,10.893243897909437,701.1064060124442,0.7154517436693018,756.4608194653323,103.58586574662613,0.5352399363628969,3.0,0.0,0.0,10.0,"[0, 0, 0, 0, 0, 0, 0, 0, 0, 0, 10, 0, 0, 10, 0, 0, 0, 0, 0, 3, 0, 0, 0, 0, 0, 0, 0, 0, 0, 0]",0,test
SYN-0382,671.3574609411799,6790.441371918999,7.907074295377887,68.0,103.33280232838182,6.548096356191129,713.3607513091279,0.4836648490280924,715.06314419336,124.21965178664314,0.3389438076639796,3.0,2.0,1.0,3.0,"[0, 0, 0, 0, 0, 0, 0, 3, 0, 0, 0, 0, 0, 0, 0, 0, 0, 0, 0, 0, 0, 0, 0, 0, 0, 0, 0, 0, 3, 3]",0,train
SYN-0383,779.9911105161852,5789.46221920686,8.216237850923868,23.0,32.496344012124354,10.929414694978135,914.4375981246312,0.30543298910334843,81.29828545407659,272.9145453846993,0.39155688478899175,0.0,0.0,0.0,0.0,"[0, 0, 0, 0, 0, 0, 0, 0, 0, 0, 0, 0, 0, 0, 0, 0, 0, 0, 0, 0, 0, 0, 0, 0, 0, 0, 0, 0, 0, 0]",0,validation
SYN-0384,596.9340378667467,5911.504831652194,7.317732685296119,60.0,153.0136283498499,12.725423094768386,872.4881966834512,0.38846619388149906,367.56752384956604,117.94308352908509,0.45391399164847174,1.0,1.0,1.0,10.0,"[0, 0, 0, 0, 0, 0, 0, 0, 0, 0, 0, 0, 0, 0, 0, 0, 0, 0, 0, 0, 0, 0, 0, 0, 0, 0, 0, 0, 0, 10]",0,train
SYN-0385,229.49691195805036,2097.5802299718925,15.945622732043818,91.0,16.822756326774886,10.403912995946635,803.3653838362314,0.6377773836869252,436.63248909567983,39.86477008818105,0.2470077960147796,1.0,0.0,0.0,65.0,"[0, 0, 0, 0, 0, 0, 0, 0, 0, 0, 0, 0, 0, 65, 0, 0, 0, 0, 0, 0, 0, 0, 0, 0, 0, 0, 0, 0, 0, 0]",0,test
SYN-0386,290.9721112645722,4162.933828998593,8.651009058467949,21.0,52.5357895570656,1.0236573929890547,750.0281662747902,0.6559221859598174,34.83004434983495,214.33142462924062,0.9171573626987635,17.0,3.0,1.0,35.0,"[0, 0, 0, 0, 3, 0, 3, 3, 0, 0, 0, 3, 35, 10, 3, 3, 35, 3, 10, 0, 10, 0, 3, 3, 10, 0, 10, 0, 0, 3]",1,train
SYN-0387,403.2599147142915,4330.033568076933,15.545030510040979,22.0,103.13173448576195,7.134396450373835,906.4754473879162,0.3288306283132772,323.7095292147865,227.45966703502648,0.819797330352092,1.0,0.0,0.0,10.0,"[10, 0, 0, 0, 0, 0, 0, 0, 0, 0, 0, 0, 0, 0, 0, 0, 0, 0, 0, 0, 0, 0, 0, 0, 0, 0, 0, 0, 0, 0]",0,train
SYN-0388,462.98797718903063,6978.016927090467,12.161257395817124,83.0,158.0698723715937,12.745583949698993,771.1728359049617,0.5241071451599343,1030.5889780189839,124.73219741805325,0.6108194677249327,2.0,0.0,0.0,35.0,"[0, 0, 0, 0, 0, 0, 0, 0, 0, 0, 0, 0, 0, 0, 0, 0, 0, 35, 35, 0, 0, 0, 0, 0, 0, 0, 0, 0, 0, 0]",0,train
SYN-0389,618.9835309757453,3072.344122928295,9.723784093760626,25.0,21.60731779090087,18.712446804815,806.2688060782126,0.18469624695466744,159.85522936884178,136.25714729462064,0.2550382315288246,0.0,0.0,0.0,0.0,"[0, 0, 0, 0, 0, 0, 0, 0, 0, 0, 0, 0, 0, 0, 0, 0, 0, 0, 0, 0, 0, 0, 0, 0, 0, 0, 0, 0, 0, 0]",0,test
SYN-0390,288.83712301578527,4813.331982180605,11.103819473378296,100.0,57.97907227362882,16.908966361899754,884.1779035529124,0.4960362699980011,186.30675641102312,73.99618775160032,0.4569193137199907,3.0,2.0,1.0,10.0,"[0, 0, 0, 0, 0, 0, 3, 0, 0, 0, 0, 0, 0, 0, 0, 0, 0, 0, 0, 0, 0, 0, 0, 0, 0, 0, 0, 0, 10, 10]",0,validation
SYN-0391,289.51369707614344,4176.351237499541,9.88250349617109,18.0,51.64992850553129,9.654253136814875,848.8558991200795,0.42894791387413217,542.7827035973465,250.5935786348943,1.043969629737187,6.0,1.0,0.0,35.0,"[0, 0, 0, 0, 0, 35, 10, 0, 0, 0, 0, 0, 0, 0, 0, 3, 0, 0, 35, 10, 0, 0, 0, 0, 0, 0, 3, 0, 0, 0]",0,test
SYN-0392,423.45434843964364,8135.69583000949,13.19875184166381,67.0,98.45348438513992,5.4303354329927895,744.594501803236,0.7225337434803049,1140.6248595986551,172.2539556639157,0.6392836466234576,3.0,1.0,0.0,35.0,"[0, 0, 0, 10, 0, 0, 0, 0, 35, 0, 0, 0, 0, 0, 0, 0, 0, 0, 0, 0, 0, 0, 0, 0, 10, 0, 0, 0, 0, 0]",0,train
SYN-0393,426.0287863334042,8279.315069832242,9.366036628177094,24.0,37.396019712607846,13.764197472332693,698.0442942285398,0.3219187036667117,490.99461996637655,379.6303547231706,0.9788690056014652,4.0,1.0,0.0,10.0,"[0, 0, 0, 0, 0, 0, 0, 0, 0, 0, 10, 3, 3, 0, 0, 0, 0, 0, 0, 0, 0, 0, 0, 0, 0, 0, 0, 0, 3, 0]",0,train
SYN-0394,371.8582176843003,4553.218151464523,5.297331126692925,113.0,44.9838115010635,16.2111805920522,651.594570909497,0.6473105395588987,402.5447621668537,51.263077780956536,0.2588268450308434,1.0,1.0,1.0,10.0,"[0, 0, 0, 0, 0, 0, 0, 0, 0, 0, 0, 0, 0, 0, 0, 0, 0, 0, 0, 0, 0, 0, 0, 0, 0, 0, 0, 0, 0, 10]",0,train
SYN-0395,196.88665670978244,2338.809890879604,12.70927934455072,61.0,34.15259585123938,8.411329052274763,850.0777666933149,0.3155576263590559,14.646709172181781,52.24660758440039,0.4388271144397312,3.0,1.0,1.0,10.0,"[0, 0, 0, 0, 0, 0, 0, 0, 10, 0, 0, 0, 0, 0, 0, 0, 0, 0, 0, 10, 0, 0, 0, 0, 0, 0, 0, 0, 0, 10]",0,train
SYN-0396,698.2181039506547,2420.2382644950094,9.80690001097421,101.0,153.91651366637058,11.472524470394774,650.9475849179381,0.8880896707344734,121.75614213382359,35.29009024580613,0.27098495848447457,14.0,4.0,1.0,65.0,"[35, 0, 3, 10, 0, 0, 0, 10, 3, 10, 0, 10, 0, 10, 3, 0, 0, 3, 0, 0, 0, 0, 0, 0, 10, 0, 0, 10, 10, 65]",0,test
SYN-0397,246.88556305659097,3124.723004992658,6.208290884512662,115.0,82.21676441566416,3.4690230740453787,718.3283176465711,0.6372412332893416,832.4937896585244,36.11951851401687,0.47931633370784044,3.0,0.0,0.0,35.0,"[10, 0, 3, 0, 0, 35, 0, 0, 0, 0, 0, 0, 0, 0, 0, 0, 0, 0, 0, 0, 0, 0, 0, 0, 0, 0, 0, 0, 0, 0]",0,validation
SYN-0398,431.2951121141028,9516.444467753372,11.508942109311793,37.0,132.19472228287518,15.763265426471404,900.2555577079567,0.08769485215626942,183.5101396810912,306.74828318401165,1.0177323905093567,0.0,0.0,0.0,0.0,"[0, 0, 0, 0, 0, 0, 0, 0, 0, 0, 0, 0, 0, 0, 0, 0, 0, 0, 0, 0, 0, 0, 0, 0, 0, 0, 0, 0, 0, 0]",0,train
SYN-0399,334.30718684641056,5452.734212741569,11.90662486487875,95.0,100.87927079988,15.02702378304966,783.6305250784828,0.48552854029073506,247.05841100498947,88.90115960174248,0.5676827716204993,1.0,0.0,0.0,3.0,"[0, 0, 0, 0, 0, 0, 0, 0, 0, 0, 0, 0, 0, 0, 0, 0, 0, 0, 0, 0, 0, 0, 0, 3, 0, 0, 0, 0, 0, 0]",0,train
SYN-0400,215.68632636271806,4410.322843770685,9.859830955467338,27.0,19.757859415402866,3.257342416554372,785.0035657767645,0.511527947031847,782.5022764417582,182.80085683129002,0.9391356404580391,3.0,0.0,0.0,10.0,"[0, 0, 0, 10, 0, 0, 0, 3, 0, 0, 0, 0, 0, 0, 0, 0, 0, 0, 0, 0, 0, 0, 0, 3, 0, 0, 0, 0, 0, 0]",0,train
SYN-0401,402.5011132759349,4078.6990768010633,14.33617794301172,55.0,12.058088800307969,10.605270185694879,821.4011876646706,0.5666517752915666,830.9045029140277,101.59764669710574,0.282373717111925,0.0,0.0,0.0,0.0,"[0, 0, 0, 0, 0, 0, 0, 0, 0, 0, 0, 0, 0, 0, 0, 0, 0, 0, 0, 0, 0, 0, 0, 0, 0, 0, 0, 0, 0, 0]",0,test
SYN-0402,372.24967460225815,5206.409288947133,14.884465558388698,39.0,101.3449795502063,15.575910189864912,775.6707720258861,0.30900137929869514,225.09940766970277,169.19071493187383,0.7267587131436515,2.0,1.0,0.0,10.0,"[0, 0, 0, 0, 0, 0, 0, 0, 0, 0, 0, 0, 0, 0, 0, 0, 0, 0, 0, 10, 0, 0, 0, 0, 0, 3, 0, 0, 0, 0]",0,train
SYN-0403,582.8636361672836,6299.104008105124,13.133827794193337,89.0,112.968726725564,17.88896599613205,901.5748511111815,0.056775306409012107,422.66162608256326,111.11527573024671,0.38445356435222516,0.0,0.0,0.0,0.0,"[0, 0, 0, 0, 0, 0, 0, 0, 0, 0, 0, 0, 0, 0, 0, 0, 0, 0, 0, 0, 0, 0, 0, 0, 0, 0, 0, 0, 0, 0]",0,validation
SYN-0404,279.1042409745768,2074.705137091447,3.049279784376295,27.0,62.847154932847104,5.17893187919581,936.8648830270499,0.37447562567686693,14.906135367045874,79.60460184936741,0.5103890800254456,0.0,0.0,0.0,0.0,"[0, 0, 0, 0, 0, 0, 0, 0, 0, 0, 0, 0, 0, 0, 0, 0, 0, 0, 0, 0, 0, 0, 0, 0, 0, 0, 0, 0, 0, 0]",0,validation
SYN-0405,305.7318574249719,3742.7138931393742,13.632263981983751,40.0,75.82677051232231,1.9214706704307516,848.3202278069828,0.2110357516303078,916.976177124961,116.95289914225313,0.6305514619191575,0.0,0.0,0.0,0.0,"[0, 0, 0, 0, 0, 0, 0, 0, 0, 0, 0, 0, 0, 0, 0, 0, 0, 0, 0, 0, 0, 0, 0, 0, 0, 0, 0, 0, 0, 0]",0,test
SYN-0406,463.84563770369175,10905.008317437612,4.2142987339570865,120.0,104.1798041226484,19.320538993810082,782.2146362806565,0.7273765609170318,580.9577615859644,111.52195823212776,0.46502919251893055,1.0,0.0,0.0,3.0,"[0, 0, 0, 0, 3, 0, 0, 0, 0, 0, 0, 0, 0, 0, 0, 0, 0, 0, 0, 0, 0, 0, 0, 0, 0, 0, 0, 0, 0, 0]",0,test
SYN-0407,441.4090933299267,3653.3523855647754,10.651975299749438,52.0,66.39747466205453,16.195866938126805,735.5486467121236,0.6874902140884525,567.7414346558904,88.02046091003422,0.3498295298068784,1.0,0.0,0.0,3.0,"[0, 0, 0, 0, 0, 0, 0, 0, 3, 0, 0, 0, 0, 0, 0, 0, 0, 0, 0, 0, 0, 0, 0, 0, 0, 0, 0, 0, 0, 0]",0,validation
SYN-0408,463.45744729881625,6865.707344088883,8.316876887883044,13.0,160.9826399039183,13.069616687698204,924.7044961891149,0.3228016242161849,767.1347846575302,554.1075769767374,1.542946868258216,11.0,2.0,0.0,35.0,"[10, 0, 0, 0, 3, 10, 0, 0, 0, 0, 10, 10, 0, 3, 0, 0, 35, 0, 0, 0, 0, 3, 0, 3, 0, 0, 3, 3, 0, 0]",0,test
SYN-0409,343.40028445948576,3443.144370055812,3.106731553222589,79.0,39.29979389706348,17.27612777477137,761.7968489839167,0.41188186095939044,1087.0886334626643,48.249181345815366,0.25494729971083596,0.0,0.0,0.0,0.0,"[0, 0, 0, 0, 0, 0, 0, 0, 0, 0, 0, 0, 0, 0, 0, 0, 0, 0, 0, 0, 0, 0, 0, 0, 0, 0, 0, 0, 0, 0]",0,test
SYN-0410,503.1366479885017,9134.62975482081,9.08005341568274,34.0,77.15396287280849,19.045939561541992,960.6963934430639,0.1959985230473859,1022.3528910071326,305.71496752213085,0.7609641077143106,0.0,0.0,0.0,0.0,"[0, 0, 0, 0, 0, 0, 0, 0, 0, 0, 0, 0, 0, 0, 0, 0, 0, 0, 0, 0, 0, 0, 0, 0, 0, 0, 0, 0, 0, 0]",0,train
SYN-0411,372.65422136050177,8634.22551072489,3.204940583673512,48.0,66.28956673392751,9.846199914879257,818.0092833158918,0.4226372435706894,324.03524280004405,191.89583526731064,0.692828330398738,0.0,0.0,0.0,0.0,"[0, 0, 0, 0, 0, 0, 0, 0, 0, 0, 0, 0, 0, 0, 0, 0, 0, 0, 0, 0, 0, 0, 0, 0, 0, 0, 0, 0, 0, 0]",0,validation
SYN-0412,317.1388123977457,4129.772488233249,3.115058566507062,94.0,55.22016713261914,3.6012238516863038,878.110053809718,0.3436720850726947,1019.1761717958593,49.568445397756236,0.3304187580766769,0.0,0.0,0.0,0.0,"[0, 0, 0, 0, 0, 0, 0, 0, 0, 0, 0, 0, 0, 0, 0, 0, 0, 0, 0, 0, 0, 0, 0, 0, 0, 0, 0, 0, 0, 0]",0,train
SYN-0413,213.18488076265308,3862.728666971709,12.26001414559897,41.0,40.945487197230634,6.499408171547458,944.3860587502551,0.2245648101933675,400.2814760644931,115.79211617641155,0.7352191338003194,1.0,1.0,0.0,35.0,"[0, 0, 0, 0, 0, 0, 0, 0, 0, 0, 0, 0, 0, 0, 0, 0, 0, 0, 0, 0, 0, 0, 0, 0, 0, 0, 0, 0, 35, 0]",0,test
SYN-0414,315.43571120172953,1563.2543137884227,5.793127065333637,27.0,17.068222509682116,13.377747796848274,645.6128028815117,0.7267196981647918,243.50158118342185,61.89309237484574,0.25032458938686875,2.0,0.0,0.0,10.0,"[0, 0, 0, 0, 0, 0, 0, 0, 0, 0, 0, 0, 3, 0, 0, 0, 0, 10, 0, 0, 0, 0, 0, 0, 0, 0, 0, 0, 0, 0]",0,train
SYN-0415,359.61294439660986,6157.433094495416,10.993943668609123,107.0,50.072940677100696,4.76487444422242,716.5999504823193,0.3410911938472733,680.3512030573488,90.53152999074076,0.3909883469399579,1.0,1.0,1.0,35.0,"[0, 0, 0, 0, 0, 0, 0, 0, 0, 0, 0, 0, 0, 0, 0, 0, 0, 0, 0, 0, 0, 0, 0, 0, 0, 0, 0, 0, 0, 35]",1,validation
SYN-0416,537.2429767690664,10444.323976056681,14.396584829035117,74.0,137.74229937028323,13.008650486884525,820.7435143170312,0.7727715718866445,3469.639209931261,213.73310480202582,0.6542205656852923,0.0,0.0,0.0,0.0,"[0, 0, 0, 0, 0, 0, 0, 0, 0, 0, 0, 0, 0, 0, 0, 0, 0, 0, 0, 0, 0, 0, 0, 0, 0, 0, 0, 0, 0, 0]",0,validation
SYN-0417,451.3780195465202,5206.19111764475,9.091774239525215,44.0,144.7973259246998,6.218899742860122,727.5001671984744,0.6799250269161728,744.9767662274312,139.58214890036555,0.6300250843201648,2.0,1.0,1.0,3.0,"[3, 0, 0, 0, 0, 0, 0, 0, 0, 0, 0, 0, 0, 0, 0, 0, 0, 0, 0, 0, 0, 0, 0, 0, 0, 0, 0, 0, 0, 3]",1,test
SYN-0418,201.30596316508888,1941.9836753790644,5.4100949938977285,60.0,12.751771112090731,12.378392743940116,760.1585992209607,0.4306460909339158,1858.5014368158245,37.01361162855155,0.24721266056003627,0.0,0.0,0.0,0.0,"[0, 0, 0, 0, 0, 0, 0, 0, 0, 0, 0, 0, 0, 0, 0, 0, 0, 0, 0, 0, 0, 0, 0, 0, 0, 0, 0, 0, 0, 0]",0,train
SYN-0419,662.9343638985891,14267.535046135625,11.633171501529128,62.0,63.10016936739299,14.100016022687164,753.0862672197203,0.5870056313975763,520.5881984929925,307.2457608088427,0.5586464518120658,1.0,0.0,0.0,10.0,"[0, 0, 0, 0, 0, 0, 10, 0, 0, 0, 0, 0, 0, 0, 0, 0, 0, 0, 0, 0, 0, 0, 0, 0, 0, 0, 0, 0, 0, 0]",0,train
SYN-0420,313.598511493074,4053.165807604197,11.056861692585729,30.0,90.32729083778918,1.5546686182515534,714.2502370221486,0.47893447678472145,525.1366229392157,155.2553031182724,0.7831114783894164,10.0,3.0,1.0,65.0,"[0, 0, 0, 0, 0, 0, 0, 3, 10, 65, 0, 0, 35, 10, 3, 10, 0, 0, 0, 0, 0, 0, 0, 0, 0, 3, 3, 0, 0, 35]",1,train
SYN-0421,489.36042756340834,7055.309774416362,5.505855276576222,94.0,129.82757508744533,19.549993690374805,831.3291561530432,0.6791902718682703,1562.9715899601433,92.57140223826248,0.4544686590884807,1.0,1.0,0.0,35.0,"[0, 0, 0, 0, 0, 0, 0, 0, 0, 0, 0, 0, 0, 0, 0, 0, 0, 0, 0, 0, 0, 0, 0, 0, 0, 0, 35, 0, 0, 0]",0,test
SYN-0422,455.48590574111364,6934.856887140086,7.037759815721452,55.0,87.5455422935862,6.434748635710896,715.6948888342922,0.8058801693329741,1041.8905875067023,147.88165847189578,0.5168704405516615,5.0,2.0,0.0,35.0,"[0, 0, 0, 0, 0, 0, 0, 0, 0, 0, 0, 0, 0, 0, 0, 0, 0, 0, 3, 3, 3, 0, 0, 0, 35, 3, 0, 0, 0, 0]",0,train
SYN-0423,309.7566714368844,4367.913628948912,4.800034848006873,51.0,45.42761079766295,11.156841974007822,824.3365884289697,0.35470728119070694,717.3407375409079,94.84865934419736,0.45285956067113414,1.0,0.0,0.0,3.0,"[0, 0, 0, 0, 0, 0, 0, 3, 0, 0, 0, 0, 0, 0, 0, 0, 0, 0, 0, 0, 0, 0, 0, 0, 0, 0, 0, 0, 0, 0]",0,train
SYN-0424,361.08704246870985,2649.092200146891,10.845767020813774,113.0,72.63621079177052,16.28177014836266,878.7338737754347,0.2601468563209939,1783.5106716053078,37.51500013224591,0.3050544549339835,0.0,0.0,0.0,0.0,"[0, 0, 0, 0, 0, 0, 0, 0, 0, 0, 0, 0, 0, 0, 0, 0, 0, 0, 0, 0, 0, 0, 0, 0, 0, 0, 0, 0, 0, 0]",1,train
SYN-0425,745.2578740609877,8783.786432953977,13.573039655247465,19.0,48.85214095720419,15.463317817770372,828.1781027885078,0.24399495309878852,2204.4146589548495,516.3582516546034,0.7584091524346026,0.0,0.0,0.0,0.0,"[0, 0, 0, 0, 0, 0, 0, 0, 0, 0, 0, 0, 0, 0, 0, 0, 0, 0, 0, 0, 0, 0, 0, 0, 0, 0, 0, 0, 0, 0]",0,validation
SYN-0426,310.39760185295285,2406.457052791453,15.41055302516019,17.0,19.900907737840598,4.507548152408775,861.0263205641212,0.18240039841458952,1944.1331450932014,158.47354055451257,0.5746643892463317,0.0,0.0,0.0,0.0,"[0, 0, 0, 0, 0, 0, 0, 0, 0, 0, 0, 0, 0, 0, 0, 0, 0, 0, 0, 0, 0, 0, 0, 0, 0, 0, 0, 0, 0, 0]",0,train
SYN-0427,166.21437156578963,2100.246691432471,3.4308222533762764,94.0,21.245790501324226,11.652027535980164,713.6302186694619,0.8629485469950184,221.05847356726235,25.511421527498413,0.2813066739557811,1.0,1.0,0.0,10.0,"[0, 0, 0, 0, 0, 0, 0, 0, 0, 0, 0, 0, 0, 0, 0, 0, 0, 0, 0, 0, 0, 0, 0, 0, 0, 0, 10, 0, 0, 0]",0,train
SYN-0428,455.70064701090735,4521.719691614271,14.459259180051731,62.0,115.29565280452486,13.528155225299766,892.6231168035205,0.24683570016604497,2058.6916763528675,103.95248326599753,0.4811231616822229,1.0,0.0,0.0,35.0,"[0, 0, 35, 0, 0, 0, 0, 0, 0, 0, 0, 0, 0, 0, 0, 0, 0, 0, 0, 0, 0, 0, 0, 0, 0, 0, 0, 0, 0, 0]",0,train
SYN-0429,412.6671859470783,8520.379494235423,15.668682265743367,63.0,134.96915167812793,7.868013550013469,826.0276488419814,0.5569389867645925,1233.4004793185968,199.24549345796382,0.8098890740950565,4.0,1.0,0.0,35.0,"[0, 0, 10, 0, 0, 0, 0, 0, 0, 0, 0, 35, 0, 3, 0, 0, 0, 0, 0, 0, 0, 0, 0, 0, 0, 0, 10, 0, 0, 0]",0,train
SYN-0430,293.1968858150923,5409.659435072929,9.521236301343809,28.0,93.18319432734886,12.080955845724727,816.2701499763161,0.6215316607157493,206.65223341113727,216.2195432303342,1.0552729327173385,9.0,0.0,0.0,35.0,"[0, 10, 0, 0, 3, 0, 0, 3, 0, 0, 0, 35, 3, 0, 0, 0, 0, 3, 35, 3, 3, 0, 0, 0, 0, 0, 0, 0, 0, 0]",0,train
SYN-0431,260.55167309279136,5333.55760991588,13.059534999656147,46.0,37.41173447929567,3.972532260483954,709.4914056522068,0.7021088710330974,167.11106352294945,147.9976341240101,0.711603062849169,20.0,4.0,0.0,65.0,"[3, 3, 3, 10, 35, 3, 0, 0, 3, 0, 10, 65, 10, 65, 0, 3, 3, 3, 35, 10, 0, 0, 0, 0, 35, 0, 3, 10, 35, 0]",0,validation
SYN-0432,382.06172299682663,1969.3622163064338,13.795683561339082,48.0,77.96236867030959,2.181278652895673,948.4625106916662,0.24417654254361532,580.9708401176084,53.61410503718985,0.3443853853650561,0.0,0.0,0.0,0.0,"[0, 0, 0, 0, 0, 0, 0, 0, 0, 0, 0, 0, 0, 0, 0, 0, 0, 0, 0, 0, 0, 0, 0, 0, 0, 0, 0, 0, 0, 0]",0,test
SYN-0433,265.96869145670865,5636.245236506636,8.68340975846615,88.0,41.81240185140988,7.454209124528388,713.9708926437766,0.3708372176492414,323.501316635061,86.81425801285314,0.48361579387324016,3.0,1.0,0.0,35.0,"[0, 0, 0, 0, 0, 0, 0, 0, 0, 0, 0, 35, 0, 0, 0, 0, 0, 35, 0, 0, 0, 0, 0, 0, 10, 0, 0, 0, 0, 0]",0,test
SYN-0434,183.11135240508773,1090.232694607132,7.251325302224996,34.0,30.19171603511064,10.02392987974321,937.2484401286887,0.2716390994983835,844.6519180887075,35.568843083951855,0.3591287937931004,0.0,0.0,0.0,0.0,"[0, 0, 0, 0, 0, 0, 0, 0, 0, 0, 0, 0, 0, 0, 0, 0, 0, 0, 0, 0, 0, 0, 0, 0, 0, 0, 0, 0, 0, 0]",0,train
SYN-0435,454.75615612923076,5097.514453931436,9.311640878231277,64.0,146.56168716121496,14.283342587542045,758.2218277448543,0.1543025173509572,3098.5325721877284,101.35894622119183,0.5451726821966402,0.0,0.0,0.0,0.0,"[0, 0, 0, 0, 0, 0, 0, 0, 0, 0, 0, 0, 0, 0, 0, 0, 0, 0, 0, 0, 0, 0, 0, 0, 0, 0, 0, 0, 0, 0]",0,train
SYN-0436,382.2517779974241,5110.258948211945,11.986636773258116,114.0,18.420861162167792,15.910656448690837,872.0867744172134,0.17955994024336838,280.2421318964714,75.29301297910838,0.24516268997421825,0.0,0.0,0.0,0.0,"[0, 0, 0, 0, 0, 0, 0, 0, 0, 0, 0, 0, 0, 0, 0, 0, 0, 0, 0, 0, 0, 0, 0, 0, 0, 0, 0, 0, 0, 0]",0,train
SYN-0437,469.8477075564811,5984.865533632375,5.250686776675602,18.0,155.11345111585854,10.998522862294092,767.5738908840219,0.45900611245745204,1128.9399162766067,346.48451231476264,1.0675756321963608,2.0,0.0,0.0,10.0,"[0, 0, 0, 3, 0, 0, 0, 0, 0, 0, 0, 0, 0, 0, 0, 0, 10, 0, 0, 0, 0, 0, 0, 0, 0, 0, 0, 0, 0, 0]",0,test
SYN-0438,158.7982973330876,2845.85803920103,11.463155953972713,30.0,6.1540750348595985,4.1210505591453295,753.3785225863596,0.5010283485470972,177.74983876913114,109.55229671784787,0.7286373575530688,9.0,1.0,0.0,35.0,"[0, 0, 3, 0, 0, 0, 0, 3, 10, 0, 0, 0, 35, 10, 0, 35, 0, 10, 0, 0, 0, 0, 0, 3, 10, 0, 0, 0, 0, 0]",0,train
SYN-0439,193.00471180383184,3203.0390361343234,8.445464998383578,75.0,9.00235029083199,2.431453409403368,943.7942225053537,0.287165723516062,263.10105712352095,55.11218838105711,0.33219157228168866,1.0,0.0,0.0,3.0,"[0, 0, 0, 0, 0, 0, 3, 0, 0, 0, 0, 0, 0, 0, 0, 0, 0, 0, 0, 0, 0, 0, 0, 0, 0, 0, 0, 0, 0, 0]",0,train
SYN-0440,393.62007432396797,7642.649155538273,15.509843622318034,80.0,83.4076006160642,9.446810602832654,722.1606860991171,0.5236232379231324,1330.6053789686025,153.85110880440715,0.6027606946316366,7.0,0.0,0.0,35.0,"[0, 0, 10, 35, 0, 0, 0, 10, 0, 0, 0, 0, 0, 0, 3, 10, 0, 0, 10, 3, 0, 0, 0, 0, 0, 0, 0, 0, 0, 0]",0,train
SYN-0441,290.86026770255046,6740.126804812132,4.849721309472067,38.0,49.56533895966363,16.482533506809535,711.4450344692024,0.6085267821810632,150.4999500147966,191.69759813973036,0.8294805578124633,3.0,1.0,0.0,35.0,"[0, 0, 0, 0, 0, 0, 0, 0, 0, 0, 35, 35, 0, 0, 0, 0, 0, 0, 0, 0, 0, 0, 0, 0, 0, 0, 0, 0, 3, 0]",0,train
SYN-0442,692.2089521340262,14479.804540820582,6.574390346726134,84.0,178.99650845612095,7.354326055924931,737.759451816785,0.510996357340845,1118.8928611207891,215.53879874191676,0.5699656237928101,9.0,3.0,0.0,35.0,"[0, 0, 10, 3, 3, 3, 10, 0, 0, 0, 0, 0, 0, 0, 0, 0, 0, 0, 0, 3, 0, 0, 0, 0, 0, 0, 35, 3, 10, 0]",0,train
SYN-0443,445.17578979619896,9083.49499332987,7.357145134471609,103.0,115.22024576687718,4.788846929616817,777.514918311243,0.5031058238076206,3154.2609016163788,119.20717553396187,0.5265951713325644,0.0,0.0,0.0,0.0,"[0, 0, 0, 0, 0, 0, 0, 0, 0, 0, 0, 0, 0, 0, 0, 0, 0, 0, 0, 0, 0, 0, 0, 0, 0, 0, 0, 0, 0, 0]",0,train
SYN-0444,388.1455665245966,6987.122089268482,7.488719129456856,23.0,110.03863987475766,10.27061902266746,998.0,0.05464183902349605,406.05315790922583,327.05651180401776,1.1261114112225135,1.0,0.0,0.0,35.0,"[0, 0, 0, 0, 0, 0, 0, 0, 0, 0, 0, 35, 0, 0, 0, 0, 0, 0, 0, 0, 0, 0, 0, 0, 0, 0, 0, 0, 0, 0]",0,train
SYN-0445,238.98815139217564,5209.047370623135,5.664589082222879,27.0,48.9547885016844,3.9497823221303796,861.2007811584879,0.10308859609573857,22.41999194040892,205.93779047053843,1.0665490213108861,6.0,0.0,0.0,35.0,"[35, 0, 0, 3, 0, 0, 0, 0, 10, 3, 0, 0, 0, 0, 0, 0, 0, 0, 0, 0, 0, 3, 10, 0, 0, 0, 0, 0, 0, 0]",0,test
SYN-0446,381.47547542469107,9035.113058768184,13.71733982594259,117.0,11.960202608457985,14.151927946468907,799.119950144325,0.49806559434064496,1387.9551562270426,140.426449219836,0.3994664444906823,0.0,0.0,0.0,0.0,"[0, 0, 0, 0, 0, 0, 0, 0, 0, 0, 0, 0, 0, 0, 0, 0, 0, 0, 0, 0, 0, 0, 0, 0, 0, 0, 0, 0, 0, 0]",0,validation
SYN-0447,377.2153233776144,3803.6073606811715,8.38674155857512,48.0,76.18332039806029,8.31490814092156,772.5989044175777,0.30410327023881323,918.9899180055137,93.54921534519748,0.4499619321491498,1.0,0.0,0.0,3.0,"[0, 0, 0, 0, 0, 0, 0, 0, 0, 0, 0, 0, 0, 0, 0, 3, 0, 0, 0, 0, 0, 0, 0, 0, 0, 0, 0, 0, 0, 0]",0,train
SYN-0448,357.79089062822356,6957.315567623401,3.306810512656827,119.0,48.75276735160722,8.39226300985879,844.8582241853775,0.23251065459299358,946.8142170234225,68.65367156592167,0.32814261623984325,0.0,0.0,0.0,0.0,"[0, 0, 0, 0, 0, 0, 0, 0, 0, 0, 0, 0, 0, 0, 0, 0, 0, 0, 0, 0, 0, 0, 0, 0, 0, 0, 0, 0, 0, 0]",0,validation
SYN-0449,652.8979274093534,12877.895736547018,13.090810369010503,45.0,26.369628322583583,6.303280873342625,921.1990463015601,0.21380672561022784,3207.331753297583,363.6694916013038,0.5973967806446121,1.0,0.0,0.0,10.0,"[0, 0, 0, 0, 0, 0, 0, 0, 0, 0, 0, 10, 0, 0, 0, 0, 0, 0, 0, 0, 0, 0, 0, 0, 0, 0, 0, 0, 0, 0]",0,train
SYN-0450,233.98719011184292,5056.390799709566,7.218516268752806,32.0,31.960814712581197,6.562428372676625,828.9822016981265,0.3000495061488833,688.2605534909445,174.18132958514005,0.8809975631537261,3.0,1.0,0.0,10.0,"[0, 0, 0, 0, 0, 0, 0, 0, 0, 0, 0, 0, 0, 10, 0, 10, 0, 0, 0, 0, 0, 0, 0, 0, 0, 10, 0, 0, 0, 0]",0,train
SYN-0451,537.7928736287,4823.274209225117,15.261388301821036,90.0,78.45326676931467,2.9823474822872376,985.5981742045254,0.2318375396164295,585.9510092832378,90.29525244578453,0.31377976074038794,0.0,0.0,0.0,0.0,"[0, 0, 0, 0, 0, 0, 0, 0, 0, 0, 0, 0, 0, 0, 0, 0, 0, 0, 0, 0, 0, 0, 0, 0, 0, 0, 0, 0, 0, 0]",0,test
SYN-0452,408.73748349561805,5105.316424433907,11.803642969657668,50.0,55.49913511944322,8.495207426071829,862.2390840215883,0.3333859358977429,909.1570837917652,129.75655808433277,0.4532388163165908,1.0,1.0,0.0,10.0,"[0, 0, 0, 0, 0, 0, 0, 0, 0, 0, 0, 0, 0, 0, 0, 0, 0, 0, 0, 0, 0, 0, 0, 0, 0, 0, 0, 10, 0, 0]",0,train
SYN-0453,231.7971904427716,3381.9161403884955,5.117936161264748,79.0,40.88468539457597,4.551345857724862,730.0848642798279,0.6367147469173077,470.4489728608653,50.515497415529005,0.39431100366451927,2.0,0.0,0.0,65.0,"[0, 0, 65, 0, 0, 0, 0, 0, 0, 0, 0, 0, 35, 0, 0, 0, 0, 0, 0, 0, 0, 0, 0, 0, 0, 0, 0, 0, 0, 0]",1,train
SYN-0454,402.7580770969214,8992.760136916037,15.61279002015663,28.0,30.525426905376534,6.417015268614092,856.8810238439396,0.4038937260691856,220.0874183507195,385.277057531912,1.0323876989243548,1.0,0.0,0.0,3.0,"[0, 0, 0, 0, 0, 0, 0, 0, 0, 0, 0, 0, 0, 0, 0, 0, 0, 0, 3, 0, 0, 0, 0, 0, 0, 0, 0, 0, 0, 0]",0,train
SYN-0455,638.097255927753,8538.058320200893,14.144048053627927,51.0,71.3091370956957,7.559440240613437,807.8279319286071,0.069572686700079,2079.9926208222078,223.69753115280477,0.4623224210854495,0.0,0.0,0.0,0.0,"[0, 0, 0, 0, 0, 0, 0, 0, 0, 0, 0, 0, 0, 0, 0, 0, 0, 0, 0, 0, 0, 0, 0, 0, 0, 0, 0, 0, 0, 0]",0,validation
SYN-0456,182.05290681952843,1455.091283419642,5.699252940369637,13.0,63.54534129484951,17.924744370294434,673.5275230689394,0.5829927066840191,953.0799648204306,115.6865474703876,0.9845044053205487,4.0,0.0,0.0,10.0,"[0, 0, 0, 10, 0, 0, 0, 0, 3, 0, 3, 0, 0, 0, 0, 0, 0, 0, 0, 3, 0, 0, 0, 0, 0, 0, 0, 0, 0, 0]",0,train
SYN-0457,438.3275840727042,3906.4764045508728,8.759560116262673,102.0,127.25487937854778,2.481749098253232,836.6660765376354,0.5058527755267741,949.5258932556889,54.443256985134425,0.4145259001850644,6.0,0.0,0.0,35.0,"[10, 35, 0, 0, 35, 0, 0, 0, 0, 0, 0, 35, 0, 0, 0, 0, 0, 0, 0, 0, 35, 0, 10, 0, 0, 0, 0, 0, 0, 0]",0,train
SYN-0458,441.21723956586004,2233.5836390011623,5.246782533998562,99.0,16.724283672258103,3.198844643224692,782.5693950768417,0.7514691987379146,770.0678014522231,27.844125214654298,0.10101239228722322,0.0,0.0,0.0,0.0,"[0, 0, 0, 0, 0, 0, 0, 0, 0, 0, 0, 0, 0, 0, 0, 0, 0, 0, 0, 0, 0, 0, 0, 0, 0, 0, 0, 0, 0, 0]",0,train
SYN-0459,267.55981057893496,1310.268404755449,3.6485359355840123,120.0,16.424158340614582,7.758219210811208,685.6679400939585,0.31647786377051207,285.02930323203515,13.048069624497986,0.11015192416731708,0.0,0.0,0.0,0.0,"[0, 0, 0, 0, 0, 0, 0, 0, 0, 0, 0, 0, 0, 0, 0, 0, 0, 0, 0, 0, 0, 0, 0, 0, 0, 0, 0, 0, 0, 0]",0,train
SYN-0460,550.1770910771854,4604.631132818108,6.101957528989976,21.0,183.82114508757974,12.017100596241324,968.6595784367156,0.24655110258261348,581.4276694585155,231.7401465505658,0.755322783114293,2.0,0.0,0.0,35.0,"[0, 0, 0, 0, 0, 0, 0, 3, 0, 0, 0, 0, 0, 35, 0, 0, 0, 0, 0, 0, 0, 0, 0, 0, 0, 0, 0, 0, 0, 0]",0,train
SYN-0461,199.37365626202882,4156.414510500424,15.755461353151636,25.0,30.766027631510706,17.87341885035143,950.6311338147505,0.27133337715726674,150.5319973522994,196.11195358445886,1.1379536568150854,2.0,0.0,0.0,3.0,"[0, 0, 0, 0, 0, 0, 0, 0, 0, 3, 0, 0, 0, 0, 0, 0, 0, 0, 0, 0, 0, 0, 3, 0, 0, 0, 0, 0, 0, 0]",0,train
SYN-0462,321.3391420196739,5352.008376959838,9.641368213391052,15.0,57.143605195279335,9.3343313896869,723.3703192868084,0.46642487350716216,217.27934107235467,380.1623136215091,1.3608859352403901,16.0,5.0,1.0,35.0,"[3, 3, 3, 10, 10, 0, 10, 0, 0, 0, 0, 0, 10, 35, 35, 0, 0, 0, 0, 0, 0, 0, 10, 35, 0, 10, 35, 3, 10, 35]",1,train
SYN-0463,244.81679635242153,4742.529210280713,8.539252996165636,102.0,78.48928932389613,1.5850445686951908,649.7262157422066,0.8237801618220715,463.098753389128,65.55119638700347,0.5883603080221209,16.0,0.0,0.0,35.0,"[10, 35, 3, 3, 3, 10, 10, 3, 3, 10, 0, 3, 3, 10, 0, 10, 0, 3, 10, 0, 0, 0, 0, 0, 0, 0, 0, 0, 0, 0]",0,validation
SYN-0464,242.591096175526,2530.8879830405517,9.564495791095421,73.0,36.28679318396739,13.838221302149503,879.6909922648961,0.4961164310577318,374.71419709592834,45.86258974831104,0.33863313298539,1.0,1.0,0.0,10.0,"[0, 0, 0, 0, 0, 0, 0, 0, 0, 0, 0, 0, 0, 0, 0, 0, 0, 0, 0, 0, 0, 0, 0, 0, 0, 0, 0, 0, 10, 0]",0,test
SYN-0465,323.3991882937624,3147.0730334685236,12.447141630904866,85.0,23.693624575676832,8.086269145495965,632.9256474096474,0.471761513408389,115.9238756762445,55.89377060735281,0.2460964593106392,2.0,0.0,0.0,10.0,"[0, 0, 0, 10, 0, 0, 0, 0, 0, 0, 0, 0, 0, 0, 0, 0, 0, 0, 0, 0, 0, 0, 10, 0, 0, 0, 0, 0, 0, 0]",0,test
SYN-0466,307.276309651798,2228.3464833225053,14.2550620783825,87.0,59.526254413540855,15.403200736152074,692.3513222841027,0.7704457399076776,422.0234629886998,41.22798687957624,0.32789459560774686,0.0,0.0,0.0,0.0,"[0, 0, 0, 0, 0, 0, 0, 0, 0, 0, 0, 0, 0, 0, 0, 0, 0, 0, 0, 0, 0, 0, 0, 0, 0, 0, 0, 0, 0, 0]",0,train
SYN-0467,297.5258266400991,2209.309997434354,5.087340753156809,66.0,14.667726919269485,14.604445329000766,834.3975576244844,0.1345542803258415,22.66700886364682,38.446079348296465,0.17851830500689556,1.0,0.0,0.0,10.0,"[0, 10, 0, 0, 0, 0, 0, 0, 0, 0, 0, 0, 0, 0, 0, 0, 0, 0, 0, 0, 0, 0, 0, 0, 0, 0, 0, 0, 0, 0]",0,train
SYN-0468,242.9845866326393,3142.9876708401625,11.522918383833897,107.0,34.21050501067612,10.827815366805646,751.844489269173,0.44629134673480764,35.37491123555492,47.13271556540274,0.3347669977892841,1.0,0.0,0.0,10.0,"[0, 0, 10, 0, 0, 0, 0, 0, 0, 0, 0, 0, 0, 0, 0, 0, 0, 0, 0, 0, 0, 0, 0, 0, 0, 0, 0, 0, 0, 0]",0,train
SYN-0469,508.6902274499445,6769.319270844319,6.956690730820869,33.0,42.73071803947216,7.288116462315115,658.6484500234299,0.5615574997841124,2573.0550308298098,225.97005266135986,0.5282208232067371,3.0,1.0,1.0,10.0,"[0, 0, 3, 0, 0, 0, 0, 10, 0, 0, 0, 0, 0, 0, 0, 0, 0, 0, 0, 0, 0, 0, 0, 0, 0, 0, 0, 0, 0, 3]",0,validation
SYN-0470,348.8859297567907,5913.506559075254,7.583578458708277,13.0,107.75479412061823,3.165125543856291,522.4104476936085,0.7196741425911091,373.65277800288777,475.2616308408553,1.6710803596117958,29.0,6.0,1.0,35.0,"[10, 3, 10, 10, 35, 3, 10, 35, 3, 10, 0, 10, 3, 10, 3, 3, 3, 10, 3, 10, 3, 35, 35, 10, 3, 3, 3, 10, 10, 10]",1,validation
SYN-0471,307.67308436640803,7086.409803794923,12.225487606427453,72.0,61.98830960492445,16.038475426593074,788.5059415841471,0.32093185856860423,229.903162170739,139.37302766973505,0.6544652343877378,4.0,0.0,0.0,65.0,"[0, 65, 0, 3, 0, 3, 0, 0, 0, 0, 0, 0, 0, 0, 0, 0, 0, 0, 0, 3, 0, 0, 0, 0, 0, 0, 0, 0, 0, 0]",0,train
SYN-0472,591.9184243121829,5997.410439905022,5.24898658157732,56.0,45.97506733075104,10.85387165866254,882.8930137868457,0.28344101822340223,127.02910019739132,120.9812764765723,0.2820597179439529,0.0,0.0,0.0,0.0,"[0, 0, 0, 0, 0, 0, 0, 0, 0, 0, 0, 0, 0, 0, 0, 0, 0, 0, 0, 0, 0, 0, 0, 0, 0, 0, 0, 0, 0, 0]",0,train
SYN-0473,246.44524516807547,3241.209310453865,3.0919577292731946,55.0,57.80466164771308,17.161987311408314,937.6497086614991,0.10031986820168795,534.3873390675201,63.28113522701823,0.49132940987419293,0.0,0.0,0.0,0.0,"[0, 0, 0, 0, 0, 0, 0, 0, 0, 0, 0, 0, 0, 0, 0, 0, 0, 0, 0, 0, 0, 0, 0, 0, 0, 0, 0, 0, 0, 0]",0,test
SYN-0474,191.50574518344294,1001.6885397539936,9.306673581044372,94.0,6.625482982459859,11.631239564754974,976.4070143962654,0.05443935644516596,93.9575279925385,15.04791766378776,0.11317363155599702,0.0,0.0,0.0,0.0,"[0, 0, 0, 0, 0, 0, 0, 0, 0, 0, 0, 0, 0, 0, 0, 0, 0, 0, 0, 0, 0, 0, 0, 0, 0, 0, 0, 0, 0, 0]",0,train
SYN-0475,203.32349564364017,1939.6689166372191,8.163722493498987,114.0,5.210077481208422,17.995998528151564,863.8451385535468,0.18672464349414714,48.353939777813935,24.51193639031921,0.14618091124904048,0.0,0.0,0.0,0.0,"[0, 0, 0, 0, 0, 0, 0, 0, 0, 0, 0, 0, 0, 0, 0, 0, 0, 0, 0, 0, 0, 0, 0, 0, 0, 0, 0, 0, 0, 0]",0,train
SYN-0476,165.12057249309723,3911.174404918388,7.252621268362145,103.0,10.360574231505458,16.368683161665103,785.6255252664166,0.4138614750848217,419.6252821631101,51.121294166285274,0.3723452957405471,1.0,0.0,0.0,3.0,"[0, 0, 0, 0, 0, 3, 0, 0, 0, 0, 0, 0, 0, 0, 0, 0, 0, 0, 0, 0, 0, 0, 0, 0, 0, 0, 0, 0, 0, 0]",0,train
SYN-0477,362.81851769721857,5350.325383421683,4.324222828224556,19.0,49.40043642394117,17.441715061455483,671.0343570620055,0.6925528741655814,1352.5484144122504,291.85293384212224,0.9405621643348651,5.0,0.0,0.0,35.0,"[0, 0, 0, 0, 0, 0, 3, 0, 0, 3, 0, 0, 0, 0, 0, 0, 0, 3, 35, 0, 0, 35, 0, 0, 0, 0, 0, 0, 0, 0]",1,train
SYN-0478,318.92504412055877,3881.2568334833772,6.254035139795713,53.0,26.505354900625438,13.603307894958608,781.9645690967412,0.5648448406741242,986.604903743819,83.99970798707685,0.34649227122448745,1.0,0.0,0.0,3.0,"[0, 0, 0, 0, 0, 0, 0, 0, 0, 0, 3, 0, 0, 0, 0, 0, 0, 0, 0, 0, 0, 0, 0, 0, 0, 0, 0, 0, 0, 0]",0,validation
SYN-0479,512.7200205980402,6849.596731497699,10.966865266971745,116.0,162.6035266881734,18.50684097740165,828.1595776285709,0.22819394235129412,3486.3506171863864,96.02265843025832,0.5044199070220982,1.0,0.0,0.0,35.0,"[0, 0, 35, 0, 0, 0, 0, 0, 0, 0, 0, 0, 0, 0, 0, 0, 0, 0, 0, 0, 0, 0, 0, 0, 0, 0, 0, 0, 0, 0]",1,train
SYN-0480,169.31593812996513,2211.8042793947698,10.246518608522694,33.0,39.174030745684156,16.168676307013197,766.3029060881696,0.2904347746006912,80.75847542995118,77.19417277876067,0.6872844034040186,5.0,0.0,0.0,35.0,"[0, 3, 0, 35, 10, 0, 0, 0, 0, 0, 0, 10, 0, 0, 10, 0, 0, 0, 0, 0, 0, 0, 0, 0, 0, 0, 0, 0, 0, 0]",0,validation
SYN-0481,240.16231788999494,2578.0195404967967,9.06431671426841,102.0,47.88458977791686,7.0668247024056345,991.0061327520248,0.06657566168035381,32.5105673911133,36.340235161686586,0.35069958384638084,0.0,0.0,0.0,0.0,"[0, 0, 0, 0, 0, 0, 0, 0, 0, 0, 0, 0, 0, 0, 0, 0, 0, 0, 0, 0, 0, 0, 0, 0, 0, 0, 0, 0, 0, 0]",0,validation
SYN-0482,432.8031550855571,3494.110711639191,4.755917709178311,91.0,58.1403380407598,10.872046596118812,767.2791254011098,0.6227660644158635,995.1416296107385,45.81138625110812,0.24018245493455012,0.0,0.0,0.0,0.0,"[0, 0, 0, 0, 0, 0, 0, 0, 0, 0, 0, 0, 0, 0, 0, 0, 0, 0, 0, 0, 0, 0, 0, 0, 0, 0, 0, 0, 0, 0]",0,train
SYN-0483,614.9190799084128,5809.864732861625,8.154429597832037,81.0,181.40114349403683,18.090878303944606,743.8414577914309,0.5006690860647941,1215.04245162253,93.50599751267039,0.44706230460055396,2.0,0.0,0.0,35.0,"[0, 10, 0, 0, 0, 0, 0, 0, 0, 0, 35, 0, 0, 0, 0, 0, 0, 0, 0, 0, 0, 0, 0, 0, 0, 0, 0, 0, 0, 0]",0,test
SYN-0484,374.0031771819475,4431.4485392750075,8.908780026780823,57.0,11.399433184472468,6.4560092130486035,778.3819957500525,0.1026040987198848,651.6018318678542,95.63489594161028,0.2861856146051187,1.0,1.0,0.0,3.0,"[0, 0, 0, 0, 0, 0, 0, 0, 0, 0, 0, 0, 0, 0, 0, 0, 0, 0, 0, 0, 0, 0, 0, 0, 0, 3, 0, 0, 0, 0]",0,validation
SYN-0485,220.8992583968896,4337.470491683532,10.435374312118025,78.0,67.3620500100566,18.49560266183548,731.4187847459466,0.6771431631472533,213.9660572256414,76.81657210966546,0.6526894801098716,9.0,0.0,0.0,65.0,"[0, 0, 0, 0, 0, 10, 3, 0, 35, 0, 0, 0, 3, 65, 10, 10, 0, 0, 0, 0, 3, 3, 0, 0, 0, 0, 0, 0, 0, 0]",0,train
SYN-0486,245.0310400793243,4825.264778480973,9.53222706950277,61.0,83.38159399079312,17.041863939235803,689.630377555895,0.7795971918284488,24.568370937799898,100.11692972115578,0.7488786875840082,3.0,0.0,0.0,10.0,"[3, 0, 0, 0, 0, 0, 0, 0, 0, 0, 0, 0, 0, 10, 0, 0, 0, 0, 0, 0, 0, 0, 10, 0, 0, 0, 0, 0, 0, 0]",1,train
SYN-0487,161.44660208790242,2857.1252772440394,10.285528372452696,70.0,49.12260029261407,12.044331195814413,763.002271506055,0.43173378212730373,157.90039701679586,54.44737927635313,0.6415122909342912,2.0,0.0,0.0,10.0,"[0, 0, 0, 10, 0, 0, 0, 3, 0, 0, 0, 0, 0, 0, 0, 0, 0, 0, 0, 0, 0, 0, 0, 0, 0, 0, 0, 0, 0, 0]",0,train
SYN-0488,301.9384343942203,1078.0118397571869,10.491819430464087,33.0,56.79581116617104,7.685471902873924,876.9700814330589,0.3106287166642008,937.3704951053572,37.74757627834852,0.31312140713123243,0.0,0.0,0.0,0.0,"[0, 0, 0, 0, 0, 0, 0, 0, 0, 0, 0, 0, 0, 0, 0, 0, 0, 0, 0, 0, 0, 0, 0, 0, 0, 0, 0, 0, 0, 0]",0,test
SYN-0489,160.64245925441716,956.7050238470263,8.719515926445078,104.0,25.98899767484661,3.602390329330898,775.5984350458259,0.09397878303041544,931.9246342332192,13.140430057836328,0.2435808559847293,2.0,2.0,0.0,10.0,"[0, 0, 0, 0, 0, 0, 0, 0, 0, 0, 0, 0, 0, 0, 0, 0, 0, 0, 0, 0, 0, 0, 0, 0, 0, 0, 10, 0, 10, 0]",0,train
SYN-0490,534.469814755376,9709.942552341385,11.35763493301128,90.0,27.998310084331244,7.1246377078068,789.1284761059986,0.14041874497482387,239.6421321230583,160.76534246532808,0.3531792579082421,1.0,0.0,0.0,10.0,"[0, 0, 0, 10, 0, 0, 0, 0, 0, 0, 0, 0, 0, 0, 0, 0, 0, 0, 0, 0, 0, 0, 0, 0, 0, 0, 0, 0, 0, 0]",0,train
SYN-0491,678.1435339238016,2702.7571236276476,14.409830838919659,63.0,54.49287429192375,7.625820299698507,790.4407017286525,0.4402864722178363,1304.1480777451495,61.400561529273986,0.17089809166302528,0.0,0.0,0.0,0.0,"[0, 0, 0, 0, 0, 0, 0, 0, 0, 0, 0, 0, 0, 0, 0, 0, 0, 0, 0, 0, 0, 0, 0, 0, 0, 0, 0, 0, 0, 0]",0,test
SYN-0492,537.4443229961431,3922.452497358089,11.074535271628404,91.0,16.6253729465965,7.420293495639796,884.0376718504498,0.4635313932671889,1206.7015279809075,63.89509604664506,0.1498210429395854,0.0,0.0,0.0,0.0,"[0, 0, 0, 0, 0, 0, 0, 0, 0, 0, 0, 0, 0, 0, 0, 0, 0, 0, 0, 0, 0, 0, 0, 0, 0, 0, 0, 0, 0, 0]",0,validation
SYN-0493,715.0284515892283,3948.88745035641,10.476674556695784,112.0,61.8755637676823,12.05415294526897,823.5051265017428,0.3245741700605292,897.7859756505637,55.40349534344427,0.16402012933955445,0.0,0.0,0.0,0.0,"[0, 0, 0, 0, 0, 0, 0, 0, 0, 0, 0, 0, 0, 0, 0, 0, 0, 0, 0, 0, 0, 0, 0, 0, 0, 0, 0, 0, 0, 0]",0,train
SYN-0494,557.7644615644613,8860.675989086729,7.390588311155972,113.0,79.9560339602964,9.74459735619818,836.6372275608016,0.4720986021902353,1029.9070732753175,109.07011464216858,0.33889959226206284,2.0,0.0,0.0,65.0,"[0, 0, 0, 0, 0, 0, 0, 0, 0, 0, 0, 0, 65, 0, 0, 0, 0, 10, 0, 0, 0, 0, 0, 0, 0, 0, 0, 0, 0, 0]",0,train
SYN-0495,404.0798511162463,2131.7439922764624,6.187319174040438,83.0,78.29362900310197,15.88587728928063,613.1493311234742,0.6578971062102609,487.01918656600674,31.63536162566044,0.2720476913785485,0.0,0.0,0.0,0.0,"[0, 0, 0, 0, 0, 0, 0, 0, 0, 0, 0, 0, 0, 0, 0, 0, 0, 0, 0, 0, 0, 0, 0, 0, 0, 0, 0, 0, 0, 0]",0,train
SYN-0496,141.74161631043856,1786.515228423282,8.059095352344727,22.0,30.714260267801237,7.991429322492733,829.4919252961164,0.348378442195194,359.3114789436119,87.62383675768208,0.834886041981506,7.0,1.0,0.0,35.0,"[3, 3, 0, 0, 0, 0, 3, 10, 0, 0, 0, 3, 0, 0, 0, 0, 0, 0, 10, 0, 0, 0, 0, 0, 35, 0, 0, 0, 0, 0]",0,train
SYN-0497,169.44901008302102,608.2865125896913,13.279743517132877,50.0,47.07628010694666,7.770378776048005,862.32438811988,0.56665205354663,516.7349491677297,15.905852230209797,0.3716878151504016,2.0,0.0,0.0,35.0,"[0, 0, 0, 0, 0, 0, 0, 0, 0, 0, 0, 0, 0, 35, 0, 0, 10, 0, 0, 0, 0, 0, 0, 0, 0, 0, 0, 0, 0, 0]",0,validation
SYN-0498,339.72856921955713,7958.925537959433,11.952893217468501,32.0,13.602769929485845,3.461929086604092,882.6008440491308,0.35783895186223225,260.0152320597146,291.6833153552929,0.8986176405066507,5.0,2.0,1.0,65.0,"[10, 0, 0, 0, 10, 3, 0, 0, 0, 0, 0, 0, 0, 0, 0, 0, 0, 0, 0, 0, 0, 0, 0, 0, 35, 0, 0, 0, 0, 65]",0,train
SYN-0499,467.41336346746715,4796.88584180395,11.886146081294578,58.0,88.00792026284188,4.19997949010281,1000.0,0.03721196974478304,451.4676843318854,109.1220087928883,0.42174645498652025,0.0,0.0,0.0,0.0,"[0, 0, 0, 0, 0, 0, 0, 0, 0, 0, 0, 0, 0, 0, 0, 0, 0, 0, 0, 0, 0, 0, 0, 0, 0, 0, 0, 0, 0, 0]",0,test
SYN-0500,547.427744943415,4306.871926245491,13.177731939829703,80.0,111.32293464545366,17.134566884431756,805.9790062740142,0.3651964336718862,528.4658824675166,81.1793855433882,0.3516488193501042,3.0,1.0,0.0,35.0,"[0, 0, 0, 0, 0, 0, 0, 3, 35, 0, 0, 0, 0, 0, 0, 0, 0, 0, 0, 0, 0, 0, 0, 0, 0, 0, 0, 3, 0, 0]",0,train
SYN-0501,639.0594983252035,8500.987937722659,8.663606727636903,16.0,190.14784699502974,12.40153364717406,836.5612715447248,0.23946615713779235,115.9578525887935,564.5031194959095,1.1808774745836166,9.0,3.0,0.0,35.0,"[0, 0, 0, 0, 10, 0, 3, 35, 0, 0, 3, 0, 35, 0, 0, 0, 0, 0, 10, 0, 0, 0, 0, 0, 0, 3, 35, 10, 0, 0]",0,train
SYN-0502,358.20026869898106,5790.545267363757,9.822272999488249,21.0,19.923076473371854,18.70151323894158,705.2992325505646,0.6321674988495003,571.7306364413602,301.2415082469294,0.8966062082722688,4.0,0.0,0.0,65.0,"[65, 0, 0, 0, 0, 0, 0, 0, 0, 0, 0, 0, 0, 35, 10, 0, 0, 35, 0, 0, 0, 0, 0, 0, 0, 0, 0, 0, 0, 0]",0,train
SYN-0503,648.5925843467232,12916.575179983643,5.1956974258487545,34.0,84.08713784933269,11.445101065225845,734.6183387860115,0.2215957601723529,1269.8271557527066,409.36821448487945,0.7608094268164217,0.0,0.0,0.0,0.0,"[0, 0, 0, 0, 0, 0, 0, 0, 0, 0, 0, 0, 0, 0, 0, 0, 0, 0, 0, 0, 0, 0, 0, 0, 0, 0, 0, 0, 0, 0]",0,train
SYN-0504,339.4707609110302,2946.6808574975594,7.9949536204464415,97.0,98.63203732646737,18.22948654104693,996.0,0.06891535170852159,708.476690967876,41.341876835344365,0.412329809454478,2.0,0.0,0.0,10.0,"[0, 0, 0, 0, 0, 0, 0, 0, 0, 0, 0, 0, 0, 0, 0, 0, 0, 10, 0, 3, 0, 0, 0, 0, 0, 0, 0, 0, 0, 0]",0,train
SYN-0505,416.17513149223316,6254.766766374879,3.1571446767080182,118.0,17.878529968957633,9.157312198832352,833.5710568572201,0.10013192656030112,547.1923618925099,61.72869313925947,0.19128298902142057,2.0,1.0,0.0,35.0,"[0, 0, 0, 0, 3, 0, 0, 0, 0, 0, 0, 0, 0, 0, 0, 0, 0, 0, 0, 0, 0, 0, 0, 0, 0, 0, 35, 0, 0, 0]",0,train
SYN-0506,348.7874105791025,2291.6077407294606,9.64679817655636,21.0,58.59323139282827,13.116157999193964,872.2572996316238,0.1938224370744755,206.89129853202786,119.03134369472441,0.5092631491275361,0.0,0.0,0.0,0.0,"[0, 0, 0, 0, 0, 0, 0, 0, 0, 0, 0, 0, 0, 0, 0, 0, 0, 0, 0, 0, 0, 0, 0, 0, 0, 0, 0, 0, 0, 0]",0,test
SYN-0507,527.8086950739545,6509.121736449185,3.098139331968349,77.0,168.24676406751843,16.321181108166094,826.3228004884644,0.32850771000202367,1499.7155684628467,93.32355514399087,0.4955778895890661,4.0,0.0,0.0,35.0,"[0, 0, 0, 0, 0, 10, 10, 0, 35, 0, 0, 0, 0, 0, 0, 0, 0, 0, 35, 0, 0, 0, 0, 0, 0, 0, 0, 0, 0, 0]",0,train
SYN-0508,375.0796574792538,8026.842363462178,8.607675519866747,77.0,89.00035598475716,4.450666208265115,905.7757798392948,0.1309484527296884,105.45540184649978,136.0340733001151,0.5999643670286737,0.0,0.0,0.0,0.0,"[0, 0, 0, 0, 0, 0, 0, 0, 0, 0, 0, 0, 0, 0, 0, 0, 0, 0, 0, 0, 0, 0, 0, 0, 0, 0, 0, 0, 0, 0]",0,train
SYN-0509,533.3247898224946,2589.8185383714335,5.92696731508854,116.0,177.66433793751372,12.55039679923167,872.1689069697451,0.20140627717919635,1523.1004032881983,29.382784460503007,0.38821957341778135,0.0,0.0,0.0,0.0,"[0, 0, 0, 0, 0, 0, 0, 0, 0, 0, 0, 0, 0, 0, 0, 0, 0, 0, 0, 0, 0, 0, 0, 0, 0, 0, 0, 0, 0, 0]",0,train
SYN-0510,768.6934807046875,3789.417855982144,14.347967486245086,91.0,187.0301189267511,15.96980618797268,783.8605957221466,0.33731098166459395,2678.091662887899,68.55111939415596,0.3324878442921189,0.0,0.0,0.0,0.0,"[0, 0, 0, 0, 0, 0, 0, 0, 0, 0, 0, 0, 0, 0, 0, 0, 0, 0, 0, 0, 0, 0, 0, 0, 0, 0, 0, 0, 0, 0]",0,train
SYN-0511,498.4504345872234,6813.949480692711,12.130426170671132,85.0,86.26255433500918,7.878533406030119,773.800553707701,0.723477675822075,1458.643808798056,119.85717305108436,0.41352101048278816,0.0,0.0,0.0,0.0,"[0, 0, 0, 0, 0, 0, 0, 0, 0, 0, 0, 0, 0, 0, 0, 0, 0, 0, 0, 0, 0, 0, 0, 0, 0, 0, 0, 0, 0, 0]",0,test
SYN-0512,436.34355422054534,6142.3583667448465,8.351805620582418,86.0,35.30146920297998,2.5231241514696334,870.784678031079,0.5222944649861454,791.2685311662315,95.15837053817496,0.29898422579932366,0.0,0.0,0.0,0.0,"[0, 0, 0, 0, 0, 0, 0, 0, 0, 0, 0, 0, 0, 0, 0, 0, 0, 0, 0, 0, 0, 0, 0, 0, 0, 0, 0, 0, 0, 0]",0,validation
SYN-0513,237.4185748681427,4433.434902832941,9.318435315305418,69.0,46.8399459707127,15.003855739446188,695.8699080247918,0.5122098977387155,503.08053817861685,83.23949135627923,0.54789073432538,2.0,1.0,1.0,10.0,"[0, 0, 0, 0, 3, 0, 0, 0, 0, 0, 0, 0, 0, 0, 0, 0, 0, 0, 0, 0, 0, 0, 0, 0, 0, 0, 0, 0, 0, 10]",0,train
SYN-0514,432.9335235995404,4793.214907844803,7.510963722988777,25.0,62.14007460743175,13.945315074610852,853.5257970268763,0.5428999342771725,314.2733560809253,207.718529864805,0.6233257296144464,1.0,0.0,0.0,10.0,"[0, 0, 0, 0, 0, 10, 0, 0, 0, 0, 0, 0, 0, 0, 0, 0, 0, 0, 0, 0, 0, 0, 0, 0, 0, 0, 0, 0, 0, 0]",0,test
SYN-0515,284.46423909109836,5869.438025389226,4.895909288582194,41.0,85.8438002617317,4.662956783811845,850.7712449729731,0.09886487127619718,617.2392762793041,155.7552728277843,0.8493126371928423,1.0,0.0,0.0,3.0,"[0, 0, 0, 0, 0, 0, 0, 0, 0, 0, 0, 3, 0, 0, 0, 0, 0, 0, 0, 0, 0, 0, 0, 0, 0, 0, 0, 0, 0, 0]",0,train
SYN-0516,405.3482147081685,4604.258750770497,6.91484731746513,29.0,96.67312347319402,3.3898578116460865,934.0753093025974,0.11246448642276335,576.6356235067237,172.8585107475551,0.6649385008758436,1.0,0.0,0.0,3.0,"[0, 0, 0, 0, 0, 0, 0, 0, 0, 0, 0, 0, 0, 0, 3, 0, 0, 0, 0, 0, 0, 0, 0, 0, 0, 0, 0, 0, 0, 0]",0,train
SYN-0517,185.99905887274895,653.627738763703,11.563065070387438,31.0,30.621968885247014,5.2365786642492935,705.7061323593246,0.3774033483915017,117.85841751500813,24.491131768179745,0.29630849202915766,1.0,0.0,0.0,10.0,"[0, 0, 0, 0, 0, 10, 0, 0, 0, 0, 0, 0, 0, 0, 0, 0, 0, 0, 0, 0, 0, 0, 0, 0, 0, 0, 0, 0, 0, 0]",0,train
SYN-0518,668.8822466211637,14791.704632443247,12.289730994392736,52.0,113.66668485507351,7.687897279315676,762.5302848192279,0.3132995200154557,3579.1199059686687,368.31190971782246,0.7205731606835055,0.0,0.0,0.0,0.0,"[0, 0, 0, 0, 0, 0, 0, 0, 0, 0, 0, 0, 0, 0, 0, 0, 0, 0, 0, 0, 0, 0, 0, 0, 0, 0, 0, 0, 0, 0]",0,train
SYN-0519,232.24324761697687,4627.954353534444,4.850134656607805,80.0,62.509515441870484,7.2074045271992855,807.5784555982056,0.20679469588682467,176.60828526244873,67.8209699574102,0.5611809459977324,1.0,0.0,0.0,3.0,"[0, 0, 0, 0, 0, 0, 0, 0, 0, 0, 3, 0, 0, 0, 0, 0, 0, 0, 0, 0, 0, 0, 0, 0, 0, 0, 0, 0, 0, 0]",0,train
SYN-0520,429.78696142443283,5493.009875871209,14.70086946270288,105.0,82.42084935887726,14.325153043654357,929.2165058101448,0.3814068411261525,964.6669513746517,93.26243555653613,0.4087682984452353,0.0,0.0,0.0,0.0,"[0, 0, 0, 0, 0, 0, 0, 0, 0, 0, 0, 0, 0, 0, 0, 0, 0, 0, 0, 0, 0, 0, 0, 0, 0, 0, 0, 0, 0, 0]",0,train
SYN-0521,216.91000602183004,4959.484843956889,4.921334229150107,29.0,67.31012052902864,19.834017792390405,946.8993805318487,0.14941185973480292,269.80905746627144,181.7379847269554,1.1481632858878792,3.0,0.0,0.0,10.0,"[0, 0, 0, 0, 0, 0, 0, 10, 0, 0, 0, 0, 3, 0, 0, 0, 0, 0, 0, 3, 0, 0, 0, 0, 0, 0, 0, 0, 0, 0]",0,validation
SYN-0522,223.09341883125575,1497.8071540285036,9.96722045157006,71.0,47.692730543261405,18.157547948034157,852.093683593443,0.2568509627155228,421.9764449855999,28.009165569323827,0.3393282352710051,0.0,0.0,0.0,0.0,"[0, 0, 0, 0, 0, 0, 0, 0, 0, 0, 0, 0, 0, 0, 0, 0, 0, 0, 0, 0, 0, 0, 0, 0, 0, 0, 0, 0, 0, 0]",0,test
SYN-0523,472.15341550714896,8040.099859415238,7.214614456068547,65.0,109.74932359066071,2.777635682380466,751.2919989309868,0.30085198440808353,161.8303786152031,149.80008660141823,0.5497141430466874,5.0,0.0,0.0,35.0,"[0, 0, 0, 0, 0, 3, 0, 3, 35, 3, 0, 0, 0, 0, 0, 0, 0, 0, 0, 0, 0, 3, 0, 0, 0, 0, 0, 0, 0, 0]",0,validation
SYN-0524,620.3540622274433,14067.48351479292,4.672706554997383,47.0,192.7005963944332,9.6857278109397,856.6403290007612,0.3280192526524499,604.9471737216813,328.1127059910286,0.8395420197869418,2.0,1.0,0.0,10.0,"[0, 0, 0, 0, 0, 0, 0, 0, 0, 0, 0, 0, 0, 0, 0, 0, 0, 0, 0, 0, 0, 10, 0, 0, 0, 0, 10, 0, 0, 0]",0,validation
SYN-0525,298.1355938749416,1955.9392201490793,14.283551012781578,47.0,101.72909061513529,12.29479971016512,772.7760866680898,0.5109696272617523,580.9255893962513,54.57709721746271,0.524278855137852,1.0,0.0,0.0,3.0,"[0, 0, 0, 0, 0, 0, 0, 0, 0, 0, 0, 0, 0, 0, 0, 0, 0, 0, 0, 0, 0, 0, 3, 0, 0, 0, 0, 0, 0, 0]",0,validation
SYN-0526,142.12183152625877,852.5222724019976,10.187760136481042,95.0,21.173906921784006,19.307885602652103,810.1370682590148,0.20430578028560883,296.8670885070317,13.110103548897627,0.2412297259506344,0.0,0.0,0.0,0.0,"[0, 0, 0, 0, 0, 0, 0, 0, 0, 0, 0, 0, 0, 0, 0, 0, 0, 0, 0, 0, 0, 0, 0, 0, 0, 0, 0, 0, 0, 0]",0,train
SYN-0527,377.6022994788994,3022.993642398645,7.70070998307581,66.0,40.190367881697824,3.9531594196462527,813.7406876496566,0.3064719977885466,2398.8823423050126,56.32989878481812,0.25561355637853983,1.0,0.0,0.0,3.0,"[0, 0, 0, 0, 0, 0, 0, 0, 0, 0, 0, 0, 0, 0, 0, 0, 0, 0, 3, 0, 0, 0, 0, 0, 0, 0, 0, 0, 0, 0]",0,train
SYN-0528,317.7211188612325,3407.790344722214,5.797512838445085,41.0,12.139637026519111,11.112839764204628,892.6037374088894,0.5558880732708404,1071.4750168328455,91.82035389163323,0.3272051643616356,1.0,1.0,0.0,10.0,"[0, 0, 0, 0, 0, 0, 0, 0, 0, 0, 0, 0, 0, 0, 0, 0, 0, 0, 0, 0, 0, 0, 0, 0, 0, 0, 0, 0, 10, 0]",0,train
SYN-0529,337.7869437392155,5790.088368333227,11.780246066094591,69.0,27.407666936518428,5.940775345909495,816.0291220861234,0.3372601664045104,136.91025743352,115.91473267877964,0.42429822191691485,2.0,1.0,0.0,65.0,"[0, 0, 0, 0, 0, 0, 0, 0, 0, 0, 0, 10, 0, 0, 0, 0, 0, 0, 0, 0, 0, 0, 0, 0, 0, 0, 0, 0, 65, 0]",0,train
SYN-0530,418.9394215759422,4833.269159196092,14.119031268143592,113.0,87.24535520128879,2.543815583521709,848.4536653796408,0.49468147386505773,917.9194151980951,77.5459613845463,0.3933535687950601,1.0,0.0,0.0,10.0,"[0, 0, 0, 0, 0, 0, 0, 0, 0, 0, 0, 0, 0, 10, 0, 0, 0, 0, 0, 0, 0, 0, 0, 0, 0, 0, 0, 0, 0, 0]",0,train
SYN-0531,362.4865225325865,8684.016139522542,6.11768808754884,43.0,75.85002809619142,14.509913418202295,795.9085773277208,0.4899706542282911,381.14327953676303,225.41015503461796,0.8310934735614258,0.0,0.0,0.0,0.0,"[0, 0, 0, 0, 0, 0, 0, 0, 0, 0, 0, 0, 0, 0, 0, 0, 0, 0, 0, 0, 0, 0, 0, 0, 0, 0, 0, 0, 0, 0]",0,train
SYN-0532,466.55739877227813,6974.467826917644,11.700227449017646,77.0,127.65276478825855,5.797723516529015,747.1823744914201,0.4965367655686434,303.09757913379013,129.21455746058967,0.5505588871268174,2.0,0.0,0.0,35.0,"[0, 0, 0, 0, 0, 0, 0, 0, 0, 0, 0, 0, 0, 10, 0, 0, 35, 0, 0, 0, 0, 0, 0, 0, 0, 0, 0, 0, 0, 0]",0,train
SYN-0533,280.1665843922751,1446.292625846001,8.30257274876778,37.0,36.47883216726389,10.508077873258268,685.894094541485,0.6947508030686934,622.3465001432805,44.43987736706364,0.28882355727701353,0.0,0.0,0.0,0.0,"[0, 0, 0, 0, 0, 0, 0, 0, 0, 0, 0, 0, 0, 0, 0, 0, 0, 0, 0, 0, 0, 0, 0, 0, 0, 0, 0, 0, 0, 0]",0,validation
SYN-0534,255.59520324229376,1599.8611863531896,5.934503847177647,21.0,71.18649698384753,15.561206714946728,846.9839095066352,0.16241502278688913,318.1677435714003,80.39637756487389,0.5930583697418885,0.0,0.0,0.0,0.0,"[0, 0, 0, 0, 0, 0, 0, 0, 0, 0, 0, 0, 0, 0, 0, 0, 0, 0, 0, 0, 0, 0, 0, 0, 0, 0, 0, 0, 0, 0]",0,test
SYN-0535,199.1057531009426,2413.725702268932,13.093670773880127,63.0,18.842690116193783,5.46534711810766,751.282958447172,0.03349751516738391,256.224485963576,53.17928994530912,0.3617272677449416,2.0,0.0,0.0,35.0,"[0, 0, 0, 0, 0, 0, 0, 0, 35, 3, 0, 0, 0, 0, 0, 0, 0, 0, 0, 0, 0, 0, 0, 0, 0, 0, 0, 0, 0, 0]",0,train
SYN-0536,218.50404157968632,1700.1259635385777,14.810739035150194,81.0,26.254624625728315,19.993472561582355,832.34138284781,0.15527866815501407,427.97590606376485,33.31969557243129,0.2726463079010529,0.0,0.0,0.0,0.0,"[0, 0, 0, 0, 0, 0, 0, 0, 0, 0, 0, 0, 0, 0, 0, 0, 0, 0, 0, 0, 0, 0, 0, 0, 0, 0, 0, 0, 0, 0]",0,validation
SYN-0537,216.52976689267194,3184.875858494857,3.086745595270309,78.0,6.8522755639148665,18.89498254372092,938.3057031037723,0.2573961195872238,146.27053792613222,45.117152608909564,0.24001054875094516,0.0,0.0,0.0,0.0,"[0, 0, 0, 0, 0, 0, 0, 0, 0, 0, 0, 0, 0, 0, 0, 0, 0, 0, 0, 0, 0, 0, 0, 0, 0, 0, 0, 0, 0, 0]",0,test
SYN-0538,327.8219268852677,5011.774181596789,13.765244822041039,46.0,106.78301927259267,14.390713742489895,829.3189658207122,0.3045356308981023,16.014538875094143,140.82257590445852,0.7553051668313483,0.0,0.0,0.0,0.0,"[0, 0, 0, 0, 0, 0, 0, 0, 0, 0, 0, 0, 0, 0, 0, 0, 0, 0, 0, 0, 0, 0, 0, 0, 0, 0, 0, 0, 0, 0]",0,train
SYN-0539,240.78733822255452,1492.15139027405,8.364938216176487,101.0,22.913766569559105,9.673906068503646,840.6504815623437,0.17626774744934562,56.00499910527294,20.62915262478595,0.18083558510912762,0.0,0.0,0.0,0.0,"[0, 0, 0, 0, 0, 0, 0, 0, 0, 0, 0, 0, 0, 0, 0, 0, 0, 0, 0, 0, 0, 0, 0, 0, 0, 0, 0, 0, 0, 0]",0,train
SYN-0540,669.1171218614177,7858.540932667464,7.292165879082593,31.0,24.790629160002016,12.391305307561009,927.7439836280985,0.2284357290941435,2056.751523144416,278.8951589495333,0.45386043517271163,0.0,0.0,0.0,0.0,"[0, 0, 0, 0, 0, 0, 0, 0, 0, 0, 0, 0, 0, 0, 0, 0, 0, 0, 0, 0, 0, 0, 0, 0, 0, 0, 0, 0, 0, 0]",0,train
SYN-0541,238.94612182921318,1594.4808576834187,15.955278909311401,36.0,45.303093228254134,2.281619400414523,726.5523835949176,0.7049599072710783,122.23358132444748,56.022018166884806,0.4240500352944046,7.0,1.0,0.0,65.0,"[0, 0, 0, 0, 0, 10, 0, 0, 0, 3, 0, 0, 65, 0, 10, 3, 35, 0, 0, 0, 0, 0, 0, 0, 0, 0, 3, 0, 0, 0]",1,train
SYN-0542,402.0338164133838,7437.304671785599,13.049316065526087,83.0,111.54793328608339,9.662157049940987,779.0297779111104,0.4027601421923997,144.87666571400538,136.50116942623524,0.6169856678356299,2.0,0.0,0.0,3.0,"[3, 0, 0, 0, 0, 0, 0, 0, 0, 0, 0, 0, 0, 0, 0, 0, 0, 0, 0, 3, 0, 0, 0, 0, 0, 0, 0, 0, 0, 0]",0,test
SYN-0543,491.1987880415205,10086.579919283542,3.3300634745417175,91.0,33.83910853826186,15.521232097308404,840.6760883712722,0.453006160663173,1287.8672083450817,125.57826265551383,0.32454756622954106,0.0,0.0,0.0,0.0,"[0, 0, 0, 0, 0, 0, 0, 0, 0, 0, 0, 0, 0, 0, 0, 0, 0, 0, 0, 0, 0, 0, 0, 0, 0, 0, 0, 0, 0, 0]",0,train
SYN-0544,254.1676696651081,1610.9153948423207,8.044893546143825,13.0,75.94613265128315,13.634520399201676,871.0939873134419,0.17716922097876148,46.33402077310598,129.80949460138655,0.8095271421568832,0.0,0.0,0.0,0.0,"[0, 0, 0, 0, 0, 0, 0, 0, 0, 0, 0, 0, 0, 0, 0, 0, 0, 0, 0, 0, 0, 0, 0, 0, 0, 0, 0, 0, 0, 0]",0,train
SYN-0545,301.2149350854626,1216.2966074923072,3.7677465487542703,77.0,9.19076153524677,1.4045111736514437,847.4631288813846,0.36146688149592093,279.9172766731471,17.807046808456512,0.08962971353343849,0.0,0.0,0.0,0.0,"[0, 0, 0, 0, 0, 0, 0, 0, 0, 0, 0, 0, 0, 0, 0, 0, 0, 0, 0, 0, 0, 0, 0, 0, 0, 0, 0, 0, 0, 0]",0,validation
SYN-0546,551.7334205425504,4258.6850876253975,11.438510589114856,37.0,142.52633634881306,9.497726411381372,908.0539956719095,0.2273321046609896,834.874500907833,137.12939514843424,0.5068674854284632,1.0,0.0,0.0,35.0,"[0, 0, 0, 0, 35, 0, 0, 0, 0, 0, 0, 0, 0, 0, 0, 0, 0, 0, 0, 0, 0, 0, 0, 0, 0, 0, 0, 0, 0, 0]",0,test
SYN-0547,320.0607255348595,6342.823927399507,6.596966304532267,44.0,25.373811241582025,10.86346821741208,766.6222905843737,0.2969260835633414,743.6781099057026,162.6859941332816,0.5875753892033874,0.0,0.0,0.0,0.0,"[0, 0, 0, 0, 0, 0, 0, 0, 0, 0, 0, 0, 0, 0, 0, 0, 0, 0, 0, 0, 0, 0, 0, 0, 0, 0, 0, 0, 0, 0]",0,train
SYN-0548,204.74520564535263,3908.383417939351,5.5711979580680175,81.0,17.510452575575194,0.24253298091148512,680.3874197387288,0.5907474646958936,36.277593405109464,58.00222137261245,0.36881290436165903,5.0,0.0,0.0,35.0,"[0, 0, 0, 35, 0, 0, 10, 0, 0, 0, 0, 3, 3, 0, 0, 0, 0, 0, 0, 3, 0, 0, 0, 0, 0, 0, 0, 0, 0, 0]",0,train
SYN-0549,345.8384852943521,5132.939885786304,10.049631640436033,55.0,74.27084342601084,6.2669246393155875,914.0862599390435,0.12903675173556547,40.04509870501593,116.84722522380801,0.552622327405677,0.0,0.0,0.0,0.0,"[0, 0, 0, 0, 0, 0, 0, 0, 0, 0, 0, 0, 0, 0, 0, 0, 0, 0, 0, 0, 0, 0, 0, 0, 0, 0, 0, 0, 0, 0]",0,train
SYN-0550,437.42193134424326,2335.6661865754463,11.509987684410955,109.0,30.311304742178216,13.722916497376366,694.690557748935,0.24389704857931446,925.2583227827336,34.64054856196944,0.14848787554968682,0.0,0.0,0.0,0.0,"[0, 0, 0, 0, 0, 0, 0, 0, 0, 0, 0, 0, 0, 0, 0, 0, 0, 0, 0, 0, 0, 0, 0, 0, 0, 0, 0, 0, 0, 0]",0,validation
SYN-0551,218.4888863837633,760.8351484468504,4.356107288619809,52.0,4.429359814601317,9.920184974814601,831.6478013744451,0.34395504896522694,600.1877263369016,16.08227710367784,0.0938795435217315,0.0,0.0,0.0,0.0,"[0, 0, 0, 0, 0, 0, 0, 0, 0, 0, 0, 0, 0, 0, 0, 0, 0, 0, 0, 0, 0, 0, 0, 0, 0, 0, 0, 0, 0, 0]",0,train
SYN-0552,491.4449992562278,7996.364339683449,9.4535620212069,56.0,81.40693616062097,18.544872649089065,876.3056694245688,0.1750224089116457,1263.7889568510043,177.15097104253738,0.5261176888450795,1.0,0.0,0.0,3.0,"[0, 0, 0, 0, 0, 0, 0, 0, 0, 0, 0, 0, 0, 0, 0, 0, 0, 3, 0, 0, 0, 0, 0, 0, 0, 0, 0, 0, 0, 0]",0,train
SYN-0553,559.3961258740599,13374.039292617692,14.474895613279887,81.0,80.59022837454879,0.08905237743346062,750.8632590152473,0.27749434428942715,154.10517131806753,259.62281737338094,0.608179123901412,4.0,0.0,0.0,35.0,"[0, 0, 0, 0, 0, 0, 0, 3, 0, 0, 10, 0, 0, 0, 10, 0, 0, 0, 0, 0, 0, 0, 35, 0, 0, 0, 0, 0, 0, 0]",0,validation
SYN-0554,544.1878594342066,12511.990515956979,14.044863917727909,100.0,45.69466293397826,10.852654237562744,701.050001447528,0.39666284039267075,702.8969541965472,212.9607471976315,0.47530536679104596,2.0,0.0,0.0,10.0,"[0, 3, 0, 0, 0, 0, 0, 0, 0, 0, 0, 0, 0, 0, 0, 10, 0, 0, 0, 0, 0, 0, 0, 0, 0, 0, 0, 0, 0, 0]",0,test
SYN-0555,398.85716407774623,4804.998825897965,8.468368140456239,38.0,72.32419438840728,12.314200944474376,859.9865994416454,0.1282637756175561,326.39664167554963,144.6015601558102,0.5438682668413442,0.0,0.0,0.0,0.0,"[0, 0, 0, 0, 0, 0, 0, 0, 0, 0, 0, 0, 0, 0, 0, 0, 0, 0, 0, 0, 0, 0, 0, 0, 0, 0, 0, 0, 0, 0]",0,train
SYN-0556,573.873578686425,2768.6035302681134,7.139883026244952,27.0,68.81184255796545,9.722009756821162,706.879570652759,0.7448913074801201,380.2984925241098,111.30186473318798,0.3138560721046383,6.0,1.0,0.0,10.0,"[0, 0, 0, 0, 0, 0, 0, 10, 3, 10, 0, 0, 0, 3, 0, 10, 0, 0, 0, 0, 0, 0, 0, 0, 0, 0, 3, 0, 0, 0]",0,train
SYN-0557,720.3201924382871,4547.951174719116,12.289685761909308,96.0,130.53537607808255,11.69885278588881,648.444323424184,0.5401021695432137,1993.1172182197552,74.6429107250373,0.28484316968623413,1.0,0.0,0.0,3.0,"[0, 0, 0, 0, 0, 0, 0, 0, 0, 0, 0, 0, 0, 3, 0, 0, 0, 0, 0, 0, 0, 0, 0, 0, 0, 0, 0, 0, 0, 0]",0,validation
SYN-0558,278.432910167682,6176.1208579737995,11.003984107002394,19.0,30.338200993306813,10.654298730622385,619.4743594165545,0.5716668897636621,582.3239514877386,355.6827253195053,1.3864055297210984,27.0,6.0,1.0,35.0,"[0, 10, 3, 3, 0, 3, 3, 3, 3, 10, 35, 3, 10, 3, 10, 3, 10, 10, 10, 10, 10, 10, 35, 0, 35, 3, 35, 35, 3, 3]",1,train
SYN-0559,787.854737019609,4654.503676143502,7.686271672332805,72.0,101.41529303418207,4.206785123520169,740.2459000869005,0.4237638873666243,871.029852064687,80.89737821077819,0.2314039158216328,0.0,0.0,0.0,0.0,"[0, 0, 0, 0, 0, 0, 0, 0, 0, 0, 0, 0, 0, 0, 0, 0, 0, 0, 0, 0, 0, 0, 0, 0, 0, 0, 0, 0, 0, 0]",0,train
SYN-0560,520.0660856663591,9585.433860233776,15.29334825412055,28.0,72.11821016878758,6.815432929191858,881.7272332212809,0.33114851043073273,3267.93860190881,409.19656118054115,0.9254877113023465,1.0,0.0,0.0,35.0,"[0, 0, 0, 0, 0, 0, 0, 0, 0, 0, 0, 0, 0, 35, 0, 0, 0, 0, 0, 0, 0, 0, 0, 0, 0, 0, 0, 0, 0, 0]",0,validation
SYN-0561,499.0874200405313,11910.676888442424,3.466022914831421,40.0,124.63670256949649,7.835660255222074,985.9197599092721,0.19009486459184705,1467.2794153424927,315.7285281401884,0.8823408746185638,1.0,1.0,0.0,35.0,"[0, 0, 0, 0, 0, 0, 0, 0, 0, 0, 0, 0, 0, 0, 0, 0, 0, 0, 0, 0, 0, 0, 0, 0, 0, 0, 35, 0, 0, 0]",0,test
SYN-0562,209.1036582628351,4925.076475845417,14.021758133217878,44.0,6.703191427853333,4.5723432598531755,961.296142513321,0.14742711671503664,174.99486942454678,143.8012351822656,0.7197598925837098,0.0,0.0,0.0,0.0,"[0, 0, 0, 0, 0, 0, 0, 0, 0, 0, 0, 0, 0, 0, 0, 0, 0, 0, 0, 0, 0, 0, 0, 0, 0, 0, 0, 0, 0, 0]",0,validation
SYN-0563,644.83147721764,14690.945293854971,12.852268916808011,77.0,71.00623886561523,1.4780676700106765,814.7490002074544,0.7038074977638644,3292.0813434470624,281.12008308156175,0.5460749581682242,2.0,1.0,0.0,35.0,"[0, 0, 0, 0, 0, 0, 0, 0, 0, 0, 35, 0, 0, 0, 0, 0, 0, 0, 0, 0, 0, 0, 0, 0, 0, 0, 0, 0, 35, 0]",0,train
SYN-0564,536.9844668249269,11331.60373250557,4.452210488491041,26.0,28.463091947011886,8.586355996591484,873.7673949010308,0.6458789070441547,1070.1707861997384,457.99732505241246,0.9059115245469942,0.0,0.0,0.0,0.0,"[0, 0, 0, 0, 0, 0, 0, 0, 0, 0, 0, 0, 0, 0, 0, 0, 0, 0, 0, 0, 0, 0, 0, 0, 0, 0, 0, 0, 0, 0]",0,validation
SYN-0565,180.78888022990336,2477.3270347749235,5.914349088808599,74.0,28.56559493662833,7.124553425716189,843.3297503277115,0.18317024845918284,58.02984071010014,40.03410005214553,0.3794464289039119,2.0,0.0,0.0,35.0,"[0, 0, 0, 0, 0, 0, 0, 0, 0, 0, 0, 0, 0, 0, 0, 0, 0, 0, 0, 10, 0, 35, 0, 0, 0, 0, 0, 0, 0, 0]",0,train
SYN-0566,375.6286273131749,4370.653689931013,3.87083361989388,29.0,59.89157137395522,2.6272457756765144,813.8895169510934,0.4958873500188229,1303.5881317770022,158.11404888843506,0.5803754144665638,0.0,0.0,0.0,0.0,"[0, 0, 0, 0, 0, 0, 0, 0, 0, 0, 0, 0, 0, 0, 0, 0, 0, 0, 0, 0, 0, 0, 0, 0, 0, 0, 0, 0, 0, 0]",0,validation
SYN-0567,158.36164769099145,3480.9057067773538,5.3445331917929,88.0,16.22142239909983,8.023519598883693,733.5669555701223,0.3247543018506059,524.8753032900195,47.899300328643655,0.40490057828181497,0.0,0.0,0.0,0.0,"[0, 0, 0, 0, 0, 0, 0, 0, 0, 0, 0, 0, 0, 0, 0, 0, 0, 0, 0, 0, 0, 0, 0, 0, 0, 0, 0, 0, 0, 0]",1,train
SYN-0568,279.00203666653,4009.0430884442435,14.191095909095962,78.0,65.40762281553698,3.6037586205394123,969.2158225939495,0.36411008063508365,346.3940633704459,78.97982149341088,0.5175139437477413,0.0,0.0,0.0,0.0,"[0, 0, 0, 0, 0, 0, 0, 0, 0, 0, 0, 0, 0, 0, 0, 0, 0, 0, 0, 0, 0, 0, 0, 0, 0, 0, 0, 0, 0, 0]",0,test
SYN-0569,217.42244007303367,4619.30593025594,6.1284068077079334,112.0,29.05557197299511,6.788679299677344,835.0228937237245,0.32837662706820264,91.70886255545686,54.26000654704294,0.3831967780880934,2.0,0.0,0.0,65.0,"[0, 0, 0, 0, 0, 65, 0, 0, 0, 0, 0, 3, 0, 0, 0, 0, 0, 0, 0, 0, 0, 0, 0, 0, 0, 0, 0, 0, 0, 0]",0,test
SYN-0570,260.6205923204664,1694.8077332810765,13.060956997292728,117.0,21.247378670315694,8.812550737216027,774.1041648348832,0.42798368958593697,151.37912512499656,25.68430857351694,0.18007666556955756,1.0,0.0,0.0,10.0,"[0, 0, 0, 0, 0, 0, 0, 0, 0, 0, 0, 0, 0, 10, 0, 0, 0, 0, 0, 0, 0, 0, 0, 0, 0, 0, 0, 0, 0, 0]",0,train
SYN-0571,301.49717782835006,3811.013188751395,15.399609721521095,54.0,64.56949405517584,14.583095415646465,756.1766174034493,0.1640464154693554,590.7254371646926,98.26397454225305,0.5400828948725155,2.0,0.0,0.0,3.0,"[0, 0, 0, 0, 0, 0, 0, 0, 0, 3, 0, 3, 0, 0, 0, 0, 0, 0, 0, 0, 0, 0, 0, 0, 0, 0, 0, 0, 0, 0]",0,train
SYN-0572,469.99150234029395,10668.10147273817,6.935244885448787,56.0,131.0935371079555,16.24841528309171,756.499874542245,0.6229126841135592,1145.1442116220248,223.53443026543974,0.7545412323574936,3.0,0.0,0.0,10.0,"[0, 0, 10, 0, 0, 0, 0, 0, 0, 0, 0, 0, 0, 0, 0, 0, 0, 0, 0, 3, 10, 0, 0, 0, 0, 0, 0, 0, 0, 0]",0,test
SYN-0573,298.20133885118844,3540.4592214656195,10.95794422485319,85.0,16.752605360788277,6.311373392505915,863.179934927434,0.39943060328618313,64.47686155575833,60.06868897219599,0.25761552456114367,1.0,0.0,0.0,10.0,"[0, 0, 10, 0, 0, 0, 0, 0, 0, 0, 0, 0, 0, 0, 0, 0, 0, 0, 0, 0, 0, 0, 0, 0, 0, 0, 0, 0, 0, 0]",0,test
SYN-0574,262.6939807016013,2259.990299186567,13.06467239226914,42.0,48.03902845666182,14.633416089015475,752.4214056547037,0.5292009709214293,95.60126378226512,67.33351073837757,0.4391898850780791,4.0,1.0,1.0,65.0,"[10, 0, 0, 65, 0, 0, 0, 0, 0, 0, 0, 0, 0, 0, 0, 0, 0, 0, 0, 0, 0, 10, 0, 0, 0, 0, 0, 0, 0, 3]",0,train
SYN-0575,368.54616463957313,3994.7820609129044,14.529161907384397,45.0,67.24369133806809,12.556059535387261,901.2254268572383,0.2249908584494896,941.6004245696571,115.66522240119782,0.49629851369677186,0.0,0.0,0.0,0.0,"[0, 0, 0, 0, 0, 0, 0, 0, 0, 0, 0, 0, 0, 0, 0, 0, 0, 0, 0, 0, 0, 0, 0, 0, 0, 0, 0, 0, 0, 0]",0,train
SYN-0576,362.0304921361222,7311.662915935678,6.451714006369226,108.0,35.441044137799246,1.36896634732673,792.7408502777319,0.39911243154740655,1233.6581642156955,89.42427221475137,0.34490276113427953,2.0,1.0,0.0,35.0,"[0, 0, 0, 0, 0, 0, 0, 0, 0, 0, 10, 0, 0, 0, 0, 0, 0, 0, 0, 0, 0, 0, 0, 0, 0, 0, 35, 0, 0, 0]",0,train
SYN-0577,242.92971442980357,1941.4060363901435,6.160523378282399,100.0,27.80119822053474,3.221023464723114,885.2629752648843,0.79208726404051,379.9776541013385,24.870669988309942,0.21681937235415732,1.0,0.0,0.0,10.0,"[0, 0, 0, 0, 0, 0, 0, 0, 0, 0, 0, 0, 0, 0, 0, 0, 10, 0, 0, 0, 0, 0, 0, 0, 0, 0, 0, 0, 0, 0]",0,train
SYN-0578,265.2007184054868,4341.697046603858,7.634749751782563,105.0,22.188626989028567,10.099447317163367,812.7799371098649,0.5282858941850904,84.78332607437441,56.81416557288995,0.29789810916396076,2.0,1.0,0.0,10.0,"[0, 0, 0, 0, 0, 0, 0, 0, 0, 0, 0, 0, 0, 0, 0, 0, 0, 0, 0, 10, 0, 0, 0, 0, 0, 0, 3, 0, 0, 0]",0,test
SYN-0579,458.0374502662999,6094.687777354822,6.739142749567925,108.0,58.009224494766194,13.189610832197829,866.9632390900939,0.08669270220683369,372.0390638422398,75.41905673515382,0.2913043052535239,1.0,0.0,0.0,35.0,"[0, 0, 0, 0, 0, 0, 0, 0, 0, 0, 0, 0, 0, 0, 0, 0, 35, 0, 0, 0, 0, 0, 0, 0, 0, 0, 0, 0, 0, 0]",0,train
SYN-0580,703.9125975216399,8459.29636681183,10.527033432637442,31.0,178.7682057401517,12.178268012604324,836.021371251299,0.4657620484814985,584.7067825824486,312.8528026773371,0.6984120047693495,1.0,0.0,0.0,3.0,"[0, 0, 0, 0, 0, 0, 0, 0, 3, 0, 0, 0, 0, 0, 0, 0, 0, 0, 0, 0, 0, 0, 0, 0, 0, 0, 0, 0, 0, 0]",0,validation
SYN-0581,234.11439091844233,3294.2886993387733,6.562184352938619,87.0,70.25697894916327,17.37570796530936,893.6828900186089,0.3144051896170682,147.31446868488703,47.685833223508446,0.503782837569174,0.0,0.0,0.0,0.0,"[0, 0, 0, 0, 0, 0, 0, 0, 0, 0, 0, 0, 0, 0, 0, 0, 0, 0, 0, 0, 0, 0, 0, 0, 0, 0, 0, 0, 0, 0]",0,validation
SYN-0582,609.3226968252867,14170.934679727297,9.140837786359787,37.0,43.66204197224103,11.572855401751474,796.8606222292532,0.055915854899488075,18.66451074218245,440.9500732231063,0.7953291707666388,5.0,1.0,0.0,35.0,"[0, 10, 0, 0, 0, 0, 0, 0, 0, 0, 0, 0, 0, 0, 0, 0, 0, 10, 0, 3, 0, 35, 0, 0, 0, 0, 0, 0, 35, 0]",0,train
SYN-0583,479.14693289931756,7464.7555912444695,12.904926359967508,74.0,56.631733133097406,5.074946774958091,856.4474692509384,0.7259439131851019,431.55368091095556,146.79570898819074,0.4245617119791395,1.0,0.0,0.0,10.0,"[0, 0, 0, 0, 0, 10, 0, 0, 0, 0, 0, 0, 0, 0, 0, 0, 0, 0, 0, 0, 0, 0, 0, 0, 0, 0, 0, 0, 0, 0]",0,train
SYN-0584,309.34198332697497,7077.456569262428,5.136752671719789,27.0,26.531356302389874,15.187405373138818,827.5813490895245,0.2582748352034561,385.34868746443607,278.12773999439645,0.9848617798986605,6.0,0.0,0.0,35.0,"[0, 0, 0, 0, 3, 0, 0, 0, 0, 10, 0, 3, 0, 10, 0, 0, 35, 3, 0, 0, 0, 0, 0, 0, 0, 0, 0, 0, 0, 0]",0,train
SYN-0585,349.00071745669493,4597.14360123175,8.989838915245205,89.0,118.19111392013589,9.528283596486446,647.8041071230967,0.8240996904319616,795.6052697355683,70.95890103723447,0.5419760060546026,5.0,0.0,0.0,35.0,"[0, 0, 0, 0, 35, 0, 0, 35, 35, 0, 0, 0, 0, 0, 0, 0, 0, 0, 0, 0, 10, 0, 3, 0, 0, 0, 0, 0, 0, 0]",0,train
SYN-0586,378.97084341383396,8227.143696058483,6.1041722441652615,99.0,13.933679287490362,4.755640829046104,756.8160218906273,0.3831139711074887,762.4086310432242,105.98311171910994,0.31642748536106213,1.0,0.0,0.0,35.0,"[0, 0, 0, 0, 0, 0, 0, 0, 0, 35, 0, 0, 0, 0, 0, 0, 0, 0, 0, 0, 0, 0, 0, 0, 0, 0, 0, 0, 0, 0]",0,train
SYN-0587,357.94027864604567,1089.9589224501308,5.5864166921234935,95.0,102.25038606895177,5.974718171221629,948.7481708924156,0.19429977565292655,304.22357444178556,14.222975704919302,0.3253988688125468,1.0,0.0,0.0,10.0,"[0, 0, 0, 10, 0, 0, 0, 0, 0, 0, 0, 0, 0, 0, 0, 0, 0, 0, 0, 0, 0, 0, 0, 0, 0, 0, 0, 0, 0, 0]",0,train
SYN-0588,205.43458164616644,1641.783764137238,12.729533615808187,105.0,38.64945553946725,17.28764912557446,781.8395693155898,0.09901616595371773,796.0311301604523,26.00285798293302,0.31470998214777307,0.0,0.0,0.0,0.0,"[0, 0, 0, 0, 0, 0, 0, 0, 0, 0, 0, 0, 0, 0, 0, 0, 0, 0, 0, 0, 0, 0, 0, 0, 0, 0, 0, 0, 0, 0]",0,train
SYN-0589,245.37102265354565,3604.173123142097,9.878649272070412,68.0,22.33137866589691,6.2004425284730775,814.1990115369643,0.34257840625836566,380.21765846838326,69.42690394955893,0.3739572897530568,1.0,0.0,0.0,10.0,"[0, 0, 0, 0, 0, 0, 0, 0, 0, 0, 0, 0, 0, 0, 0, 0, 0, 0, 0, 0, 10, 0, 0, 0, 0, 0, 0, 0, 0, 0]",1,test
SYN-0590,543.4322034001098,12266.35029315452,4.465712076914628,102.0,31.08628796569876,0.05241557989267509,798.7368839385196,0.22411782823992138,275.62595805992834,144.74396283408808,0.3235550813876396,1.0,0.0,0.0,10.0,"[0, 0, 0, 0, 0, 0, 0, 0, 0, 0, 0, 0, 0, 10, 0, 0, 0, 0, 0, 0, 0, 0, 0, 0, 0, 0, 0, 0, 0, 0]",0,train
SYN-0591,299.53204823178567,6034.651745400965,11.966035149481483,36.0,97.97927291765859,1.492458554010041,803.2177005948896,0.4829288893383983,64.09350743423076,200.3389109578134,0.9959474641746034,9.0,1.0,0.0,35.0,"[0, 0, 0, 35, 3, 0, 0, 0, 0, 0, 10, 0, 0, 10, 10, 0, 35, 0, 35, 10, 0, 0, 0, 0, 0, 0, 0, 0, 35, 0]",0,validation
SYN-0592,628.9066176233483,9104.899475503202,13.498662445469128,92.0,102.2899009395989,18.255827279422224,831.6349980974393,0.23563697887114418,1207.5276969269391,159.3641797387403,0.4160459968876391,0.0,0.0,0.0,0.0,"[0, 0, 0, 0, 0, 0, 0, 0, 0, 0, 0, 0, 0, 0, 0, 0, 0, 0, 0, 0, 0, 0, 0, 0, 0, 0, 0, 0, 0, 0]",0,train
SYN-0593,188.9708431984471,3088.027299357216,6.810396934775852,85.0,45.27307860178429,7.3403108031582605,728.5408370663865,0.08234092838358442,616.8751500686599,45.895361925068805,0.4824471277355356,0.0,0.0,0.0,0.0,"[0, 0, 0, 0, 0, 0, 0, 0, 0, 0, 0, 0, 0, 0, 0, 0, 0, 0, 0, 0, 0, 0, 0, 0, 0, 0, 0, 0, 0, 0]",0,validation
SYN-0594,232.51768596449318,3570.419592582975,4.780412131126553,53.0,63.195577278897986,14.042427292087167,816.5164121081938,0.5000301584392322,192.609428134802,74.86177311905969,0.5937498897139372,2.0,2.0,0.0,10.0,"[0, 0, 0, 0, 0, 0, 0, 0, 0, 0, 0, 0, 0, 0, 0, 0, 0, 0, 0, 0, 0, 0, 0, 0, 10, 10, 0, 0, 0, 0]",1,train
SYN-0595,664.6894552917383,3317.68894438374,8.769967906089393,103.0,171.5453393342744,3.196520433884751,693.3135874357514,0.5239176014214527,1886.8808724885275,45.952910180750926,0.32721784253304176,0.0,0.0,0.0,0.0,"[0, 0, 0, 0, 0, 0, 0, 0, 0, 0, 0, 0, 0, 0, 0, 0, 0, 0, 0, 0, 0, 0, 0, 0, 0, 0, 0, 0, 0, 0]",0,test
SYN-0596,279.96523987625767,6115.754999278028,14.743521129177408,53.0,19.658717457379247,12.437456150016978,805.6181797241127,0.6454228804152093,474.2349280305911,157.6934833770051,0.6334793594832435,4.0,2.0,0.0,35.0,"[0, 0, 0, 0, 0, 0, 0, 0, 0, 0, 10, 10, 0, 0, 0, 0, 0, 0, 0, 0, 0, 0, 0, 0, 0, 35, 10, 0, 0, 0]",1,test
SYN-0597,305.63699511020764,5051.536791229552,15.71483340566121,76.0,91.93911917388395,8.18619723293606,864.290589404743,0.2526524262461838,456.4100192166133,105.34285101513738,0.6454780453455404,2.0,1.0,0.0,10.0,"[0, 0, 0, 0, 0, 0, 0, 0, 0, 0, 0, 0, 3, 0, 0, 0, 0, 0, 0, 0, 0, 0, 0, 0, 10, 0, 0, 0, 0, 0]",0,validation
SYN-0598,440.0539230387019,7588.623415597089,4.055104741655262,99.0,91.98395511806005,15.070563147552779,742.3464477374041,0.5837259136354626,332.6319451665145,90.31653970376082,0.4142685368260832,6.0,0.0,0.0,65.0,"[0, 0, 0, 0, 3, 0, 65, 0, 35, 35, 0, 0, 0, 0, 10, 0, 0, 0, 10, 0, 0, 0, 0, 0, 0, 0, 0, 0, 0, 0]",0,train
SYN-0599,175.55391288079778,925.4435582252416,13.624118862343684,91.0,11.367959468584818,19.890993138293315,818.7784151556431,0.429153031840145,523.5549474328354,16.364895841948634,0.15797343878836945,0.0,0.0,0.0,0.0,"[0, 0, 0, 0, 0, 0, 0, 0, 0, 0, 0, 0, 0, 0, 0, 0, 0, 0, 0, 0, 0, 0, 0, 0, 0, 0, 0, 0, 0, 0]",0,validation
SYN-0600,490.6735319244143,7937.650918046933,13.110576586327756,108.0,95.38454485106624,12.731010130553827,937.0885352605492,0.12800817583893304,411.95103567359524,125.55149001652525,0.45027094492153197,0.0,0.0,0.0,0.0,"[0, 0, 0, 0, 0, 0, 0, 0, 0, 0, 0, 0, 0, 0, 0, 0, 0, 0, 0, 0, 0, 0, 0, 0, 0, 0, 0, 0, 0, 0]",0,train
SYN-0601,287.5602458172904,5869.400748205612,4.3512300999232325,46.0,42.96603432575001,10.697070543297775,730.030194338379,0.15575857506058496,745.9044438224182,138.76331024359845,0.6319696384068866,2.0,0.0,0.0,35.0,"[0, 0, 0, 0, 0, 0, 0, 0, 0, 0, 0, 0, 0, 0, 0, 0, 0, 35, 0, 0, 3, 0, 0, 0, 0, 0, 0, 0, 0, 0]",0,train
SYN-0602,512.9785777019904,9205.508053681362,5.994397089079763,78.0,50.68010568892674,13.509218823710983,617.8810148204467,0.4544565751824345,652.8656337762062,142.79179078904133,0.37715394928316787,4.0,0.0,0.0,65.0,"[0, 0, 0, 0, 0, 0, 3, 65, 0, 0, 0, 0, 0, 0, 0, 0, 0, 0, 0, 3, 0, 0, 3, 0, 0, 0, 0, 0, 0, 0]",0,train
SYN-0603,585.4731856168107,4506.603978667213,14.912690084692843,110.0,102.94418953035132,12.38631119570079,928.7688685744366,0.2446949454588187,1627.2349177125272,75.37917589260242,0.30457990187045986,0.0,0.0,0.0,0.0,"[0, 0, 0, 0, 0, 0, 0, 0, 0, 0, 0, 0, 0, 0, 0, 0, 0, 0, 0, 0, 0, 0, 0, 0, 0, 0, 0, 0, 0, 0]",0,train
SYN-0604,242.2582021877769,3020.6401143173757,9.709890816443146,81.0,59.3236276352192,14.748182271294802,848.1558338516561,0.44373448506243246,1072.7627978907396,50.98363674220329,0.4553293278876154,0.0,0.0,0.0,0.0,"[0, 0, 0, 0, 0, 0, 0, 0, 0, 0, 0, 0, 0, 0, 0, 0, 0, 0, 0, 0, 0, 0, 0, 0, 0, 0, 0, 0, 0, 0]",0,train
SYN-0605,209.32305261398446,3511.457300569567,10.630086921494774,99.0,52.53650208687018,2.5157155564750666,872.5231125765849,0.1870776963429302,138.9447426256345,53.41411589706564,0.5061583837080802,0.0,0.0,0.0,0.0,"[0, 0, 0, 0, 0, 0, 0, 0, 0, 0, 0, 0, 0, 0, 0, 0, 0, 0, 0, 0, 0, 0, 0, 0, 0, 0, 0, 0, 0, 0]",0,train
SYN-0606,445.4540210292363,5514.095021627532,6.741250594114277,35.0,84.70851776342596,12.281396495647154,856.2857952700489,0.2463114200110967,372.2115625695123,173.98177805976445,0.580734000841384,1.0,0.0,0.0,3.0,"[0, 0, 0, 0, 0, 0, 0, 0, 3, 0, 0, 0, 0, 0, 0, 0, 0, 0, 0, 0, 0, 0, 0, 0, 0, 0, 0, 0, 0, 0]",0,train
SYN-0607,769.1745460153347,14055.524932171009,3.253284555160779,109.0,130.81620091478308,18.937098466860796,770.1626590664916,0.5648996993597678,2313.8674744708724,149.11298889416975,0.36393454679319565,1.0,0.0,0.0,3.0,"[0, 0, 0, 0, 0, 0, 3, 0, 0, 0, 0, 0, 0, 0, 0, 0, 0, 0, 0, 0, 0, 0, 0, 0, 0, 0, 0, 0, 0, 0]",0,train
SYN-0608,486.1339793806825,6049.874226573993,4.474511960829164,25.0,156.1174416724079,0.44618955136984884,717.7395026697258,0.457823864010629,155.74832812751154,253.90001334022503,0.8434248013993605,12.0,2.0,1.0,10.0,"[3, 0, 0, 0, 0, 10, 0, 3, 0, 0, 0, 10, 3, 0, 0, 10, 3, 0, 0, 0, 3, 3, 3, 0, 0, 0, 0, 10, 0, 3]",1,train
SYN-0609,401.67505607746125,2634.3937921848965,8.306118051078524,101.0,131.0223557670986,19.82395300343153,764.4324425942377,0.5678811531421512,199.64649363482704,36.340793012793974,0.4166630370684938,1.0,0.0,0.0,3.0,"[0, 0, 0, 0, 0, 0, 0, 3, 0, 0, 0, 0, 0, 0, 0, 0, 0, 0, 0, 0, 0, 0, 0, 0, 0, 0, 0, 0, 0, 0]",0,train
SYN-0610,844.0335408648585,17182.30342166993,9.547269158636956,15.0,164.68790987019707,1.7470817724100418,911.3868657792498,0.027916075205421394,86.91646513666285,1219.7431809954985,1.6402560133417283,23.0,5.0,0.0,65.0,"[10, 10, 0, 0, 0, 3, 65, 65, 3, 10, 0, 0, 10, 10, 3, 3, 35, 10, 3, 3, 10, 10, 0, 10, 3, 35, 65, 10, 10, 0]",1,validation
SYN-0611,166.78286406774228,1993.185431482716,10.66981331598219,98.0,56.916177630773326,10.311071734248209,665.5157770708649,0.5413060380830914,1108.9285942350848,30.55555066555669,0.5244647211526574,1.0,0.0,0.0,3.0,"[0, 0, 0, 0, 0, 0, 0, 0, 3, 0, 0, 0, 0, 0, 0, 0, 0, 0, 0, 0, 0, 0, 0, 0, 0, 0, 0, 0, 0, 0]",0,train
SYN-0612,352.9144109519891,4185.480457534207,8.842147180642584,15.0,110.84716774827893,8.143171321277622,849.8172721932393,0.42373464055568766,266.61018775193304,295.7620147633021,1.1521467242291124,10.0,3.0,1.0,65.0,"[0, 0, 0, 35, 65, 0, 0, 0, 0, 0, 0, 65, 0, 0, 3, 35, 10, 0, 3, 0, 0, 0, 0, 0, 0, 10, 0, 0, 35, 10]",1,validation
SYN-0613,179.35097578561735,4275.897813634756,6.325336846457844,113.0,53.00542700659145,7.85217884692859,725.3736051524562,0.41981606912952923,220.4212578994597,50.3181114956441,0.5760968851696727,3.0,0.0,0.0,10.0,"[0, 0, 0, 0, 0, 0, 0, 0, 0, 0, 0, 0, 0, 0, 0, 0, 0, 0, 0, 0, 10, 10, 0, 3, 0, 0, 0, 0, 0, 0]",0,validation
SYN-0614,264.0734751458992,6273.996883245172,14.171304949436339,70.0,64.58579193717033,4.248531077207158,847.3018095456745,0.36180371267690653,571.4197771880501,132.22082937801127,0.7452722057997191,1.0,0.0,0.0,3.0,"[0, 0, 0, 0, 0, 0, 0, 0, 0, 0, 3, 0, 0, 0, 0, 0, 0, 0, 0, 0, 0, 0, 0, 0, 0, 0, 0, 0, 0, 0]",0,train
SYN-0615,258.6781339569222,1811.3732316595886,8.69839306770894,44.0,44.21687289748588,13.385722405739893,740.4953676990633,0.5481557654029451,495.19897014188683,48.22874679395253,0.3573770162840027,0.0,0.0,0.0,0.0,"[0, 0, 0, 0, 0, 0, 0, 0, 0, 0, 0, 0, 0, 0, 0, 0, 0, 0, 0, 0, 0, 0, 0, 0, 0, 0, 0, 0, 0, 0]",0,train
SYN-0616,195.639409559339,4651.783349406088,6.525680829154396,81.0,33.570193433907804,12.238990876472979,708.761024437989,0.8047008491464129,419.2431395121823,71.15687580092738,0.5353066106196289,4.0,1.0,0.0,35.0,"[0, 0, 3, 0, 0, 10, 0, 0, 0, 0, 0, 0, 0, 0, 0, 0, 0, 0, 0, 0, 3, 0, 0, 0, 0, 0, 0, 0, 35, 0]",1,train
SYN-0617,298.57081155614156,3475.4219709063877,5.87906237866439,87.0,62.09473700504366,1.5768549222374584,862.8357725601319,0.23126930146999428,228.9552530588402,49.16007656768271,0.37262454756668884,0.0,0.0,0.0,0.0,"[0, 0, 0, 0, 0, 0, 0, 0, 0, 0, 0, 0, 0, 0, 0, 0, 0, 0, 0, 0, 0, 0, 0, 0, 0, 0, 0, 0, 0, 0]",0,train
SYN-0618,693.3134685238978,3537.0704514778863,6.162317343483133,71.0,138.40433549304097,8.471261190835113,724.349215074021,0.06130706139342944,2606.0873218193533,59.576855082714246,0.285557975669026,0.0,0.0,0.0,0.0,"[0, 0, 0, 0, 0, 0, 0, 0, 0, 0, 0, 0, 0, 0, 0, 0, 0, 0, 0, 0, 0, 0, 0, 0, 0, 0, 0, 0, 0, 0]",0,test
SYN-0619,100.0,1350.135109417816,15.821506716620759,118.0,6.116430651158924,11.863714162488844,799.1851036482293,0.36404105433805417,107.28568802196523,22.62397344808954,0.2874040409924847,0.0,0.0,0.0,0.0,"[0, 0, 0, 0, 0, 0, 0, 0, 0, 0, 0, 0, 0, 0, 0, 0, 0, 0, 0, 0, 0, 0, 0, 0, 0, 0, 0, 0, 0, 0]",0,validation
SYN-0620,342.59548108993965,4869.51278237425,4.22125221681954,79.0,107.03311394121262,9.657944215520331,870.3438760061262,0.7828641364122577,1689.8851372757274,70.70800810577764,0.5188075495961632,0.0,0.0,0.0,0.0,"[0, 0, 0, 0, 0, 0, 0, 0, 0, 0, 0, 0, 0, 0, 0, 0, 0, 0, 0, 0, 0, 0, 0, 0, 0, 0, 0, 0, 0, 0]",0,test
SYN-0621,342.4235841953834,4024.280174325223,12.524886295305972,103.0,52.92670802928653,18.639609208140676,778.5265950685499,0.2704363134403986,492.89464029215424,63.949730556585756,0.3413212289699759,0.0,0.0,0.0,0.0,"[0, 0, 0, 0, 0, 0, 0, 0, 0, 0, 0, 0, 0, 0, 0, 0, 0, 0, 0, 0, 0, 0, 0, 0, 0, 0, 0, 0, 0, 0]",0,train
SYN-0622,193.74859317537073,4157.400513871743,4.266891200293582,28.0,50.524318969985806,18.041473433303572,800.2445061582454,0.48195356420306934,282.01075732319447,156.25614262648818,1.0672617447565542,10.0,4.0,1.0,10.0,"[0, 0, 0, 10, 0, 3, 0, 0, 0, 0, 0, 3, 0, 0, 0, 0, 10, 3, 0, 0, 0, 10, 0, 0, 3, 0, 0, 3, 10, 3]",0,train
SYN-0623,541.7360723428775,5677.827463432987,8.405581413890147,46.0,20.97792116120196,0.7134298383953275,752.4530586432113,0.4950775223568535,720.0566759432685,144.81078106552934,0.30603223726589823,1.0,0.0,0.0,3.0,"[0, 0, 0, 0, 0, 0, 0, 3, 0, 0, 0, 0, 0, 0, 0, 0, 0, 0, 0, 0, 0, 0, 0, 0, 0, 0, 0, 0, 0, 0]",0,train
SYN-0624,566.1056689036941,2296.2618898773344,4.163683788627227,87.0,143.65610403824914,10.990908885231377,791.9554928174382,0.4421549727517969,1471.043790136493,30.623066189048043,0.3078562533471919,1.0,0.0,0.0,3.0,"[0, 0, 0, 0, 0, 0, 0, 0, 0, 0, 0, 0, 0, 0, 0, 3, 0, 0, 0, 0, 0, 0, 0, 0, 0, 0, 0, 0, 0, 0]",0,validation
SYN-0625,454.8668447950849,9002.036433689147,3.7089750961364865,34.0,13.21924455893048,1.1797554245621966,745.7169820691571,0.38900460499269895,2674.8089341057016,279.32978076835525,0.6431531088160042,2.0,0.0,0.0,10.0,"[0, 0, 0, 0, 0, 0, 0, 0, 0, 0, 0, 0, 3, 0, 10, 0, 0, 0, 0, 0, 0, 0, 0, 0, 0, 0, 0, 0, 0, 0]",1,test
SYN-0626,221.41032967410743,4113.9171443860105,10.36638763124359,39.0,7.579718527962313,6.482673576006148,785.7289201569542,0.4052295056787064,260.7154887392965,124.70101317914153,0.5974460717429356,2.0,0.0,0.0,3.0,"[0, 0, 3, 0, 0, 0, 0, 0, 0, 0, 0, 3, 0, 0, 0, 0, 0, 0, 0, 0, 0, 0, 0, 0, 0, 0, 0, 0, 0, 0]",0,train
SYN-0627,276.5443929515777,5520.608261496631,8.749265929865697,56.0,41.28628137919279,4.436110460063563,789.3010775301276,0.4191780775680431,335.4423816875911,120.42759018728982,0.584766408895509,1.0,0.0,0.0,3.0,"[0, 0, 0, 0, 0, 0, 0, 0, 0, 0, 0, 0, 0, 0, 0, 0, 0, 0, 0, 0, 0, 0, 0, 3, 0, 0, 0, 0, 0, 0]",0,train
SYN-0628,322.03063846145125,5707.358647596425,7.122149400753287,88.0,100.73337913380426,8.534312878797454,838.1682910250119,0.32214258231996,549.0925055246989,83.44894195932251,0.5719403655909416,1.0,0.0,0.0,35.0,"[0, 0, 0, 0, 0, 0, 0, 0, 0, 0, 0, 0, 0, 0, 0, 0, 0, 0, 0, 0, 35, 0, 0, 0, 0, 0, 0, 0, 0, 0]",0,train
SYN-0629,262.13456616566697,1399.8704233902438,15.328082340362602,39.0,55.101103872950205,7.6342694748101,737.2905944778079,0.5896308716478039,289.79117946601366,45.79803986124227,0.3849135396757443,2.0,0.0,0.0,10.0,"[0, 0, 0, 0, 0, 0, 0, 0, 0, 3, 0, 0, 0, 0, 0, 0, 0, 0, 0, 10, 0, 0, 0, 0, 0, 0, 0, 0, 0, 0]",0,validation
SYN-0630,782.9870304118524,7040.95470977193,5.025849332886738,88.0,260.84887316759443,14.918307129738642,967.6648251199957,0.12965961153028266,789.2169660241067,95.82456194210337,0.455529173863949,0.0,0.0,0.0,0.0,"[0, 0, 0, 0, 0, 0, 0, 0, 0, 0, 0, 0, 0, 0, 0, 0, 0, 0, 0, 0, 0, 0, 0, 0, 0, 0, 0, 0, 0, 0]",0,train
SYN-0631,495.39751568752075,4786.523458122786,11.58260029947678,33.0,60.54030253826781,17.328651385748188,849.90769727885,0.38186723674311585,61.95645214357685,170.06360812935722,0.4654926667276261,0.0,0.0,0.0,0.0,"[0, 0, 0, 0, 0, 0, 0, 0, 0, 0, 0, 0, 0, 0, 0, 0, 0, 0, 0, 0, 0, 0, 0, 0, 0, 0, 0, 0, 0, 0]",0,train
SYN-0632,307.81617199700963,5266.966716768007,7.024781173601958,72.0,98.98240398072404,19.797986081513876,704.2404262506282,0.5207130549080761,251.9102181526342,89.8592372597048,0.6134883687731111,11.0,3.0,1.0,65.0,"[0, 0, 0, 0, 0, 0, 0, 3, 10, 10, 3, 3, 10, 3, 0, 65, 0, 0, 0, 0, 0, 0, 0, 0, 0, 35, 0, 0, 35, 10]",1,validation
SYN-0633,447.1753156237308,1858.8105005398131,4.495755651986203,54.0,84.16306003352875,10.023121504506436,757.687405013436,0.4863803484985538,1061.9030259611309,38.08594718969419,0.27338049072030535,3.0,0.0,0.0,65.0,"[35, 0, 0, 0, 0, 0, 0, 0, 0, 0, 65, 0, 0, 0, 0, 0, 0, 0, 0, 0, 0, 0, 0, 10, 0, 0, 0, 0, 0, 0]",0,test
SYN-0634,191.18128768066174,2984.8419822423234,3.228502047345187,98.0,32.53749792178878,9.057443240166101,980.2244650265397,0.2847933341042854,138.3520444789286,34.68976491881005,0.35164143759137867,0.0,0.0,0.0,0.0,"[0, 0, 0, 0, 0, 0, 0, 0, 0, 0, 0, 0, 0, 0, 0, 0, 0, 0, 0, 0, 0, 0, 0, 0, 0, 0, 0, 0, 0, 0]",0,validation
SYN-0635,169.6972549903961,2864.0554866407865,11.878696738129015,71.0,5.373562179104613,7.6603345381539185,760.3754914008438,0.5205723960523867,20.835180145358155,56.35265723224719,0.36374318143711376,5.0,2.0,0.0,65.0,"[0, 0, 0, 0, 0, 0, 10, 0, 0, 0, 0, 0, 0, 0, 0, 0, 0, 0, 0, 10, 0, 10, 0, 0, 3, 0, 0, 65, 0, 0]",0,train
SYN-0636,289.8132207133111,3328.2672930158237,5.530691554893165,51.0,43.9266250884108,12.308410941462801,774.1681696666242,0.3973137077393678,40.15084928061808,73.37976531132917,0.40476549037692705,1.0,0.0,0.0,3.0,"[0, 0, 0, 0, 0, 0, 0, 0, 0, 0, 0, 0, 0, 0, 0, 0, 0, 0, 0, 0, 0, 0, 0, 3, 0, 0, 0, 0, 0, 0]",0,train
SYN-0637,976.7472405802972,4973.637019392106,8.016475899584563,48.0,317.00237501528846,1.9329917963862364,746.7738381524772,0.5937907373123963,3887.365058475633,121.45948322034215,0.44890002246142535,1.0,0.0,0.0,10.0,"[0, 0, 0, 0, 0, 0, 0, 10, 0, 0, 0, 0, 0, 0, 0, 0, 0, 0, 0, 0, 0, 0, 0, 0, 0, 0, 0, 0, 0, 0]",0,train
SYN-0638,133.7683788997619,2873.4927406332845,9.546272867962799,22.0,2.9465977425886045,11.922125882837996,711.6888142425039,0.468918406441693,92.29883869505868,142.89369965864748,1.0902449338234126,9.0,2.0,1.0,35.0,"[35, 10, 0, 0, 0, 0, 0, 0, 0, 10, 0, 10, 3, 3, 0, 0, 0, 0, 10, 0, 0, 0, 0, 0, 0, 0, 0, 3, 0, 3]",0,test
SYN-0639,420.35934028690315,7652.110339102351,7.760049377775526,49.0,49.700899374927396,13.599124704530288,765.2665623445556,0.829037460064505,801.2480102605327,182.7121865388192,0.552891451763913,2.0,0.0,0.0,35.0,"[0, 0, 0, 0, 0, 0, 0, 0, 0, 0, 0, 0, 10, 0, 0, 0, 0, 0, 0, 0, 0, 35, 0, 0, 0, 0, 0, 0, 0, 0]",0,test
SYN-0640,670.4286137986509,2755.440348693166,3.0335930169788803,43.0,77.03490248287841,12.774718677322037,809.4228576916478,0.21479670004290422,1232.6970381396347,67.7068476979206,0.21589435057178083,0.0,0.0,0.0,0.0,"[0, 0, 0, 0, 0, 0, 0, 0, 0, 0, 0, 0, 0, 0, 0, 0, 0, 0, 0, 0, 0, 0, 0, 0, 0, 0, 0, 0, 0, 0]",0,test
SYN-0641,230.23127356471701,5188.975758243651,7.344882578538215,82.0,78.72752097703086,6.438848751531063,720.1714740558887,0.6607055684247338,625.1253297756919,80.6726649827336,0.6923481049804372,7.0,0.0,0.0,35.0,"[0, 0, 0, 0, 0, 0, 35, 10, 0, 0, 10, 35, 0, 0, 3, 0, 3, 10, 0, 0, 0, 0, 0, 0, 0, 0, 0, 0, 0, 0]",0,test
SYN-0642,382.4595540179423,7642.434496631319,13.356339101113207,84.0,72.81605955237897,5.143891412299729,751.5554155484527,0.31211569644367926,729.9754820089904,140.51570658631036,0.5577890888004364,2.0,0.0,0.0,35.0,"[0, 35, 0, 0, 10, 0, 0, 0, 0, 0, 0, 0, 0, 0, 0, 0, 0, 0, 0, 0, 0, 0, 0, 0, 0, 0, 0, 0, 0, 0]",0,train
SYN-0643,371.87910758239514,8469.523467597997,13.067086099204008,15.0,76.09468851436183,18.751884046123692,730.9686584142198,0.68377771571845,336.0581867115723,615.0649139403705,1.8585599146668814,29.0,6.0,1.0,65.0,"[3, 35, 10, 10, 0, 10, 35, 10, 35, 10, 10, 3, 3, 65, 3, 3, 35, 3, 10, 65, 35, 3, 35, 10, 10, 3, 10, 3, 3, 3]",1,train
SYN-0644,225.8604183068419,2959.1516221114616,8.54583804625877,85.0,49.13071420653713,19.853782794117397,693.8499799807752,0.6374679635391385,205.14269931145662,46.527120446772045,0.423526332636795,4.0,1.0,0.0,10.0,"[0, 0, 0, 0, 10, 3, 0, 0, 0, 0, 0, 0, 0, 0, 0, 0, 0, 0, 0, 0, 0, 3, 0, 0, 3, 0, 0, 0, 0, 0]",0,train
SYN-0645,189.55301334854093,1303.2740398411204,12.094039836146576,39.0,4.753282370566507,7.92135496071494,807.7370350575145,0.29093194428788755,145.00386356354784,40.57982207607129,0.2391579202345967,1.0,0.0,0.0,10.0,"[0, 0, 0, 0, 0, 0, 10, 0, 0, 0, 0, 0, 0, 0, 0, 0, 0, 0, 0, 0, 0, 0, 0, 0, 0, 0, 0, 0, 0, 0]",0,validation
SYN-0646,608.7091363274051,2582.5551914437274,14.096548952769378,30.0,137.27775477213268,16.540886197550908,703.3028122167594,0.7395116092896763,587.2601690492082,102.64256318122946,0.39414607673034285,1.0,0.0,0.0,3.0,"[0, 0, 0, 0, 0, 0, 0, 0, 0, 0, 0, 0, 0, 3, 0, 0, 0, 0, 0, 0, 0, 0, 0, 0, 0, 0, 0, 0, 0, 0]",0,train
SYN-0647,180.00661452268602,1479.6853096992331,10.820979674055472,74.0,20.610438089003765,17.700529509303152,887.0480698046368,0.1578227295541362,761.8537581605525,27.49056220051166,0.2672179598347666,0.0,0.0,0.0,0.0,"[0, 0, 0, 0, 0, 0, 0, 0, 0, 0, 0, 0, 0, 0, 0, 0, 0, 0, 0, 0, 0, 0, 0, 0, 0, 0, 0, 0, 0, 0]",0,train
SYN-0648,279.5493400227118,2713.258654609099,4.8725395821446345,98.0,65.90352689563241,19.33302869714486,834.6759996291365,0.48317217082320113,254.5826901254123,33.614644079982035,0.3559950131434013,0.0,0.0,0.0,0.0,"[0, 0, 0, 0, 0, 0, 0, 0, 0, 0, 0, 0, 0, 0, 0, 0, 0, 0, 0, 0, 0, 0, 0, 0, 0, 0, 0, 0, 0, 0]",0,validation
SYN-0649,542.4202991933714,2376.1386305751084,9.686791451162854,78.0,70.87061047390283,19.22014328116936,874.7038088827412,0.31120987336560796,645.7355616698101,41.172466975405506,0.2065613650815182,0.0,0.0,0.0,0.0,"[0, 0, 0, 0, 0, 0, 0, 0, 0, 0, 0, 0, 0, 0, 0, 0, 0, 0, 0, 0, 0, 0, 0, 0, 0, 0, 0, 0, 0, 0]",0,train
SYN-0650,485.4264458275595,10834.901766182184,3.5919464335395923,89.0,14.157018923127463,14.068638795596788,746.4542427484591,0.249929618938755,2838.5377688107264,138.85665078419436,0.3152149435255071,1.0,0.0,0.0,3.0,"[0, 0, 0, 3, 0, 0, 0, 0, 0, 0, 0, 0, 0, 0, 0, 0, 0, 0, 0, 0, 0, 0, 0, 0, 0, 0, 0, 0, 0, 0]",0,validation
SYN-0651,313.79562322383185,4307.193409528482,8.569591254752945,60.0,18.80189887026882,15.020491911435133,799.6304803985598,0.5547694893815608,324.3600768009158,88.51320375634309,0.3419904379930231,1.0,0.0,0.0,10.0,"[0, 0, 0, 0, 0, 0, 0, 10, 0, 0, 0, 0, 0, 0, 0, 0, 0, 0, 0, 0, 0, 0, 0, 0, 0, 0, 0, 0, 0, 0]",0,test
SYN-0652,246.52004432319438,5722.51973924225,6.308759963880015,54.0,5.697104494782163,19.083977291131184,844.5148613750467,0.282167611733502,387.5318066800994,122.00234590392903,0.5180083864957196,1.0,0.0,0.0,10.0,"[0, 0, 0, 0, 0, 0, 0, 0, 0, 0, 0, 0, 0, 0, 0, 0, 0, 0, 0, 0, 0, 0, 10, 0, 0, 0, 0, 0, 0, 0]",0,train
SYN-0653,263.37176148123154,2662.0765942467115,3.4639590074100735,41.0,7.498084658147598,2.4914626935523843,785.184193728643,0.25552784717723265,43.13728155992691,68.94024566718753,0.2902297873372514,1.0,0.0,0.0,35.0,"[0, 0, 0, 0, 0, 0, 0, 0, 0, 0, 0, 0, 35, 0, 0, 0, 0, 0, 0, 0, 0, 0, 0, 0, 0, 0, 0, 0, 0, 0]",0,validation
SYN-0654,659.584813682141,14341.927706597566,3.5465630563482646,47.0,20.631904992047307,3.2006510871853044,860.7571401994251,0.22381669010503435,246.20869642908357,327.28144123567864,0.5274732513708056,0.0,0.0,0.0,0.0,"[0, 0, 0, 0, 0, 0, 0, 0, 0, 0, 0, 0, 0, 0, 0, 0, 0, 0, 0, 0, 0, 0, 0, 0, 0, 0, 0, 0, 0, 0]",1,validation
SYN-0655,317.82648094860696,5678.117995191654,5.251100291260044,106.0,61.273971706034295,13.033537052456744,830.631129221285,0.4891350418092566,162.90067937901532,67.0626883368865,0.4037947362343071,0.0,0.0,0.0,0.0,"[0, 0, 0, 0, 0, 0, 0, 0, 0, 0, 0, 0, 0, 0, 0, 0, 0, 0, 0, 0, 0, 0, 0, 0, 0, 0, 0, 0, 0, 0]",0,train
SYN-0656,782.6330842876407,17702.059136258915,9.547808562496245,21.0,201.0562319408971,15.604998294339307,785.0340641638869,0.6778320307693808,795.3403054636296,918.6800067743302,1.4307294966126058,20.0,4.0,0.0,35.0,"[0, 35, 10, 10, 35, 35, 0, 3, 3, 10, 10, 3, 0, 3, 0, 35, 10, 0, 3, 10, 0, 3, 0, 0, 0, 10, 10, 35, 3, 0]",0,train
SYN-0657,327.2899531384156,1211.738877464111,13.12551612606834,86.0,59.93309294486879,4.986333215705261,696.3715192051277,0.5473062797126019,97.59725630715477,21.812409783870148,0.24976477873785388,3.0,0.0,0.0,10.0,"[0, 0, 3, 0, 0, 0, 10, 0, 0, 0, 0, 0, 0, 0, 0, 0, 0, 0, 0, 0, 0, 10, 0, 0, 0, 0, 0, 0, 0, 0]",0,train
SYN-0658,318.6610742975994,1332.748380397566,8.73431761481383,38.0,77.53786638353351,0.29526525266312387,772.083605419074,0.6650833110300672,944.7157780942105,40.27257551716305,0.3697045274838706,2.0,0.0,0.0,3.0,"[0, 0, 0, 3, 0, 3, 0, 0, 0, 0, 0, 0, 0, 0, 0, 0, 0, 0, 0, 0, 0, 0, 0, 0, 0, 0, 0, 0, 0, 0]",0,train
SYN-0659,253.7815276636762,3765.567589335135,3.5804770176762317,26.0,73.44236240041445,5.246506867113643,762.5346697472896,0.07720418128512072,123.35018965927345,150.73572054146902,0.8833506717595905,7.0,2.0,0.0,35.0,"[0, 0, 0, 0, 35, 0, 0, 0, 0, 3, 0, 0, 35, 10, 0, 0, 0, 0, 0, 0, 0, 0, 10, 0, 3, 0, 3, 0, 0, 0]",0,train
SYN-0660,283.2698982544918,3774.2916244725516,10.867094276684561,54.0,8.401845092624658,0.9824167130352435,725.941978620185,0.6348695756736568,1121.2285800924985,88.68127869763626,0.34272305101419814,1.0,0.0,0.0,35.0,"[0, 0, 35, 0, 0, 0, 0, 0, 0, 0, 0, 0, 0, 0, 0, 0, 0, 0, 0, 0, 0, 0, 0, 0, 0, 0, 0, 0, 0, 0]",0,test
SYN-0661,393.7711519792043,5262.37265546467,12.406827892998221,65.0,102.55549605083084,6.244102830584188,743.4353585512688,0.560297637792725,1260.1420462209198,111.59029181578242,0.5438331040510622,1.0,0.0,0.0,3.0,"[0, 0, 0, 3, 0, 0, 0, 0, 0, 0, 0, 0, 0, 0, 0, 0, 0, 0, 0, 0, 0, 0, 0, 0, 0, 0, 0, 0, 0, 0]",0,train
SYN-0662,387.5715094442737,6735.811004804703,8.531956173745534,105.0,82.8930650367631,12.77626247473253,891.9475534400902,0.12524286394560782,519.8544127367609,91.26590881952002,0.4493595881338235,0.0,0.0,0.0,0.0,"[0, 0, 0, 0, 0, 0, 0, 0, 0, 0, 0, 0, 0, 0, 0, 0, 0, 0, 0, 0, 0, 0, 0, 0, 0, 0, 0, 0, 0, 0]",0,validation
SYN-0663,199.97564596761788,1350.077880192714,11.231664238315268,22.0,12.832847836334796,11.914001866221549,814.2895669097746,0.11879222826106285,525.7567533611716,68.18776974762142,0.40515242339597646,0.0,0.0,0.0,0.0,"[0, 0, 0, 0, 0, 0, 0, 0, 0, 0, 0, 0, 0, 0, 0, 0, 0, 0, 0, 0, 0, 0, 0, 0, 0, 0, 0, 0, 0, 0]",0,train
SYN-0664,289.8707968166379,1123.116560252002,10.098495170859685,54.0,63.92557702864806,13.477934450743149,814.365865136539,0.807321573725862,382.0488215018454,25.9668046175661,0.31011189341393686,1.0,0.0,0.0,3.0,"[0, 0, 0, 0, 0, 0, 0, 0, 0, 0, 0, 0, 0, 0, 0, 0, 0, 0, 0, 0, 0, 3, 0, 0, 0, 0, 0, 0, 0, 0]",0,train
SYN-0665,448.94023184801244,6339.299757934202,14.070557991489448,37.0,16.13044841791619,9.94309497861639,869.9888843120954,0.46312934349416607,633.1210869868047,212.16402447301104,0.5085186327613778,0.0,0.0,0.0,0.0,"[0, 0, 0, 0, 0, 0, 0, 0, 0, 0, 0, 0, 0, 0, 0, 0, 0, 0, 0, 0, 0, 0, 0, 0, 0, 0, 0, 0, 0, 0]",0,test
SYN-0666,401.7914198743189,8254.827097663912,11.558241161987416,34.0,122.63398580402962,11.137459820400945,803.8407524720008,0.5152652425311485,2038.749298043287,285.8667593830748,1.0166985280942142,0.0,0.0,0.0,0.0,"[0, 0, 0, 0, 0, 0, 0, 0, 0, 0, 0, 0, 0, 0, 0, 0, 0, 0, 0, 0, 0, 0, 0, 0, 0, 0, 0, 0, 0, 0]",0,validation
SYN-0667,411.9818196092349,1277.7838501405786,14.432749707175596,43.0,46.60095444162188,17.54162698500939,800.4319334867137,0.324320355569862,304.3945970685797,38.23389327513229,0.20591891117239128,1.0,0.0,0.0,3.0,"[0, 0, 0, 0, 3, 0, 0, 0, 0, 0, 0, 0, 0, 0, 0, 0, 0, 0, 0, 0, 0, 0, 0, 0, 0, 0, 0, 0, 0, 0]",0,train
SYN-0668,111.78955766208337,1686.2832765267742,14.932805639289015,25.0,24.234268434611625,0.6164100061684019,761.2528632291726,0.4850124848172654,87.38258945837518,78.90200384725152,0.9225930797009028,15.0,4.0,1.0,65.0,"[0, 0, 0, 65, 0, 0, 3, 10, 3, 0, 0, 0, 0, 3, 0, 10, 10, 0, 0, 3, 10, 35, 35, 0, 0, 35, 65, 3, 0, 3]",1,train
SYN-0669,393.3416304367654,5286.583586492303,13.255369083485434,111.0,122.89373328296207,15.565378410095438,882.7780393443427,0.09349846360810025,327.44884006810565,82.8796167988233,0.5231415496328097,0.0,0.0,0.0,0.0,"[0, 0, 0, 0, 0, 0, 0, 0, 0, 0, 0, 0, 0, 0, 0, 0, 0, 0, 0, 0, 0, 0, 0, 0, 0, 0, 0, 0, 0, 0]",0,train
SYN-0670,193.06591230553522,4601.3845476676715,12.501292234316335,79.0,57.25462075824583,3.180994238848569,826.902793288173,0.3809816503226918,14.406409844843623,85.75091163455278,0.740708345067596,8.0,3.0,0.0,35.0,"[3, 0, 0, 35, 3, 0, 0, 0, 0, 0, 0, 0, 0, 3, 0, 0, 0, 35, 0, 0, 0, 0, 0, 0, 0, 0, 3, 3, 3, 0]",1,test
SYN-0671,561.0672032866044,8996.437725499956,8.563440476021876,53.0,78.0022702441788,9.801971487273349,778.3479666558773,0.417212273378983,2327.227745675119,204.4607843101455,0.5034388980495025,1.0,1.0,0.0,3.0,"[0, 0, 0, 0, 0, 0, 0, 0, 0, 0, 0, 0, 0, 0, 0, 0, 0, 0, 0, 0, 0, 0, 0, 0, 0, 0, 3, 0, 0, 0]",1,validation
SYN-0672,460.41774608297516,10116.90181194229,4.096281100351101,63.0,106.44250008898125,14.170033960901605,770.9238723952834,0.4532606581593071,1513.1308097909,178.74441331222548,0.619409038481786,0.0,0.0,0.0,0.0,"[0, 0, 0, 0, 0, 0, 0, 0, 0, 0, 0, 0, 0, 0, 0, 0, 0, 0, 0, 0, 0, 0, 0, 0, 0, 0, 0, 0, 0, 0]",1,validation
SYN-0673,223.29721450642845,2494.5519690597885,5.053184248634906,17.0,75.6348985369344,19.842860716860336,837.0870968796567,0.16213969686520102,467.8115220309774,152.36188271232768,1.0210462398880409,6.0,1.0,1.0,65.0,"[0, 0, 0, 0, 65, 0, 0, 0, 0, 0, 0, 3, 3, 0, 3, 0, 35, 0, 0, 0, 0, 0, 0, 0, 0, 0, 0, 0, 0, 10]",0,test
SYN-0674,374.7955310444011,6855.016703828447,15.66951250798929,106.0,104.60261412207223,0.07699984828905881,723.0566856417403,0.49855436869642966,265.77712357403146,119.79599106462985,0.5987227343970601,2.0,0.0,0.0,10.0,"[10, 0, 0, 3, 0, 0, 0, 0, 0, 0, 0, 0, 0, 0, 0, 0, 0, 0, 0, 0, 0, 0, 0, 0, 0, 0, 0, 0, 0, 0]",0,train
SYN-0675,283.28562195088045,5993.511344387356,6.597010865131081,55.0,53.24371315471686,5.066416114096923,767.123679530462,0.5719930402410611,319.65373593607626,126.57358826341553,0.6347561876942392,6.0,2.0,1.0,65.0,"[0, 0, 0, 0, 0, 0, 10, 0, 0, 10, 3, 0, 0, 10, 0, 0, 0, 0, 0, 0, 0, 0, 0, 0, 0, 0, 0, 65, 0, 3]",1,train
SYN-0676,285.56262410309387,5218.302061817959,12.992008624033973,49.0,78.3866085495431,1.8022232656878678,797.2521470461774,0.2454781660359661,444.45756440811977,137.7926406211096,0.7570292150439395,3.0,0.0,0.0,35.0,"[3, 0, 10, 0, 0, 0, 0, 0, 0, 0, 0, 0, 0, 0, 0, 0, 0, 35, 0, 0, 0, 0, 0, 0, 0, 0, 0, 0, 0, 0]",0,train
SYN-0677,382.66466733144165,4480.979055989971,4.485478543209545,21.0,10.862244080278867,0.5746612127979245,860.2552402315314,0.39275251159785196,243.4056719829449,222.2625745797485,0.6092143815778747,0.0,0.0,0.0,0.0,"[0, 0, 0, 0, 0, 0, 0, 0, 0, 0, 0, 0, 0, 0, 0, 0, 0, 0, 0, 0, 0, 0, 0, 0, 0, 0, 0, 0, 0, 0]",0,train
SYN-0678,516.6714825756485,7158.462052804426,3.923104427278181,82.0,151.58324498692198,1.4423352654799526,881.4846745245658,0.3322745767203151,501.8777569653215,99.66369650784394,0.486279870222912,2.0,2.0,0.0,35.0,"[0, 0, 0, 0, 0, 0, 0, 0, 0, 0, 0, 0, 0, 0, 0, 0, 0, 0, 0, 0, 0, 0, 0, 0, 0, 35, 3, 0, 0, 0]",0,train
SYN-0679,254.0645773678188,5222.508857812989,5.542453874687823,71.0,16.500630695005853,11.892335030443284,847.3193674671066,0.4446396067892965,518.5905278276317,86.44331431841279,0.40518810642533154,1.0,0.0,0.0,3.0,"[0, 0, 0, 0, 0, 0, 0, 0, 0, 0, 0, 0, 3, 0, 0, 0, 0, 0, 0, 0, 0, 0, 0, 0, 0, 0, 0, 0, 0, 0]",0,train
SYN-0680,590.1586631158667,9705.815647465624,13.089002560096679,97.0,81.92713090151818,19.53634157901259,867.0861617844395,0.4260112377571441,2637.213770515471,162.6544110589775,0.414433536685162,0.0,0.0,0.0,0.0,"[0, 0, 0, 0, 0, 0, 0, 0, 0, 0, 0, 0, 0, 0, 0, 0, 0, 0, 0, 0, 0, 0, 0, 0, 0, 0, 0, 0, 0, 0]",0,test
SYN-0681,301.60251815272227,5879.519100947541,10.469660591562885,98.0,89.14153288138542,0.1438011222317237,807.8054390778922,0.24734265306550202,273.3929462528137,89.50095667957665,0.592311001430376,2.0,1.0,0.0,10.0,"[0, 0, 0, 0, 0, 0, 0, 0, 10, 0, 0, 0, 0, 0, 0, 0, 0, 0, 0, 0, 0, 0, 0, 0, 10, 0, 0, 0, 0, 0]",0,test
SYN-0682,329.9682091711453,1604.3089358935165,12.320401005830409,62.0,18.836884996838247,15.345283080299815,893.6449446767342,0.1122498838193829,161.22299809147722,35.10781522565611,0.1634845379741257,0.0,0.0,0.0,0.0,"[0, 0, 0, 0, 0, 0, 0, 0, 0, 0, 0, 0, 0, 0, 0, 0, 0, 0, 0, 0, 0, 0, 0, 0, 0, 0, 0, 0, 0, 0]",0,train
SYN-0683,262.6618129929144,2580.7583854869363,9.201910992446452,46.0,6.608668662277503,14.24499541358865,764.4949521381199,0.2674628599589037,822.7687995588183,66.79155574232709,0.2794476424579642,1.0,0.0,0.0,10.0,"[0, 0, 0, 0, 0, 0, 0, 0, 0, 0, 0, 0, 0, 0, 0, 0, 0, 0, 0, 10, 0, 0, 0, 0, 0, 0, 0, 0, 0, 0]",0,train
SYN-0684,209.8905826738961,1214.2706034859584,11.049841944756016,50.0,15.810930335893868,11.75673452378539,832.4208353294024,0.2356630783941676,74.03394933351457,30.413224060179072,0.22022976832596025,0.0,0.0,0.0,0.0,"[0, 0, 0, 0, 0, 0, 0, 0, 0, 0, 0, 0, 0, 0, 0, 0, 0, 0, 0, 0, 0, 0, 0, 0, 0, 0, 0, 0, 0, 0]",0,validation
SYN-0685,397.30636774518064,7111.400517358377,7.882668465506049,16.0,68.41776471781799,13.04410471204488,767.2656155245886,0.3681331530125783,85.21278440302633,469.68549050536956,1.3543786329855891,15.0,2.0,0.0,65.0,"[0, 35, 10, 10, 0, 10, 10, 0, 0, 10, 3, 3, 10, 3, 3, 0, 65, 10, 0, 0, 0, 0, 0, 0, 3, 3, 0, 0, 0, 0]",0,train
SYN-0686,314.11237421932674,5701.238662361285,9.746746342755177,105.0,65.95812227963945,8.744869506796002,791.8115733931218,0.6660289206357384,192.22841468079366,80.91028201334674,0.46756643910639567,1.0,0.0,0.0,35.0,"[0, 0, 0, 0, 0, 0, 35, 0, 0, 0, 0, 0, 0, 0, 0, 0, 0, 0, 0, 0, 0, 0, 0, 0, 0, 0, 0, 0, 0, 0]",0,validation
SYN-0687,558.8591567776266,6131.081456732142,14.617071939397865,27.0,25.019795783821685,14.525747911372228,687.3888557943313,0.4482477928280457,2293.469006034212,267.82915739221875,0.5240120871680854,2.0,0.0,0.0,10.0,"[0, 0, 0, 0, 0, 0, 0, 0, 0, 0, 0, 0, 10, 0, 0, 0, 0, 0, 0, 0, 0, 10, 0, 0, 0, 0, 0, 0, 0, 0]",0,train
SYN-0688,271.2656533035732,2066.168090808749,12.309955485958435,59.0,91.84836045765707,8.751298570948627,804.5751512234602,0.5897807130124365,0.6459823886508613,46.85400074564345,0.511315603409912,0.0,0.0,0.0,0.0,"[0, 0, 0, 0, 0, 0, 0, 0, 0, 0, 0, 0, 0, 0, 0, 0, 0, 0, 0, 0, 0, 0, 0, 0, 0, 0, 0, 0, 0, 0]",0,train
SYN-0689,274.595708573006,3452.980108662289,8.151039850097163,100.0,34.10687544381765,5.52813028498337,736.8666578366481,0.9802045679339267,513.3127850979378,47.687324540796624,0.2978713702762324,1.0,1.0,0.0,3.0,"[0, 0, 0, 0, 0, 0, 0, 0, 0, 0, 0, 0, 0, 0, 0, 0, 0, 0, 0, 0, 0, 0, 0, 0, 0, 0, 0, 0, 3, 0]",0,train
SYN-0690,428.0692398227389,7232.042161732693,6.40994815767526,65.0,101.37741017317782,8.20958790407363,871.4895870317758,0.16468646915602198,614.8078215958282,131.98704739467837,0.5451558669912632,0.0,0.0,0.0,0.0,"[0, 0, 0, 0, 0, 0, 0, 0, 0, 0, 0, 0, 0, 0, 0, 0, 0, 0, 0, 0, 0, 0, 0, 0, 0, 0, 0, 0, 0, 0]",0,test
SYN-0691,312.0426860692866,3910.8205046048433,9.410182506321714,110.0,16.976205978753562,0.6636482991554948,806.2264508546865,0.48413735897875404,1000.0293692275633,53.195466428804146,0.22487843984260744,0.0,0.0,0.0,0.0,"[0, 0, 0, 0, 0, 0, 0, 0, 0, 0, 0, 0, 0, 0, 0, 0, 0, 0, 0, 0, 0, 0, 0, 0, 0, 0, 0, 0, 0, 0]",0,validation
SYN-0692,193.6599910146463,872.0421279867696,5.663682954808456,76.0,52.34468078670178,15.904632758777254,753.3885030761627,0.21555683599255676,178.7580847897818,13.681676941835912,0.34093958892905346,1.0,0.0,0.0,3.0,"[0, 0, 0, 3, 0, 0, 0, 0, 0, 0, 0, 0, 0, 0, 0, 0, 0, 0, 0, 0, 0, 0, 0, 0, 0, 0, 0, 0, 0, 0]",0,train
SYN-0693,425.60033534140865,5934.833096072775,8.96666817568875,76.0,84.71193055164633,0.6953808848388765,689.2137037801496,0.6110499364640223,1889.6042464477462,102.63427957173133,0.44019281604440474,2.0,0.0,0.0,35.0,"[0, 0, 0, 0, 0, 0, 0, 0, 0, 0, 0, 0, 0, 0, 0, 0, 0, 0, 0, 10, 0, 0, 35, 0, 0, 0, 0, 0, 0, 0]",1,train
SYN-0694,511.2315370765894,7585.14990782075,5.45992395352949,46.0,165.45699494472677,8.344028196298172,839.1413012384663,0.23178465515759636,110.07843276921427,183.12552128069154,0.6818486164189749,2.0,0.0,0.0,10.0,"[0, 10, 0, 0, 0, 0, 0, 0, 0, 0, 0, 0, 0, 0, 0, 0, 0, 3, 0, 0, 0, 0, 0, 0, 0, 0, 0, 0, 0, 0]",0,validation
SYN-0695,521.6184313513752,8404.169044875116,12.39301154672255,43.0,75.14024971935535,0.6769779964696143,831.3928261499973,0.04082588097299862,1537.623234321895,243.03552862043242,0.6099780207449315,2.0,0.0,0.0,35.0,"[0, 0, 0, 0, 35, 0, 0, 0, 0, 0, 0, 10, 0, 0, 0, 0, 0, 0, 0, 0, 0, 0, 0, 0, 0, 0, 0, 0, 0, 0]",0,train
SYN-0696,387.5049657822686,8108.215946195976,8.274719667339895,83.0,76.96654003494068,4.982866478090955,845.77945701569,0.2564804243973393,144.92004400928946,128.62448309733708,0.5305506800854658,0.0,0.0,0.0,0.0,"[0, 0, 0, 0, 0, 0, 0, 0, 0, 0, 0, 0, 0, 0, 0, 0, 0, 0, 0, 0, 0, 0, 0, 0, 0, 0, 0, 0, 0, 0]",0,train
SYN-0697,185.7838999507521,2710.6600057028213,8.842537506999964,116.0,57.52066661363953,12.77122813599632,827.9269113106325,0.44625858186337075,180.39139651868092,34.84161514378295,0.4971490090471027,0.0,0.0,0.0,0.0,"[0, 0, 0, 0, 0, 0, 0, 0, 0, 0, 0, 0, 0, 0, 0, 0, 0, 0, 0, 0, 0, 0, 0, 0, 0, 0, 0, 0, 0, 0]",0,train
SYN-0698,242.28576910104906,4931.175681783541,10.676354716098082,57.0,22.141195674399903,4.855990165535107,775.6442300885025,0.37188037776215255,260.3716349707977,110.67045638966913,0.5481611757753624,1.0,0.0,0.0,35.0,"[0, 0, 0, 0, 0, 0, 35, 0, 0, 0, 0, 0, 0, 0, 0, 0, 0, 0, 0, 0, 0, 0, 0, 0, 0, 0, 0, 0, 0, 0]",1,test
SYN-0699,441.5596857544626,9018.806920381363,14.138664105316794,53.0,9.571128068910639,18.649900822159044,928.8176802133218,0.23629983729124074,673.3272431471268,229.75980453391455,0.5420126436449852,0.0,0.0,0.0,0.0,"[0, 0, 0, 0, 0, 0, 0, 0, 0, 0, 0, 0, 0, 0, 0, 0, 0, 0, 0, 0, 0, 0, 0, 0, 0, 0, 0, 0, 0, 0]",0,validation
SYN-0700,262.74429798697486,952.8562304921967,6.065094956310982,115.0,6.830447007834291,1.8641285321317702,781.9505503333111,0.09974372354546406,1246.9542646645518,10.94600064787088,0.06765683515075334,0.0,0.0,0.0,0.0,"[0, 0, 0, 0, 0, 0, 0, 0, 0, 0, 0, 0, 0, 0, 0, 0, 0, 0, 0, 0, 0, 0, 0, 0, 0, 0, 0, 0, 0, 0]",0,train
SYN-0701,714.8429303541975,10581.251138762647,10.30966396473719,69.0,73.44298621396898,17.480532476923138,901.1092438938301,0.35304298639878456,1556.7994292713402,203.90903118971949,0.3879901522789955,1.0,0.0,0.0,3.0,"[0, 0, 0, 0, 0, 3, 0, 0, 0, 0, 0, 0, 0, 0, 0, 0, 0, 0, 0, 0, 0, 0, 0, 0, 0, 0, 0, 0, 0, 0]",0,train
SYN-0702,750.5333294616408,15476.292028031303,8.428206006480822,87.0,203.37898390275816,12.642051512829251,717.3524522958893,0.5739002056997671,479.91952019430033,238.3430978844094,0.588544258392916,4.0,0.0,0.0,35.0,"[0, 10, 10, 0, 0, 0, 0, 35, 10, 0, 0, 0, 0, 0, 0, 0, 0, 0, 0, 0, 0, 0, 0, 0, 0, 0, 0, 0, 0, 0]",0,train
SYN-0703,875.6113752312506,16236.97675913832,5.8364649691197075,82.0,149.70130390246982,17.319636319909616,882.9771478903226,0.3637234234182274,18.422019612361524,240.59054867693774,0.44573638901885065,0.0,0.0,0.0,0.0,"[0, 0, 0, 0, 0, 0, 0, 0, 0, 0, 0, 0, 0, 0, 0, 0, 0, 0, 0, 0, 0, 0, 0, 0, 0, 0, 0, 0, 0, 0]",0,train
SYN-0704,242.93758562733163,1095.604088616992,12.847362176670547,95.0,13.744133475249951,16.264850949567414,831.7543313686645,0.10460539511755221,542.3755569501079,18.431562782431197,0.13244429088481577,0.0,0.0,0.0,0.0,"[0, 0, 0, 0, 0, 0, 0, 0, 0, 0, 0, 0, 0, 0, 0, 0, 0, 0, 0, 0, 0, 0, 0, 0, 0, 0, 0, 0, 0, 0]",0,train
SYN-0705,661.6625183007404,6069.996761171763,7.352432666902488,80.0,26.0171054711695,16.13239318409362,876.0803256901276,0.14205541990500836,1100.1572629083203,96.21119261968427,0.18472906460646493,0.0,0.0,0.0,0.0,"[0, 0, 0, 0, 0, 0, 0, 0, 0, 0, 0, 0, 0, 0, 0, 0, 0, 0, 0, 0, 0, 0, 0, 0, 0, 0, 0, 0, 0, 0]",0,train
SYN-0706,405.8391271020201,7722.177395681523,3.8358286819259586,107.0,108.61342335245205,1.0960166782278868,626.5274921243494,0.7733905229183671,510.84322747278145,85.32830132239766,0.47787833090350723,9.0,0.0,0.0,35.0,"[0, 0, 3, 0, 10, 3, 0, 0, 35, 10, 0, 0, 10, 35, 0, 3, 0, 0, 10, 0, 0, 0, 0, 0, 0, 0, 0, 0, 0, 0]",0,train
SYN-0707,464.4065018962937,10196.16844025652,13.754192341936168,20.0,156.62676394620416,6.390327691854576,916.5130076510109,0.3624027280331912,1562.1008462892512,573.375792604327,1.5719042553662341,12.0,3.0,1.0,65.0,"[0, 0, 0, 0, 0, 0, 3, 0, 3, 0, 0, 65, 3, 10, 3, 0, 0, 0, 0, 0, 10, 35, 10, 0, 0, 0, 3, 0, 3, 10]",0,train
SYN-0708,373.7059776910816,7875.2301612323645,10.97764932257649,61.0,37.08522124522128,7.525294244278687,741.6609784344365,0.43015096553642634,1140.727104903981,169.03114013793385,0.5515468675578374,6.0,0.0,0.0,35.0,"[0, 0, 0, 35, 0, 0, 0, 3, 0, 0, 0, 0, 0, 10, 0, 0, 0, 3, 0, 0, 10, 0, 0, 35, 0, 0, 0, 0, 0, 0]",0,validation
SYN-0709,621.0956249115535,3369.0273615690667,11.970530367005725,48.0,125.94527350054895,15.638771333522461,811.3810637500758,0.2090946403770632,4099.853734554544,88.67067236861357,0.3455441276047061,0.0,0.0,0.0,0.0,"[0, 0, 0, 0, 0, 0, 0, 0, 0, 0, 0, 0, 0, 0, 0, 0, 0, 0, 0, 0, 0, 0, 0, 0, 0, 0, 0, 0, 0, 0]",0,train
SYN-0710,340.8161436548812,6628.530312011866,13.028776932288505,90.0,62.050062494595046,7.362586495716251,769.5722630501663,0.3788130864371944,201.36920536755815,115.77247338760611,0.5217550259657553,0.0,0.0,0.0,0.0,"[0, 0, 0, 0, 0, 0, 0, 0, 0, 0, 0, 0, 0, 0, 0, 0, 0, 0, 0, 0, 0, 0, 0, 0, 0, 0, 0, 0, 0, 0]",0,validation
SYN-0711,257.3249089617761,5143.108779801851,15.333393269060561,57.0,52.40624001611411,0.4194081727525245,769.0532963769223,0.41387678390553295,95.86120981455782,127.59338580129001,0.6995033109839432,7.0,4.0,0.0,35.0,"[0, 0, 0, 35, 0, 3, 0, 0, 0, 0, 0, 0, 0, 0, 0, 0, 0, 0, 3, 0, 0, 0, 0, 0, 0, 10, 3, 3, 10, 0]",0,train
SYN-0712,744.0892747654444,12654.559645490968,10.229043322822676,95.0,135.00992771258882,3.8169237466050987,790.5436033944275,0.41675467912047404,1139.0378658271545,194.87905623790513,0.4433459735788871,4.0,2.0,1.0,65.0,"[0, 0, 0, 0, 0, 3, 0, 0, 0, 0, 0, 0, 0, 0, 0, 0, 0, 0, 0, 0, 35, 0, 0, 0, 0, 0, 0, 0, 10, 65]",0,train
SYN-0713,184.28157487565326,3237.292405835284,12.160356686421311,60.0,59.28894478625131,2.3181336766150973,884.6792969144426,0.4600494008175168,297.2629280321002,72.27438532123077,0.7139255793546174,2.0,1.0,0.0,10.0,"[0, 0, 0, 0, 0, 0, 0, 0, 0, 0, 0, 3, 0, 0, 0, 0, 0, 0, 0, 0, 0, 0, 0, 0, 0, 10, 0, 0, 0, 0]",0,train
SYN-0714,343.66990375921523,2444.4145315413093,7.300474503377896,23.0,30.949931908699636,3.2876341561934974,757.383539377074,0.714299393889076,277.47689824035865,114.21025274953661,0.42238259175566195,7.0,3.0,0.0,35.0,"[0, 0, 10, 0, 0, 10, 0, 0, 10, 35, 0, 0, 0, 0, 0, 0, 0, 0, 0, 0, 0, 0, 0, 0, 0, 0, 3, 3, 10, 0]",0,validation
SYN-0715,370.3044681825263,5715.932406466096,15.68133640500262,39.0,38.24803887208446,18.942183432891945,702.2877452116976,0.8063272514037393,298.2360637690622,188.00355859797392,0.6109880298785295,1.0,0.0,0.0,3.0,"[0, 0, 0, 0, 0, 0, 0, 0, 0, 0, 0, 0, 0, 0, 0, 0, 0, 0, 0, 0, 0, 0, 0, 3, 0, 0, 0, 0, 0, 0]",0,train
SYN-0716,324.89302819087493,3127.546979140888,11.131823571027228,38.0,76.61292043018395,14.992628874627613,704.7127767570859,0.6751933466163612,1761.6998480479613,98.03800643416672,0.5375644033880072,0.0,0.0,0.0,0.0,"[0, 0, 0, 0, 0, 0, 0, 0, 0, 0, 0, 0, 0, 0, 0, 0, 0, 0, 0, 0, 0, 0, 0, 0, 0, 0, 0, 0, 0, 0]",0,validation
SYN-0717,429.0871212159499,6056.625111178557,5.258159927319013,100.0,99.80371968333954,14.086293875349668,713.6349994070641,0.8199692652079181,155.8177298117336,74.93219365701181,0.4072271217210705,3.0,0.0,0.0,35.0,"[0, 0, 0, 0, 0, 0, 0, 0, 0, 35, 0, 0, 0, 0, 0, 0, 0, 0, 0, 35, 35, 0, 0, 0, 0, 0, 0, 0, 0, 0]",0,train
SYN-0718,740.0006126281481,2350.0540852835693,11.221388365960566,53.0,95.06011693962324,1.131962777020048,814.9473316800746,0.4043947179416001,1113.990540526189,56.43525978779706,0.20472331257858978,1.0,0.0,0.0,3.0,"[0, 0, 0, 0, 0, 0, 0, 0, 0, 0, 0, 0, 0, 0, 3, 0, 0, 0, 0, 0, 0, 0, 0, 0, 0, 0, 0, 0, 0, 0]",0,train
SYN-0719,235.34790374183484,1248.170502095968,10.587593557711848,99.0,76.18171106474479,1.142044483175615,693.293289183678,0.672253912709095,536.9912109088517,18.957827957885364,0.40425063282906304,11.0,3.0,0.0,65.0,"[35, 3, 0, 0, 10, 10, 0, 3, 0, 0, 0, 3, 0, 0, 0, 0, 0, 0, 10, 0, 3, 0, 0, 0, 10, 65, 0, 0, 3, 0]",0,train
SYN-0720,316.0593253996573,1146.5729079248706,6.347432374742965,112.0,49.057538882160195,13.602331336445632,799.6815148431517,0.29144621252173103,607.2007121989831,13.593625217823353,0.19822596286555091,0.0,0.0,0.0,0.0,"[0, 0, 0, 0, 0, 0, 0, 0, 0, 0, 0, 0, 0, 0, 0, 0, 0, 0, 0, 0, 0, 0, 0, 0, 0, 0, 0, 0, 0, 0]",0,train
SYN-0721,458.60329977132443,3137.1418846033384,3.115043490283737,111.0,157.56312289078144,11.979421358725308,999.3249025838552,0.015682990150618047,1623.0773749065152,32.5660325135712,0.41458305140664636,0.0,0.0,0.0,0.0,"[0, 0, 0, 0, 0, 0, 0, 0, 0, 0, 0, 0, 0, 0, 0, 0, 0, 0, 0, 0, 0, 0, 0, 0, 0, 0, 0, 0, 0, 0]",0,train
SYN-0722,487.56152192335395,1468.9523656509552,3.609316024186866,100.0,45.42913925365996,8.11808629396891,850.6975617424944,0.6282190469360309,260.73476937116624,17.03114473834872,0.1281074924567727,0.0,0.0,0.0,0.0,"[0, 0, 0, 0, 0, 0, 0, 0, 0, 0, 0, 0, 0, 0, 0, 0, 0, 0, 0, 0, 0, 0, 0, 0, 0, 0, 0, 0, 0, 0]",0,test
SYN-0723,301.14375849692425,966.545985776398,8.078899325090505,59.0,60.83208072308216,19.858512656509507,738.1455492577237,0.7074167276935132,674.801271989063,19.904928550044712,0.2681012207462088,0.0,0.0,0.0,0.0,"[0, 0, 0, 0, 0, 0, 0, 0, 0, 0, 0, 0, 0, 0, 0, 0, 0, 0, 0, 0, 0, 0, 0, 0, 0, 0, 0, 0, 0, 0]",0,train
SYN-0724,274.366162835057,3148.916244170933,12.360838623208762,78.0,19.41608706950741,2.4829513263045655,804.7036380659796,0.13607822536962533,551.2753231559288,58.93427487137863,0.2855686033994964,2.0,1.0,0.0,3.0,"[0, 0, 0, 0, 0, 0, 0, 0, 0, 0, 0, 0, 3, 0, 0, 0, 0, 0, 0, 0, 0, 0, 0, 0, 0, 0, 3, 0, 0, 0]",0,train
SYN-0725,172.0265728966163,2483.034730604463,9.718624596324823,83.0,38.98587210729857,16.509797232629694,830.7730311421553,0.44134637739256094,623.7886742762997,41.20558720926444,0.4661573963038611,1.0,0.0,0.0,3.0,"[0, 0, 0, 0, 0, 0, 0, 0, 0, 0, 0, 3, 0, 0, 0, 0, 0, 0, 0, 0, 0, 0, 0, 0, 0, 0, 0, 0, 0, 0]",0,test
SYN-0726,339.32932512019846,5113.685978608174,13.78744376071651,15.0,27.878006332293012,0.9868400000384003,877.3463129969088,0.2847610643558879,926.286378736762,373.082670665263,1.1816269544505953,5.0,1.0,0.0,35.0,"[0, 0, 0, 35, 0, 0, 0, 0, 10, 10, 0, 0, 0, 0, 0, 0, 0, 0, 0, 0, 0, 0, 3, 0, 0, 0, 35, 0, 0, 0]",1,train
SYN-0727,355.47480675614355,7919.023817198543,10.201694737035556,111.0,101.11386384345612,15.09753989608852,794.6207406748769,0.5152418090649853,1341.2957855545587,110.50260783843608,0.5953065242878423,2.0,0.0,0.0,35.0,"[0, 0, 0, 0, 0, 0, 0, 0, 0, 0, 0, 0, 10, 0, 0, 0, 0, 0, 0, 35, 0, 0, 0, 0, 0, 0, 0, 0, 0, 0]",0,test
SYN-0728,435.7311085359349,5859.036793712032,11.325829563240047,32.0,38.68022537920298,16.80476476167803,828.5080885973682,0.2992771720030417,1680.0422026050974,212.99012181340171,0.5775817752334049,3.0,1.0,0.0,35.0,"[0, 0, 35, 0, 0, 0, 0, 0, 0, 0, 0, 0, 0, 0, 0, 0, 0, 0, 0, 0, 0, 0, 0, 3, 0, 0, 0, 0, 3, 0]",0,train
SYN-0729,239.5528921813208,3655.4218837678222,4.863508626894585,115.0,80.34384010487439,11.427350118571402,869.775081743488,0.1555751008626388,116.94732674986493,39.83042566238462,0.5016606757404436,0.0,0.0,0.0,0.0,"[0, 0, 0, 0, 0, 0, 0, 0, 0, 0, 0, 0, 0, 0, 0, 0, 0, 0, 0, 0, 0, 0, 0, 0, 0, 0, 0, 0, 0, 0]",0,test
SYN-0730,326.59433046905764,6423.879898539825,10.977475524418395,66.0,89.60402922863213,9.763340914067488,891.6000033385244,0.09135018765812775,597.3877461485613,130.08417881374157,0.6726638754777389,1.0,0.0,0.0,10.0,"[0, 0, 0, 0, 0, 0, 0, 0, 0, 0, 0, 0, 0, 0, 0, 0, 0, 0, 10, 0, 0, 0, 0, 0, 0, 0, 0, 0, 0, 0]",0,train
SYN-0731,316.44413540505224,5969.946189887417,7.941099239730501,40.0,62.15340902526696,18.49855288953767,763.4363430934327,0.4379018260506478,283.8367759802046,170.36283494758837,0.734778173958673,7.0,0.0,0.0,35.0,"[0, 0, 10, 10, 0, 35, 0, 0, 0, 35, 10, 0, 0, 0, 35, 0, 0, 0, 35, 0, 0, 0, 0, 0, 0, 0, 0, 0, 0, 0]",0,train
SYN-0732,152.1955481617695,883.0780059454187,14.823892343738665,39.0,45.17898188600001,13.114773389434148,707.9628839171,0.9103223725036332,246.48352080436914,28.670668564867942,0.48522871623270314,7.0,2.0,0.0,65.0,"[0, 0, 65, 0, 0, 0, 0, 0, 10, 10, 0, 10, 3, 0, 0, 0, 0, 0, 0, 0, 0, 0, 0, 0, 0, 3, 3, 0, 0, 0]",1,train
SYN-0733,281.5568095738349,5065.767106492945,8.969648536186499,67.0,82.23432019709689,1.840164694918205,673.1195120264945,0.6520595198640798,581.9361006195554,96.39113627126481,0.6344206582633524,6.0,1.0,1.0,10.0,"[0, 10, 0, 3, 0, 0, 0, 0, 0, 3, 10, 0, 0, 0, 0, 0, 0, 0, 0, 0, 0, 0, 0, 10, 0, 0, 0, 0, 0, 10]",1,test
SYN-0734,227.5936086707992,1716.840094749762,7.656196732738575,27.0,41.24325124820946,17.14075640135479,882.1328835209706,0.3263771112809368,413.1086664323463,69.42283071872224,0.4862442430314627,0.0,0.0,0.0,0.0,"[0, 0, 0, 0, 0, 0, 0, 0, 0, 0, 0, 0, 0, 0, 0, 0, 0, 0, 0, 0, 0, 0, 0, 0, 0, 0, 0, 0, 0, 0]",0,train
SYN-0735,353.9777679543304,4408.938482140045,8.712960558412483,106.0,78.90583293833996,9.58735142693074,870.301526069663,0.20689684494236352,621.5342103387011,59.776780941046695,0.39178340120297966,1.0,0.0,0.0,65.0,"[0, 0, 0, 0, 0, 0, 0, 0, 0, 0, 0, 0, 0, 0, 65, 0, 0, 0, 0, 0, 0, 0, 0, 0, 0, 0, 0, 0, 0, 0]",0,train
SYN-0736,351.1447620563469,5918.0180423118045,9.418953574014797,50.0,122.4116979868835,11.37115285165139,924.5235990991711,0.366062532328695,853.3980909712657,143.5593126705183,0.7574397781127158,0.0,0.0,0.0,0.0,"[0, 0, 0, 0, 0, 0, 0, 0, 0, 0, 0, 0, 0, 0, 0, 0, 0, 0, 0, 0, 0, 0, 0, 0, 0, 0, 0, 0, 0, 0]",0,train
SYN-0737,238.29179293735504,3733.3426371341525,9.750755420729234,60.0,19.961043661869553,17.378970609865707,742.466787031049,0.7779715179775812,61.67251494998734,78.86542248507476,0.4147287866222274,4.0,0.0,0.0,35.0,"[3, 0, 0, 0, 0, 0, 0, 0, 0, 10, 0, 0, 0, 0, 35, 10, 0, 0, 0, 0, 0, 0, 0, 0, 0, 0, 0, 0, 0, 0]",0,train
SYN-0738,367.97523763360306,3047.244414391903,3.429846811866887,120.0,94.2489748329981,17.836241344158275,913.355252263065,0.21463871526280617,101.36167722449632,30.032902066358382,0.33774521812553404,0.0,0.0,0.0,0.0,"[0, 0, 0, 0, 0, 0, 0, 0, 0, 0, 0, 0, 0, 0, 0, 0, 0, 0, 0, 0, 0, 0, 0, 0, 0, 0, 0, 0, 0, 0]",0,train
SYN-0739,412.96675963034824,6177.951231452281,4.739912818159841,22.0,14.351089324751982,13.486746620343677,755.1884116132825,0.59963905815214,1605.4268055860132,293.74777230623727,0.7460621332011623,0.0,0.0,0.0,0.0,"[0, 0, 0, 0, 0, 0, 0, 0, 0, 0, 0, 0, 0, 0, 0, 0, 0, 0, 0, 0, 0, 0, 0, 0, 0, 0, 0, 0, 0, 0]",0,test
SYN-0740,305.89651684244023,3804.977762607217,4.380488574406021,88.0,49.84958914617133,17.734331297036647,966.4323602116623,0.18397534986787478,438.88609362720956,50.632625066340665,0.32848433597649596,0.0,0.0,0.0,0.0,"[0, 0, 0, 0, 0, 0, 0, 0, 0, 0, 0, 0, 0, 0, 0, 0, 0, 0, 0, 0, 0, 0, 0, 0, 0, 0, 0, 0, 0, 0]",0,validation
SYN-0741,1155.327074729353,14162.903319229361,5.118829111621615,27.0,49.53536364407659,11.479480965407658,868.2513775517292,0.36767767375300436,1264.2489631926908,556.4557401294087,0.524519088168556,2.0,0.0,0.0,35.0,"[0, 0, 0, 0, 35, 0, 0, 0, 0, 0, 0, 0, 0, 0, 0, 0, 0, 0, 0, 0, 0, 3, 0, 0, 0, 0, 0, 0, 0, 0]",0,train
SYN-0742,562.69192474068,3849.5868337765137,5.9342211264778815,61.0,47.30364068378367,16.084067586882178,775.5153413550532,0.3508519189377749,822.7988290551201,73.25900315835977,0.2142604834745149,0.0,0.0,0.0,0.0,"[0, 0, 0, 0, 0, 0, 0, 0, 0, 0, 0, 0, 0, 0, 0, 0, 0, 0, 0, 0, 0, 0, 0, 0, 0, 0, 0, 0, 0, 0]",0,train
SYN-0743,307.3840096955448,5810.011098575956,14.09958135983459,67.0,99.05013000565985,9.027805122043125,835.4165579941653,0.4379239656231878,867.5975313971168,125.7653089621175,0.7313829993643804,0.0,0.0,0.0,0.0,"[0, 0, 0, 0, 0, 0, 0, 0, 0, 0, 0, 0, 0, 0, 0, 0, 0, 0, 0, 0, 0, 0, 0, 0, 0, 0, 0, 0, 0, 0]",0,train
SYN-0744,360.3062731516934,4836.169486404869,15.600667528029701,100.0,30.117185838057996,7.011139431742701,975.4249704792801,0.3064101691811481,185.2814858420558,86.69844214888758,0.3242120292969885,0.0,0.0,0.0,0.0,"[0, 0, 0, 0, 0, 0, 0, 0, 0, 0, 0, 0, 0, 0, 0, 0, 0, 0, 0, 0, 0, 0, 0, 0, 0, 0, 0, 0, 0, 0]",0,train
SYN-0745,250.1976778340176,3533.3185995834147,7.564467674487678,53.0,9.993105555774196,7.324807986809494,688.6345855001599,0.3051721699072037,456.5212964314596,78.62985086737382,0.35421174644930525,1.0,0.0,0.0,3.0,"[0, 0, 0, 0, 0, 3, 0, 0, 0, 0, 0, 0, 0, 0, 0, 0, 0, 0, 0, 0, 0, 0, 0, 0, 0, 0, 0, 0, 0, 0]",0,test
SYN-0746,563.2591313790766,13278.77202091443,10.814981801941776,78.0,108.35118649792285,1.6015685526590384,706.5282927054003,0.33808862231921605,459.1804211591975,237.7669988152991,0.6144919203809275,2.0,0.0,0.0,10.0,"[0, 0, 0, 0, 0, 0, 0, 0, 0, 0, 0, 0, 0, 0, 0, 10, 0, 0, 0, 0, 3, 0, 0, 0, 0, 0, 0, 0, 0, 0]",0,train
SYN-0747,258.11760691866095,1648.2478523670893,8.186100590421782,60.0,77.69492603382072,3.5271375166347063,652.4603686343846,0.4744473827003404,695.7068572381144,33.567517245428306,0.43105328848919044,3.0,1.0,0.0,10.0,"[0, 0, 0, 0, 0, 0, 0, 0, 0, 0, 0, 10, 0, 0, 0, 0, 0, 0, 10, 0, 0, 0, 0, 0, 0, 0, 3, 0, 0, 0]",1,train
SYN-0748,807.0375064686108,10546.551066760268,10.82236865032893,88.0,209.82623715177732,1.316653249830264,847.4736164849155,0.3534153162588949,2870.3162123394595,174.14279987998816,0.4757759508748429,0.0,0.0,0.0,0.0,"[0, 0, 0, 0, 0, 0, 0, 0, 0, 0, 0, 0, 0, 0, 0, 0, 0, 0, 0, 0, 0, 0, 0, 0, 0, 0, 0, 0, 0, 0]",0,train
SYN-0749,217.9829378601564,1190.329842611914,11.12084074973352,45.0,57.83288768327301,19.562289882384984,756.970101488246,0.9022753234535583,371.2870756280491,32.47027398303904,0.4142671098608858,1.0,0.0,0.0,3.0,"[0, 0, 0, 0, 0, 0, 0, 0, 0, 0, 0, 0, 0, 0, 0, 0, 3, 0, 0, 0, 0, 0, 0, 0, 0, 0, 0, 0, 0, 0]",0,train
SYN-0750,294.654295827872,3625.3767287596706,7.925174574894126,23.0,33.814293421494085,19.291288881026667,839.6173043944899,0.5029444577511827,154.54119026365348,170.41853308295074,0.693126926694296,1.0,0.0,0.0,3.0,"[0, 0, 0, 0, 0, 0, 0, 0, 0, 0, 0, 0, 3, 0, 0, 0, 0, 0, 0, 0, 0, 0, 0, 0, 0, 0, 0, 0, 0, 0]",0,train
SYN-0751,536.1577061703141,5758.287397685591,5.200524534805598,76.0,102.04793588177513,14.160899473198183,664.9861832169895,0.5326709766087986,861.8708764844033,89.09078789496809,0.35649720516378575,2.0,0.0,0.0,65.0,"[0, 0, 0, 0, 0, 0, 0, 0, 0, 0, 65, 0, 0, 0, 0, 0, 0, 0, 0, 0, 0, 0, 0, 10, 0, 0, 0, 0, 0, 0]",0,train
SYN-0752,311.54737272784854,4074.6111913341833,5.801543282200324,24.0,37.6638553719054,1.1512967162903354,807.303394535793,0.32759217937089447,560.4092937002962,180.2251082909488,0.6993766686429117,7.0,1.0,1.0,65.0,"[0, 3, 65, 10, 35, 0, 0, 3, 0, 0, 10, 0, 0, 0, 0, 0, 0, 0, 0, 0, 0, 0, 0, 0, 0, 0, 0, 0, 0, 3]",0,train
SYN-0753,328.52590180099065,2505.0840722503685,7.431806826132897,12.0,113.392539490635,0.9414953303640172,760.618581616453,0.30779184591856174,85.88228733536118,217.25576199487475,1.006460372448212,8.0,2.0,0.0,35.0,"[0, 0, 10, 3, 0, 0, 0, 0, 0, 0, 3, 10, 0, 0, 0, 0, 0, 0, 3, 0, 3, 0, 0, 0, 0, 35, 35, 0, 0, 0]",0,test
SYN-0754,426.75774674850067,5544.449232501992,13.347563385760658,14.0,102.63141885558355,11.043483025458848,702.6992796529943,0.43685342703569713,278.547770688229,429.86147643767197,1.2477638645117959,23.0,2.0,0.0,65.0,"[0, 35, 10, 3, 65, 35, 35, 3, 3, 35, 3, 10, 3, 3, 10, 3, 10, 3, 3, 3, 3, 10, 0, 0, 3, 10, 0, 0, 0, 0]",1,train
SYN-0755,1016.599235097845,8757.409250409273,3.1628370156714203,37.0,117.32650040755875,5.926005921258013,757.0018920614301,0.41532162452908944,2384.9186218654427,248.72676180621602,0.36007627152950106,1.0,1.0,1.0,3.0,"[0, 0, 0, 0, 0, 0, 0, 0, 0, 0, 0, 0, 0, 0, 0, 0, 0, 0, 0, 0, 0, 0, 0, 0, 0, 0, 0, 0, 0, 3]",0,validation
SYN-0756,717.3255987234885,14866.26565037171,5.404584304565677,15.0,200.00890251457875,2.0649540501684704,856.2262289434414,0.3482005409785063,3664.2398661815423,1027.1680990348354,1.7107670543658668,20.0,3.0,1.0,65.0,"[65, 0, 3, 3, 35, 3, 3, 35, 3, 3, 0, 10, 0, 3, 3, 35, 3, 10, 3, 0, 10, 0, 0, 0, 0, 0, 0, 3, 3, 3]",1,train
SYN-0757,606.1766238935035,2798.3773745538506,9.426154668450222,57.0,73.17933557735127,10.953851249606796,812.0629933758503,0.5173965272554734,1589.0775257451949,61.09199195921109,0.22150528780560813,0.0,0.0,0.0,0.0,"[0, 0, 0, 0, 0, 0, 0, 0, 0, 0, 0, 0, 0, 0, 0, 0, 0, 0, 0, 0, 0, 0, 0, 0, 0, 0, 0, 0, 0, 0]",0,train
SYN-0758,438.56743349436925,9071.767415985161,4.249352315933194,81.0,104.33174210091181,3.7806562433347635,893.6789070328355,0.39380653843914065,184.7983722432422,129.02290216266465,0.5320838403441839,1.0,0.0,0.0,35.0,"[0, 0, 0, 0, 0, 0, 0, 35, 0, 0, 0, 0, 0, 0, 0, 0, 0, 0, 0, 0, 0, 0, 0, 0, 0, 0, 0, 0, 0, 0]",0,train
SYN-0759,341.7678662773235,7528.878790465721,12.598505606799465,60.0,33.12267518437018,4.09752357317884,699.6468554454921,0.17038208925201817,442.0879877058072,169.7617068887878,0.5936321172702933,2.0,0.0,0.0,65.0,"[65, 0, 0, 3, 0, 0, 0, 0, 0, 0, 0, 0, 0, 0, 0, 0, 0, 0, 0, 0, 0, 0, 0, 0, 0, 0, 0, 0, 0, 0]",0,train
SYN-0760,555.9223180130424,2987.672854163427,15.255460363947375,62.0,192.91905468737644,9.927212923587213,740.3076796155359,0.520843890400161,249.77972362157468,69.93897154543896,0.47283229637607127,10.0,1.0,0.0,35.0,"[0, 0, 3, 0, 0, 0, 0, 10, 3, 10, 0, 10, 3, 0, 3, 0, 0, 3, 0, 0, 0, 0, 0, 3, 0, 35, 0, 0, 0, 0]",0,train
SYN-0761,375.2686924302968,1455.9453245549876,7.347357017369273,77.0,82.65742819615842,19.784828060857414,771.2892282518274,0.6059799284076336,590.7592027792282,23.771321336916987,0.2836067907605794,0.0,0.0,0.0,0.0,"[0, 0, 0, 0, 0, 0, 0, 0, 0, 0, 0, 0, 0, 0, 0, 0, 0, 0, 0, 0, 0, 0, 0, 0, 0, 0, 0, 0, 0, 0]",0,validation
SYN-0762,505.9946214143228,5713.531846566452,6.881117764373729,26.0,74.24914071347077,6.961179028490825,854.6245848344711,0.23434665030200316,183.78736650785933,237.16787471374914,0.6154551891416703,3.0,3.0,1.0,10.0,"[0, 0, 0, 0, 0, 0, 0, 0, 0, 0, 0, 0, 0, 0, 0, 0, 0, 0, 0, 0, 0, 0, 0, 0, 10, 0, 0, 0, 3, 3]",0,test
SYN-0763,531.7257067660858,2660.5157596138397,11.600887990723711,35.0,114.84816614177315,16.18146991526462,839.7796713573473,0.6476795824988376,417.60543148619604,89.96210472866568,0.3851803068090857,1.0,1.0,0.0,3.0,"[0, 0, 0, 0, 0, 0, 0, 0, 0, 0, 0, 0, 0, 0, 0, 0, 0, 0, 0, 0, 0, 0, 0, 0, 3, 0, 0, 0, 0, 0]",0,train
SYN-0764,235.0609043866054,2247.135140135886,10.391653671194604,85.0,14.537087670497273,8.959490629098088,821.9882331170515,0.5174906836363034,422.6950063733885,37.458954746044135,0.22120242646145596,0.0,0.0,0.0,0.0,"[0, 0, 0, 0, 0, 0, 0, 0, 0, 0, 0, 0, 0, 0, 0, 0, 0, 0, 0, 0, 0, 0, 0, 0, 0, 0, 0, 0, 0, 0]",0,train
SYN-0765,385.0477458172087,8527.235220086963,6.8286580693994985,93.0,36.21208518509362,1.0456531327154694,753.62370539168,0.529894907178282,462.39778312780675,118.33777837084445,0.40137844003716505,4.0,0.0,0.0,65.0,"[0, 0, 0, 0, 0, 0, 0, 3, 3, 0, 0, 0, 0, 0, 65, 65, 0, 0, 0, 0, 0, 0, 0, 0, 0, 0, 0, 0, 0, 0]",1,train
SYN-0766,244.139119651559,2441.267962942744,10.066462047299753,43.0,76.7340317960736,15.23699422064296,948.0653652511263,0.1514115617700968,963.9124672803539,67.86273724174826,0.5922720178732261,0.0,0.0,0.0,0.0,"[0, 0, 0, 0, 0, 0, 0, 0, 0, 0, 0, 0, 0, 0, 0, 0, 0, 0, 0, 0, 0, 0, 0, 0, 0, 0, 0, 0, 0, 0]",0,train
SYN-0767,237.1807872400962,1703.1394574852527,3.9413831825226384,24.0,11.606236087273224,15.191502631933096,956.4880839306396,0.23371333585565893,23.906998971581725,73.91427199730458,0.3605709765943482,1.0,1.0,0.0,3.0,"[0, 0, 0, 0, 0, 0, 0, 0, 0, 0, 0, 0, 0, 0, 0, 0, 0, 0, 0, 0, 0, 0, 0, 0, 0, 0, 3, 0, 0, 0]",0,test
SYN-0768,373.24532541713654,7187.698583663438,10.204933742833703,82.0,73.55045821655297,12.614043659296046,878.8363713790565,0.5815908208916096,561.8605333254737,122.09848285017648,0.5241832321625822,0.0,0.0,0.0,0.0,"[0, 0, 0, 0, 0, 0, 0, 0, 0, 0, 0, 0, 0, 0, 0, 0, 0, 0, 0, 0, 0, 0, 0, 0, 0, 0, 0, 0, 0, 0]",0,train
SYN-0769,178.29420326383416,4211.933216012656,6.987235915027997,24.0,58.16337686698916,3.197237710273575,783.2455766489117,0.647000423523639,374.65053365610885,188.5547417295051,1.3837697136536096,21.0,5.0,1.0,35.0,"[35, 10, 35, 0, 0, 35, 10, 35, 10, 3, 10, 0, 0, 0, 3, 35, 3, 0, 0, 10, 3, 3, 35, 0, 3, 10, 3, 0, 10, 3]",1,test
SYN-0770,265.18944185863677,5334.703170525934,13.853994439249231,87.0,92.16239202847056,4.284953398544213,833.2962819283252,0.22496295285791437,1235.132504263803,97.50860276095155,0.7152283041891581,1.0,0.0,0.0,3.0,"[0, 0, 0, 0, 0, 0, 3, 0, 0, 0, 0, 0, 0, 0, 0, 0, 0, 0, 0, 0, 0, 0, 0, 0, 0, 0, 0, 0, 0, 0]",0,train
SYN-0771,189.39472149343197,4274.8126518449535,7.069970438358556,112.0,55.64417904543765,6.862332233851392,680.7729062581936,0.468091336876713,112.92642220117284,52.24413055682084,0.5696479223471914,4.0,0.0,0.0,35.0,"[0, 0, 0, 10, 35, 0, 0, 0, 3, 0, 0, 0, 0, 0, 0, 0, 0, 0, 0, 0, 0, 10, 0, 0, 0, 0, 0, 0, 0, 0]",0,validation
SYN-0772,362.78872194350686,5596.551535357258,4.446267511095444,37.0,125.69440159616236,11.140526730133939,832.6334986766533,0.33334471845564195,87.55538614600728,162.14282592838984,0.7934018069320632,0.0,0.0,0.0,0.0,"[0, 0, 0, 0, 0, 0, 0, 0, 0, 0, 0, 0, 0, 0, 0, 0, 0, 0, 0, 0, 0, 0, 0, 0, 0, 0, 0, 0, 0, 0]",0,train
SYN-0773,194.1426200218102,4488.254558353076,12.060944041966145,28.0,34.521934301036225,3.7903016324772887,823.8849975084227,0.3681261535087657,414.70987613415787,184.7055216600105,1.1292082899489997,5.0,2.0,0.0,35.0,"[0, 0, 0, 0, 10, 10, 0, 0, 0, 0, 3, 0, 0, 0, 0, 0, 0, 0, 0, 0, 0, 0, 0, 0, 0, 35, 3, 0, 0, 0]",0,validation
SYN-0774,275.9992056702424,4466.082428057425,13.53089845025279,27.0,57.06729422837809,9.486901423414057,792.957430719441,0.629203016380451,413.4799251878517,192.78902180518534,0.9052791127670348,4.0,2.0,0.0,35.0,"[0, 0, 0, 0, 0, 0, 0, 0, 0, 0, 0, 35, 0, 0, 0, 0, 0, 0, 0, 3, 0, 0, 0, 0, 0, 10, 0, 10, 0, 0]",0,train
SYN-0775,304.74641621693206,5337.9793785431575,10.602831670827587,45.0,31.22561115808473,8.899343083995115,737.9058063974167,0.5407617042377855,15.761436332655993,144.2792595929988,0.5759046256548965,0.0,0.0,0.0,0.0,"[0, 0, 0, 0, 0, 0, 0, 0, 0, 0, 0, 0, 0, 0, 0, 0, 0, 0, 0, 0, 0, 0, 0, 0, 0, 0, 0, 0, 0, 0]",0,train
SYN-0776,364.47467968937616,1310.9498006451258,9.091536944765238,46.0,71.05188976879519,8.509422484527732,802.6288110820867,0.19803509057794763,593.4236215348499,33.8595825736298,0.28784296465212855,0.0,0.0,0.0,0.0,"[0, 0, 0, 0, 0, 0, 0, 0, 0, 0, 0, 0, 0, 0, 0, 0, 0, 0, 0, 0, 0, 0, 0, 0, 0, 0, 0, 0, 0, 0]",0,train
SYN-0777,248.0116727014109,5926.3695737947155,12.315372278257382,29.0,72.46556070162357,2.664433362240506,845.1701440700683,0.6312794711343793,1127.9115291810451,237.31362992506428,1.2490508501172073,8.0,2.0,1.0,35.0,"[0, 0, 0, 0, 0, 0, 3, 0, 0, 35, 0, 0, 0, 3, 3, 0, 0, 0, 3, 0, 0, 0, 0, 10, 35, 0, 0, 0, 0, 3]",0,train
SYN-0778,402.03048565917044,8943.403515093369,12.135617846223653,57.0,126.29922496004882,4.310184342706833,743.6594349918762,0.28255952582863286,255.09881407301089,207.21558817741382,0.8295759277822693,10.0,2.0,0.0,35.0,"[0, 3, 0, 0, 0, 35, 10, 10, 0, 0, 0, 0, 10, 35, 0, 10, 10, 0, 0, 0, 0, 0, 0, 0, 0, 0, 3, 3, 0, 0]",0,train
SYN-0779,178.43066863625768,3383.903629715222,14.4027874094762,79.0,28.97736954214936,3.135045035968651,727.6207531185322,0.5147529669462143,400.6947514084897,66.54193970481718,0.5353301087588747,2.0,0.0,0.0,35.0,"[0, 0, 0, 35, 3, 0, 0, 0, 0, 0, 0, 0, 0, 0, 0, 0, 0, 0, 0, 0, 0, 0, 0, 0, 0, 0, 0, 0, 0, 0]",0,train
SYN-0780,440.0064782794731,5558.491870066279,15.794570899118439,21.0,132.95079629341654,2.5923050097228417,692.6747275412029,0.8712944658921772,239.7116573533738,304.68116092420485,0.9946034406785632,23.0,2.0,0.0,65.0,"[3, 3, 3, 3, 3, 0, 0, 3, 10, 35, 10, 3, 0, 3, 3, 3, 3, 3, 10, 35, 3, 3, 10, 10, 0, 65, 3, 0, 0, 0]",1,train
SYN-0781,324.7335086221722,6054.6828822808875,14.836234015025259,101.0,81.5372506371882,9.569844138379157,692.1298851267352,0.6507205176031735,77.3381981211244,105.29594069328868,0.5753431240379246,7.0,1.0,0.0,35.0,"[0, 0, 10, 10, 0, 0, 0, 0, 0, 3, 0, 35, 10, 0, 0, 0, 0, 0, 35, 0, 0, 0, 0, 0, 0, 0, 0, 0, 10, 0]",0,train
SYN-0782,579.3394329024607,4272.275184243477,11.44267361854909,15.0,14.658325094303398,15.434676348127073,783.0937333375691,0.16864451912309847,969.8196233307497,307.02653757177296,0.5552614657256313,0.0,0.0,0.0,0.0,"[0, 0, 0, 0, 0, 0, 0, 0, 0, 0, 0, 0, 0, 0, 0, 0, 0, 0, 0, 0, 0, 0, 0, 0, 0, 0, 0, 0, 0, 0]",0,validation
SYN-0783,248.61147236090292,3450.234793303105,4.183528898299986,96.0,65.66598701477928,3.7637353804504747,888.7756459973473,0.10558577093896221,369.04330870721026,42.351061123430725,0.4344813500054592,0.0,0.0,0.0,0.0,"[0, 0, 0, 0, 0, 0, 0, 0, 0, 0, 0, 0, 0, 0, 0, 0, 0, 0, 0, 0, 0, 0, 0, 0, 0, 0, 0, 0, 0, 0]",0,test
SYN-0784,673.6700318432506,12955.949401940341,15.70883188574226,16.0,187.06294139105043,17.023586583886186,847.2951102491916,0.3932099024228634,988.6853977639045,902.7755566705185,1.6177630687825406,28.0,5.0,1.0,65.0,"[3, 3, 35, 35, 35, 10, 3, 0, 10, 3, 35, 35, 35, 35, 10, 35, 10, 65, 10, 10, 35, 10, 10, 65, 35, 0, 35, 10, 3, 10]",1,test
SYN-0785,418.8799501886399,9311.474874847729,5.608289702946447,50.0,61.53785399939927,11.03720424698608,885.167265119064,0.28841984413646404,1507.2060480616124,209.26796947782086,0.6464998464482831,3.0,0.0,0.0,65.0,"[0, 0, 0, 0, 0, 0, 35, 0, 0, 0, 0, 0, 0, 0, 0, 0, 0, 0, 0, 3, 65, 0, 0, 0, 0, 0, 0, 0, 0, 0]",0,validation
SYN-0786,396.7959840883425,8135.123220524033,7.632619980027325,84.0,82.63898777182027,8.190948541072213,858.6005610923191,0.3169033059824625,1529.8756932229653,125.31190213154385,0.5240750870529627,0.0,0.0,0.0,0.0,"[0, 0, 0, 0, 0, 0, 0, 0, 0, 0, 0, 0, 0, 0, 0, 0, 0, 0, 0, 0, 0, 0, 0, 0, 0, 0, 0, 0, 0, 0]",0,validation
SYN-0787,370.45514983408293,6747.36941711555,5.233887204515755,66.0,12.010949816869593,19.946572023356037,722.9962887716853,0.4823165334004149,1664.175072152545,117.8736908340088,0.35060827392749244,0.0,0.0,0.0,0.0,"[0, 0, 0, 0, 0, 0, 0, 0, 0, 0, 0, 0, 0, 0, 0, 0, 0, 0, 0, 0, 0, 0, 0, 0, 0, 0, 0, 0, 0, 0]",0,train
SYN-0788,335.9002452407477,2294.0465666013843,6.910149882681702,39.0,63.37571571767114,17.384147337984995,640.8457846068882,0.42602396335013937,228.23593658203157,65.84230491965549,0.384691653156469,3.0,2.0,1.0,10.0,"[0, 0, 0, 3, 0, 0, 0, 0, 0, 0, 0, 0, 0, 0, 0, 0, 0, 0, 0, 0, 0, 0, 0, 0, 0, 0, 0, 0, 10, 3]",0,train
SYN-0789,307.21047599852056,2051.701918477137,6.016971739040214,72.0,79.40461443742365,7.397466298307338,808.6715713030086,0.16815347540159276,77.39179186010121,34.01906533275723,0.36920511711562565,0.0,0.0,0.0,0.0,"[0, 0, 0, 0, 0, 0, 0, 0, 0, 0, 0, 0, 0, 0, 0, 0, 0, 0, 0, 0, 0, 0, 0, 0, 0, 0, 0, 0, 0, 0]",0,train
SYN-0790,447.9789859175113,7608.9605560621685,8.951958821454857,77.0,36.1041309521361,1.984220550844864,665.8791304367745,0.6444695164942158,486.14375552676734,130.25946458519113,0.3713647308625334,0.0,0.0,0.0,0.0,"[0, 0, 0, 0, 0, 0, 0, 0, 0, 0, 0, 0, 0, 0, 0, 0, 0, 0, 0, 0, 0, 0, 0, 0, 0, 0, 0, 0, 0, 0]",0,test
SYN-0791,152.5479507637861,1927.269451176514,4.3404146152892125,96.0,14.967793742742206,11.044853527505065,879.1449815185593,0.3093550752873912,93.50895619586905,23.79843357760333,0.25412486451799904,0.0,0.0,0.0,0.0,"[0, 0, 0, 0, 0, 0, 0, 0, 0, 0, 0, 0, 0, 0, 0, 0, 0, 0, 0, 0, 0, 0, 0, 0, 0, 0, 0, 0, 0, 0]",0,train
SYN-0792,392.5323112422315,5250.27748255753,5.754828794070049,21.0,99.25343572735562,1.6730621689085612,597.8506494157691,0.9078101588532472,456.1315968847203,263.412352522,0.9239132113777883,28.0,6.0,1.0,65.0,"[0, 0, 10, 10, 10, 35, 10, 35, 35, 35, 10, 3, 10, 3, 10, 10, 3, 35, 10, 10, 3, 3, 35, 10, 35, 3, 65, 10, 10, 3]",1,validation
SYN-0793,283.09279725294783,1289.732252268092,7.4095523690209575,33.0,40.55720149776233,13.587489564281242,755.850828978479,0.32512754690666734,265.2453818785575,43.31985593879956,0.29628820743756484,1.0,0.0,0.0,3.0,"[0, 0, 0, 0, 0, 0, 0, 0, 3, 0, 0, 0, 0, 0, 0, 0, 0, 0, 0, 0, 0, 0, 0, 0, 0, 0, 0, 0, 0, 0]",0,test
SYN-0794,372.78941882532354,4856.819930903672,6.128482282180201,54.0,34.71733307765139,13.779187972936008,683.6214926463878,0.5622950701946766,443.6613748724353,103.14051563861834,0.36980086277841817,2.0,0.0,0.0,10.0,"[0, 0, 0, 0, 0, 10, 0, 0, 10, 0, 0, 0, 0, 0, 0, 0, 0, 0, 0, 0, 0, 0, 0, 0, 0, 0, 0, 0, 0, 0]",0,train
SYN-0795,237.6251497146567,4718.094859984028,15.839979864863977,48.0,18.796888375797074,13.596674748691253,910.7019700539807,0.23562581751927458,653.4716738981095,133.32577911391087,0.6401791547417384,1.0,0.0,0.0,65.0,"[0, 0, 0, 0, 0, 65, 0, 0, 0, 0, 0, 0, 0, 0, 0, 0, 0, 0, 0, 0, 0, 0, 0, 0, 0, 0, 0, 0, 0, 0]",0,test
SYN-0796,486.80721895003563,8709.672441272944,7.203072635057776,51.0,54.03243251456612,19.77426434906057,750.8297087014171,0.26794781442463744,149.79434248157105,198.7577706913895,0.5192819526201423,0.0,0.0,0.0,0.0,"[0, 0, 0, 0, 0, 0, 0, 0, 0, 0, 0, 0, 0, 0, 0, 0, 0, 0, 0, 0, 0, 0, 0, 0, 0, 0, 0, 0, 0, 0]",0,test
SYN-0797,306.6026865780101,5888.97977790022,10.91827442635144,63.0,29.05277968039545,4.497058249683706,794.6266410539213,0.5262900959605792,566.1213720144873,123.22524529418499,0.496662396126251,2.0,0.0,0.0,10.0,"[0, 0, 0, 0, 0, 0, 0, 0, 0, 0, 10, 0, 0, 0, 0, 10, 0, 0, 0, 0, 0, 0, 0, 0, 0, 0, 0, 0, 0, 0]",0,train
SYN-0798,272.7178582353664,4422.6259211980605,8.071917816496635,87.0,78.86279495181016,9.339343340177722,731.1282741136301,0.6494397621907353,317.8097223801033,67.3179913852606,0.5360147196921402,1.0,0.0,0.0,3.0,"[0, 3, 0, 0, 0, 0, 0, 0, 0, 0, 0, 0, 0, 0, 0, 0, 0, 0, 0, 0, 0, 0, 0, 0, 0, 0, 0, 0, 0, 0]",0,validation
SYN-0799,553.4036038511699,6021.799522337609,5.154120746832179,32.0,96.650910932911,11.76326047396675,866.9789944156197,0.357067977271533,737.5536602366155,201.81270414744557,0.5393235840954591,1.0,0.0,0.0,3.0,"[0, 3, 0, 0, 0, 0, 0, 0, 0, 0, 0, 0, 0, 0, 0, 0, 0, 0, 0, 0, 0, 0, 0, 0, 0, 0, 0, 0, 0, 0]",0,validation
SYN-0800,241.17569211259934,5753.925250395402,4.89253757015676,42.0,49.696102628954606,0.7770265910411256,771.840224782995,0.3029882890144415,902.7336509224332,149.34093645170702,0.8252781917496721,12.0,2.0,1.0,35.0,"[0, 0, 0, 0, 0, 0, 10, 0, 3, 3, 3, 3, 0, 0, 0, 10, 3, 10, 0, 10, 0, 10, 0, 0, 0, 0, 0, 0, 35, 3]",0,train
SYN-0801,300.4119998122283,4659.171711229117,4.66212601034376,38.0,40.66358891508382,9.133935746530126,817.5812421301104,0.3867997579795901,171.78856112772505,132.12067583216486,0.5751576663224073,3.0,0.0,0.0,35.0,"[0, 0, 0, 0, 0, 0, 35, 0, 0, 0, 0, 10, 0, 0, 3, 0, 0, 0, 0, 0, 0, 0, 0, 0, 0, 0, 0, 0, 0, 0]",0,test
SYN-0802,632.2094763585982,14139.711646143376,14.232684389888998,75.0,134.15280287485888,5.6862768524575,782.5813229978742,0.3473568908488167,747.5057559284785,285.6983031235483,0.6641012539335328,1.0,0.0,0.0,65.0,"[65, 0, 0, 0, 0, 0, 0, 0, 0, 0, 0, 0, 0, 0, 0, 0, 0, 0, 0, 0, 0, 0, 0, 0, 0, 0, 0, 0, 0, 0]",0,train
SYN-0803,198.59250156311245,4182.856640566946,7.06401264377155,114.0,25.167171617712217,15.67399784485449,646.9083371579572,0.49313598747758497,320.3449885445165,50.474014516962505,0.3808864158480629,7.0,0.0,0.0,35.0,"[0, 0, 0, 0, 3, 35, 10, 3, 10, 3, 0, 0, 0, 0, 0, 3, 0, 0, 0, 0, 0, 0, 0, 0, 0, 0, 0, 0, 0, 0]",1,train
SYN-0804,561.5314844599276,8698.769435651076,6.0674931350160435,106.0,123.57108838711817,17.61823982368879,890.6654578496125,0.3424332490541686,416.41205790109296,106.21292560646376,0.40920949288281616,0.0,0.0,0.0,0.0,"[0, 0, 0, 0, 0, 0, 0, 0, 0, 0, 0, 0, 0, 0, 0, 0, 0, 0, 0, 0, 0, 0, 0, 0, 0, 0, 0, 0, 0, 0]",0,train
SYN-0805,351.0052019231994,6669.944897705796,4.141801474027524,76.0,7.601352309700945,13.834019696913337,692.2659752245154,0.34335414503674344,83.9337091578112,99.92625858667385,0.30634192971277396,0.0,0.0,0.0,0.0,"[0, 0, 0, 0, 0, 0, 0, 0, 0, 0, 0, 0, 0, 0, 0, 0, 0, 0, 0, 0, 0, 0, 0, 0, 0, 0, 0, 0, 0, 0]",0,test
SYN-0806,330.8972735077228,5753.648107726783,5.62841974565168,102.0,60.95989844552654,4.642469088256053,854.135851466535,0.311741518025689,1184.6114245666108,71.10314314366305,0.3991058620375951,0.0,0.0,0.0,0.0,"[0, 0, 0, 0, 0, 0, 0, 0, 0, 0, 0, 0, 0, 0, 0, 0, 0, 0, 0, 0, 0, 0, 0, 0, 0, 0, 0, 0, 0, 0]",0,train
SYN-0807,433.01004009378727,7031.718885097321,4.40476790165452,46.0,143.90724061134682,19.290340650803348,889.4569190579416,0.18405401569285634,3195.7875238929273,166.41163340573038,0.7166551471874972,2.0,0.0,0.0,35.0,"[0, 0, 0, 0, 0, 0, 0, 0, 0, 0, 35, 0, 0, 0, 0, 0, 0, 3, 0, 0, 0, 0, 0, 0, 0, 0, 0, 0, 0, 0]",0,validation
SYN-0808,247.35343402240707,5649.831775104516,3.3535116532762266,97.0,25.496658298303057,0.28405923914481823,998.0,0.15564962973006294,51.499172636473155,66.57726285036048,0.37223627604993276,1.0,1.0,0.0,3.0,"[0, 0, 0, 0, 0, 0, 0, 0, 0, 0, 0, 0, 0, 0, 0, 0, 0, 0, 0, 0, 0, 0, 0, 0, 3, 0, 0, 0, 0, 0]",0,train
SYN-0809,460.1186464441012,8792.253817145844,13.689582305219941,104.0,130.352107696777,5.317874094818002,887.1928034840523,0.45236049353163027,649.1204727301458,144.81239551882462,0.5980294546681248,0.0,0.0,0.0,0.0,"[0, 0, 0, 0, 0, 0, 0, 0, 0, 0, 0, 0, 0, 0, 0, 0, 0, 0, 0, 0, 0, 0, 0, 0, 0, 0, 0, 0, 0, 0]",0,test
SYN-0810,296.38749129683106,5640.064492739425,12.006350489580703,19.0,16.739978137157344,18.130088777440783,729.6679829690175,0.6591698118982001,82.51245827615422,327.43227795129815,1.1612239591574671,16.0,1.0,0.0,65.0,"[65, 0, 10, 0, 3, 3, 0, 0, 3, 0, 0, 10, 35, 65, 0, 35, 3, 3, 3, 3, 3, 10, 0, 0, 0, 0, 0, 3, 0, 0]",0,test
SYN-0811,582.976148475386,9118.378216805364,9.60760358649585,40.0,23.14400934855585,14.992371545695708,822.2247524422944,0.4251052902381747,1144.830680950028,267.3104996407797,0.49822708827614914,0.0,0.0,0.0,0.0,"[0, 0, 0, 0, 0, 0, 0, 0, 0, 0, 0, 0, 0, 0, 0, 0, 0, 0, 0, 0, 0, 0, 0, 0, 0, 0, 0, 0, 0, 0]",0,train
SYN-0812,363.5786811870216,4385.334298632056,11.510769441079907,93.0,104.70833940590947,9.64112652643319,744.0452618442786,0.5881273102115935,50.09763218224433,71.48479519510518,0.48460799193664084,4.0,0.0,0.0,10.0,"[0, 0, 0, 0, 10, 3, 0, 0, 0, 0, 0, 0, 0, 0, 0, 0, 10, 3, 0, 0, 0, 0, 0, 0, 0, 0, 0, 0, 0, 0]",0,test
SYN-0813,242.280070402581,3755.722308678207,14.337616797488046,116.0,77.48537802207481,8.433631103102655,784.8071061166398,0.3946455553361301,531.2035869639642,60.00275268251688,0.5674760225888024,2.0,0.0,0.0,65.0,"[0, 3, 0, 0, 0, 0, 0, 0, 0, 0, 0, 0, 0, 65, 0, 0, 0, 0, 0, 0, 0, 0, 0, 0, 0, 0, 0, 0, 0, 0]",0,train
SYN-0814,358.2266071431565,6905.54140130023,14.217105696861145,40.0,61.99389768094556,15.692458162162882,780.8473504766723,0.65483528657693,613.2699424132692,217.7663939529374,0.7809589964993404,3.0,0.0,0.0,10.0,"[0, 0, 0, 0, 0, 0, 0, 0, 10, 0, 0, 0, 10, 10, 0, 0, 0, 0, 0, 0, 0, 0, 0, 0, 0, 0, 0, 0, 0, 0]",0,train
SYN-0815,249.71237896127107,5198.4086502700975,11.092484368446804,44.0,66.42877934510217,14.968493345968154,809.1327515322589,0.4407294346615769,172.4345045332391,144.33402009006352,0.8440222319449119,5.0,0.0,0.0,35.0,"[0, 0, 0, 0, 10, 3, 0, 0, 0, 0, 0, 0, 3, 0, 0, 0, 0, 0, 0, 3, 35, 0, 0, 0, 0, 0, 0, 0, 0, 0]",0,train
SYN-0816,475.00722038963494,11350.574423895036,6.37237899854006,41.0,160.2455439658377,17.11735798119178,924.1709370082176,0.04498339286311385,746.2593078075191,308.80511695310094,0.9874600654158261,0.0,0.0,0.0,0.0,"[0, 0, 0, 0, 0, 0, 0, 0, 0, 0, 0, 0, 0, 0, 0, 0, 0, 0, 0, 0, 0, 0, 0, 0, 0, 0, 0, 0, 0, 0]",0,test
SYN-0817,583.3199645273613,7957.161703973109,6.442905990967557,37.0,62.7647158343437,3.3492566881609687,803.8556769573858,0.4653124211082296,724.7414370293562,237.70150316626092,0.5150967518213769,0.0,0.0,0.0,0.0,"[0, 0, 0, 0, 0, 0, 0, 0, 0, 0, 0, 0, 0, 0, 0, 0, 0, 0, 0, 0, 0, 0, 0, 0, 0, 0, 0, 0, 0, 0]",0,train
SYN-0818,491.3226848295895,4078.3049400976447,15.533818545274173,65.0,88.04659624449219,1.825765712378149,902.4067511461643,0.230672472907584,264.67347460609403,93.18074439958933,0.36885604153803414,1.0,1.0,1.0,10.0,"[0, 0, 0, 0, 0, 0, 0, 0, 0, 0, 0, 0, 0, 0, 0, 0, 0, 0, 0, 0, 0, 0, 0, 0, 0, 0, 0, 0, 0, 10]",0,train
SYN-0819,379.178873226012,4893.242101432847,3.9253051083620027,103.0,115.16064796880454,0.5706591841551378,879.2451301419053,0.38877374497043754,1704.2730618073049,56.0358013088694,0.45149258401754677,0.0,0.0,0.0,0.0,"[0, 0, 0, 0, 0, 0, 0, 0, 0, 0, 0, 0, 0, 0, 0, 0, 0, 0, 0, 0, 0, 0, 0, 0, 0, 0, 0, 0, 0, 0]",0,train
SYN-0820,391.31469992951565,7936.725127542321,14.639151526670451,100.0,69.72113227992696,10.398602215469126,759.35527039196,0.4797266093505118,666.4071680716035,137.81344603861353,0.5303521139275422,0.0,0.0,0.0,0.0,"[0, 0, 0, 0, 0, 0, 0, 0, 0, 0, 0, 0, 0, 0, 0, 0, 0, 0, 0, 0, 0, 0, 0, 0, 0, 0, 0, 0, 0, 0]",0,train
SYN-0821,281.68941446898395,5001.4666275372,6.0189610045911675,51.0,47.81582451311644,7.127351841168337,807.0543023284353,0.34495094710624136,476.2145095084675,111.38974811101276,0.5651812402118466,1.0,0.0,0.0,3.0,"[0, 0, 0, 0, 0, 0, 0, 0, 0, 0, 0, 3, 0, 0, 0, 0, 0, 0, 0, 0, 0, 0, 0, 0, 0, 0, 0, 0, 0, 0]",0,train
SYN-0822,133.6607368485756,1061.8813964791434,10.582802040434967,97.0,14.953640491055733,9.446191909360603,772.1826433947455,0.8067775976039755,66.07892077469724,16.334556429711665,0.23408667091379148,0.0,0.0,0.0,0.0,"[0, 0, 0, 0, 0, 0, 0, 0, 0, 0, 0, 0, 0, 0, 0, 0, 0, 0, 0, 0, 0, 0, 0, 0, 0, 0, 0, 0, 0, 0]",0,train
SYN-0823,185.6474510886336,1891.4715234426176,3.40637954164629,49.0,33.75068991657857,0.36817865735367494,674.6720202065369,0.690767679578102,382.5109308528319,41.40296161251276,0.4048191940605247,3.0,0.0,0.0,35.0,"[0, 0, 0, 0, 35, 0, 0, 3, 3, 0, 0, 0, 0, 0, 0, 0, 0, 0, 0, 0, 0, 0, 0, 0, 0, 0, 0, 0, 0, 0]",0,test
SYN-0824,385.1119083151746,1485.563648759551,4.617093241634851,83.0,45.06625576891573,19.09719482701429,731.9657196144814,0.7341437037977047,201.5316871178828,20.94224209580179,0.17140082256479158,2.0,1.0,0.0,10.0,"[0, 0, 0, 0, 0, 0, 0, 0, 0, 0, 0, 0, 0, 0, 0, 0, 0, 0, 10, 0, 0, 0, 0, 0, 0, 0, 0, 10, 0, 0]",0,train
SYN-0825,261.9315843918704,1516.7574855329378,9.290274551564401,68.0,20.385199411462118,0.8947502041742084,826.0230568582226,0.2894565068834448,1141.0059042795037,28.77361238224449,0.18767806069603707,0.0,0.0,0.0,0.0,"[0, 0, 0, 0, 0, 0, 0, 0, 0, 0, 0, 0, 0, 0, 0, 0, 0, 0, 0, 0, 0, 0, 0, 0, 0, 0, 0, 0, 0, 0]",0,train
SYN-0826,562.6397569706562,10896.306847873922,7.820035976827904,45.0,50.02082508816414,19.145556028850944,878.8073524271258,0.09251115229444078,1795.4246717983349,280.1594146989633,0.586841288224763,0.0,0.0,0.0,0.0,"[0, 0, 0, 0, 0, 0, 0, 0, 0, 0, 0, 0, 0, 0, 0, 0, 0, 0, 0, 0, 0, 0, 0, 0, 0, 0, 0, 0, 0, 0]",0,train
SYN-0827,238.04917367206144,4333.611339505113,13.018339186837677,117.0,69.20805238383443,5.920997331679696,765.0063110816328,0.5524987019426736,129.22671005349443,65.56626518894025,0.5661616694307073,0.0,0.0,0.0,0.0,"[0, 0, 0, 0, 0, 0, 0, 0, 0, 0, 0, 0, 0, 0, 0, 0, 0, 0, 0, 0, 0, 0, 0, 0, 0, 0, 0, 0, 0, 0]",0,train
SYN-0828,365.90582113220336,3718.5825424159325,10.170969845153643,101.0,12.784030310478089,14.590078631156105,778.8019581366633,0.48170734156944806,105.12499049547029,54.9447568089719,0.18509896046441765,0.0,0.0,0.0,0.0,"[0, 0, 0, 0, 0, 0, 0, 0, 0, 0, 0, 0, 0, 0, 0, 0, 0, 0, 0, 0, 0, 0, 0, 0, 0, 0, 0, 0, 0, 0]",0,validation
SYN-0829,370.5180188675084,7939.443645669957,7.009946269892765,95.0,97.04250959519318,18.06267223025435,738.549193409067,0.5950744285486774,1200.2717888716948,109.13435591566505,0.5564557052880712,0.0,0.0,0.0,0.0,"[0, 0, 0, 0, 0, 0, 0, 0, 0, 0, 0, 0, 0, 0, 0, 0, 0, 0, 0, 0, 0, 0, 0, 0, 0, 0, 0, 0, 0, 0]",0,train
SYN-0830,363.9608851998855,7334.882930807084,14.01559410853091,48.0,111.3870748214969,0.17599315161700435,618.667202811933,0.6893905551039597,187.07282738178276,200.4938877724912,0.8569079131201273,18.0,4.0,1.0,65.0,"[0, 0, 0, 10, 10, 0, 65, 10, 3, 0, 35, 3, 10, 35, 3, 3, 0, 0, 3, 0, 3, 0, 35, 0, 3, 35, 0, 0, 3, 3]",1,train
SYN-0831,352.3080706271469,3150.291349931364,12.265538296511565,118.0,93.3193154482481,2.991446399626929,672.1483662412369,0.4343586207983508,1397.312309625442,46.078853298541034,0.3956712331302691,2.0,0.0,0.0,35.0,"[0, 0, 0, 0, 0, 0, 0, 0, 0, 3, 0, 0, 0, 0, 0, 0, 0, 0, 0, 0, 0, 0, 35, 0, 0, 0, 0, 0, 0, 0]",0,train
SYN-0832,376.60454072923244,2583.7708929874957,7.4935917347378505,17.0,128.98866232799392,8.504744762023059,826.7924729903307,0.5584362488971768,1671.693400741448,160.670235398562,0.7691327809422566,6.0,0.0,0.0,65.0,"[0, 0, 0, 0, 0, 65, 0, 0, 0, 0, 0, 0, 3, 0, 3, 0, 0, 3, 0, 10, 3, 0, 0, 0, 0, 0, 0, 0, 0, 0]",0,train
SYN-0833,244.81018865223467,3048.559854338139,11.122321303132052,119.0,12.420477665813289,17.442081887869744,729.6033144502458,0.07780415990386162,161.0095493766709,42.39928492140166,0.2239276187360372,1.0,0.0,0.0,3.0,"[0, 0, 0, 0, 0, 0, 0, 0, 0, 0, 0, 3, 0, 0, 0, 0, 0, 0, 0, 0, 0, 0, 0, 0, 0, 0, 0, 0, 0, 0]",0,validation
SYN-0834,233.72801775471353,848.4877479535404,14.77448803438886,79.0,30.298262452728004,10.169480980820431,826.1243375575176,0.22843953052380897,1293.8840008760194,16.858410076562162,0.20175874926034265,0.0,0.0,0.0,0.0,"[0, 0, 0, 0, 0, 0, 0, 0, 0, 0, 0, 0, 0, 0, 0, 0, 0, 0, 0, 0, 0, 0, 0, 0, 0, 0, 0, 0, 0, 0]",0,validation
SYN-0835,254.79017929021248,3050.7660622503595,13.260388898453378,106.0,81.54263996096137,2.7665665946942664,867.1299253990466,0.1700411230715542,67.65313662686873,48.99642820096319,0.5123394807663966,2.0,0.0,0.0,35.0,"[0, 0, 0, 0, 0, 0, 0, 0, 10, 0, 0, 0, 0, 0, 0, 0, 0, 0, 0, 0, 35, 0, 0, 0, 0, 0, 0, 0, 0, 0]",0,train
SYN-0836,423.3178701009404,5546.086425697216,12.207454850428261,70.0,75.70832182422774,6.3141109995392934,801.2866994960475,0.6069141702120707,607.6569865383714,111.14554604758675,0.4414032127376505,3.0,1.0,0.0,35.0,"[0, 0, 10, 0, 0, 0, 0, 0, 0, 10, 0, 0, 0, 0, 0, 0, 0, 0, 0, 0, 0, 0, 0, 0, 0, 0, 35, 0, 0, 0]",0,test
SYN-0837,310.56362897172704,6743.184285479032,8.848981304590506,82.0,28.095236831303666,9.934386684337518,892.1458449513794,0.0823056341026035,312.16101671984546,109.88090754703789,0.44427657171311125,0.0,0.0,0.0,0.0,"[0, 0, 0, 0, 0, 0, 0, 0, 0, 0, 0, 0, 0, 0, 0, 0, 0, 0, 0, 0, 0, 0, 0, 0, 0, 0, 0, 0, 0, 0]",0,validation
SYN-0838,293.85795284117967,2988.7447616100144,14.793667419584846,44.0,33.72773224165309,11.763475232479479,915.6017737964031,0.17992680249791587,801.5446205221537,88.4139390716866,0.4156486837684912,1.0,0.0,0.0,35.0,"[0, 0, 0, 0, 0, 0, 0, 0, 0, 0, 35, 0, 0, 0, 0, 0, 0, 0, 0, 0, 0, 0, 0, 0, 0, 0, 0, 0, 0, 0]",0,train
SYN-0839,207.75099436315534,1760.536356953375,9.248752308283521,95.0,9.875586992952504,5.310421968666508,869.0762080177469,0.3017714511769433,193.0374417090927,26.205300848821388,0.17367371911926138,0.0,0.0,0.0,0.0,"[0, 0, 0, 0, 0, 0, 0, 0, 0, 0, 0, 0, 0, 0, 0, 0, 0, 0, 0, 0, 0, 0, 0, 0, 0, 0, 0, 0, 0, 0]",0,test
SYN-0840,240.45277395754238,854.3356244465112,12.992023945656106,36.0,30.480582481104676,7.537485015305223,786.2608843963628,0.37494530275483806,330.0423207816298,28.782661477718207,0.24646521220540052,0.0,0.0,0.0,0.0,"[0, 0, 0, 0, 0, 0, 0, 0, 0, 0, 0, 0, 0, 0, 0, 0, 0, 0, 0, 0, 0, 0, 0, 0, 0, 0, 0, 0, 0, 0]",0,test
SYN-0841,498.39284224176714,7676.303741234776,13.719296490393102,51.0,145.8234140621224,2.668735764882928,712.9946882587465,0.39643878266164756,1514.6822567030345,199.4716431769889,0.6928170470626681,2.0,0.0,0.0,35.0,"[0, 0, 0, 0, 0, 0, 0, 0, 0, 0, 0, 0, 0, 0, 0, 0, 0, 3, 35, 0, 0, 0, 0, 0, 0, 0, 0, 0, 0, 0]",0,train
SYN-0842,326.27512384077085,6423.151515835915,8.304238977838505,46.0,103.52516931201161,11.228483377746308,761.6478408433801,0.4581928149944705,215.8792339965151,163.51416699340754,0.8184483486266027,2.0,0.0,0.0,3.0,"[0, 0, 0, 0, 0, 0, 3, 0, 3, 0, 0, 0, 0, 0, 0, 0, 0, 0, 0, 0, 0, 0, 0, 0, 0, 0, 0, 0, 0, 0]",0,train
SYN-0843,243.20405484595383,4076.3305601418465,14.535218471838663,77.0,75.96418113064199,12.950939376874913,743.9135259188613,0.3033988808023298,48.41282122312763,81.70797740197837,0.6483122110463593,0.0,0.0,0.0,0.0,"[0, 0, 0, 0, 0, 0, 0, 0, 0, 0, 0, 0, 0, 0, 0, 0, 0, 0, 0, 0, 0, 0, 0, 0, 0, 0, 0, 0, 0, 0]",0,test
SYN-0844,139.50675646245054,2552.233553390838,12.949860185840867,37.0,32.041089656894535,6.786960221465234,998.0,0.05255359309246782,552.5546446260659,84.03124689584415,0.8320194626844511,1.0,0.0,0.0,3.0,"[0, 0, 0, 0, 0, 0, 0, 0, 0, 0, 0, 0, 0, 0, 0, 0, 0, 0, 0, 0, 3, 0, 0, 0, 0, 0, 0, 0, 0, 0]",0,train
SYN-0845,711.8645856718035,15058.265927708038,13.931975188451847,66.0,184.18561675941666,1.4638850492377453,826.5758365645215,0.5330384360714253,432.3249637451458,327.88380743172854,0.7193354389274657,7.0,0.0,0.0,65.0,"[0, 0, 0, 0, 0, 0, 0, 0, 0, 0, 3, 10, 3, 0, 10, 0, 10, 10, 0, 0, 65, 0, 0, 0, 0, 0, 0, 0, 0, 0]",0,validation
SYN-0846,413.16655842054445,1909.2705188263253,12.010774214120252,35.0,37.11281468912756,5.230461546137562,721.6599352729986,0.21387340369815996,166.16689408108937,64.93203149677427,0.2469823467223472,0.0,0.0,0.0,0.0,"[0, 0, 0, 0, 0, 0, 0, 0, 0, 0, 0, 0, 0, 0, 0, 0, 0, 0, 0, 0, 0, 0, 0, 0, 0, 0, 0, 0, 0, 0]",0,train
SYN-0847,887.0591428907702,19816.489997648845,12.221723118547091,75.0,271.06165573367184,15.232829032275994,795.1820920414036,0.10555260137376421,644.9781140286863,379.13714946157353,0.7329824740618325,1.0,1.0,0.0,65.0,"[0, 0, 0, 0, 0, 0, 0, 0, 0, 0, 0, 0, 0, 0, 0, 0, 0, 0, 0, 0, 0, 0, 0, 0, 0, 0, 65, 0, 0, 0]",0,validation
SYN-0848,208.27145398478928,3049.0677074763908,9.229182963897824,68.0,5.939209247961962,8.610983866277648,762.4465508709457,0.2984658068594361,41.5522073450896,57.75014021748559,0.305799706329889,0.0,0.0,0.0,0.0,"[0, 0, 0, 0, 0, 0, 0, 0, 0, 0, 0, 0, 0, 0, 0, 0, 0, 0, 0, 0, 0, 0, 0, 0, 0, 0, 0, 0, 0, 0]",0,validation
SYN-0849,260.8564177570446,1868.7161738943282,13.706782377558204,56.0,27.5886499804572,14.87801828800057,1000.0,0.17829105828337966,250.07635487644237,45.35646486843088,0.2796370335685105,0.0,0.0,0.0,0.0,"[0, 0, 0, 0, 0, 0, 0, 0, 0, 0, 0, 0, 0, 0, 0, 0, 0, 0, 0, 0, 0, 0, 0, 0, 0, 0, 0, 0, 0, 0]",0,train
SYN-0850,550.9971273161283,11327.917480599765,14.577171808198727,69.0,39.49388487793686,16.236634551289132,870.9111720847328,0.3775845470838002,420.4164220361013,243.41671436291577,0.5134520403380177,0.0,0.0,0.0,0.0,"[0, 0, 0, 0, 0, 0, 0, 0, 0, 0, 0, 0, 0, 0, 0, 0, 0, 0, 0, 0, 0, 0, 0, 0, 0, 0, 0, 0, 0, 0]",0,train
SYN-0851,646.7126406751626,13875.152155934236,5.453307803979149,20.0,193.93905758078475,2.905493046465306,897.8670362790971,0.24947626070166848,2784.7382259719557,727.3364926234112,1.4245516358585353,14.0,3.0,1.0,65.0,"[0, 0, 0, 3, 0, 0, 10, 0, 0, 35, 10, 0, 3, 10, 3, 10, 35, 0, 0, 65, 0, 0, 10, 0, 10, 0, 0, 0, 3, 3]",0,train
SYN-0852,401.3584569094333,6294.040112633506,6.671946682403997,31.0,133.42672815288776,15.64906306538218,872.7724503061231,0.24146306163255257,1191.4271480111533,221.5957469489944,0.8845521228969473,1.0,0.0,0.0,3.0,"[0, 0, 0, 0, 0, 0, 0, 0, 0, 0, 0, 0, 0, 0, 3, 0, 0, 0, 0, 0, 0, 0, 0, 0, 0, 0, 0, 0, 0, 0]",0,validation
SYN-0853,366.2911533043763,5291.137738081092,9.463372218960611,39.0,100.14643708929141,0.738238166740115,830.8855161180805,0.7178920626738761,2125.7371923051246,158.13138688904007,0.7051161941760324,2.0,0.0,0.0,3.0,"[0, 0, 0, 0, 0, 3, 0, 0, 0, 0, 0, 0, 0, 0, 0, 0, 0, 0, 0, 0, 0, 0, 3, 0, 0, 0, 0, 0, 0, 0]",0,test
SYN-0854,197.88727492067076,1406.876766543968,9.36619103476633,75.0,47.10506543060689,2.435653582915942,734.5793121800217,0.4889231424348534,42.131830457411745,24.852510078088354,0.36362911934353365,3.0,0.0,0.0,3.0,"[0, 0, 3, 0, 0, 0, 0, 0, 0, 0, 0, 0, 0, 3, 0, 0, 0, 0, 0, 0, 0, 0, 3, 0, 0, 0, 0, 0, 0, 0]",0,train
SYN-0855,366.1148330525092,6354.550778692325,8.648572987533399,39.0,16.890247676404133,11.57585175505525,846.8908922653735,0.23535918680081963,1760.4224713711155,187.49023277626375,0.5582414641565617,0.0,0.0,0.0,0.0,"[0, 0, 0, 0, 0, 0, 0, 0, 0, 0, 0, 0, 0, 0, 0, 0, 0, 0, 0, 0, 0, 0, 0, 0, 0, 0, 0, 0, 0, 0]",0,validation
SYN-0856,354.0216903549531,2687.4239945218974,9.12417596303279,100.0,41.64506179278369,11.55077059720256,782.6532433288876,0.4635264792831664,475.6309356100746,38.470833075979534,0.22630222116739956,0.0,0.0,0.0,0.0,"[0, 0, 0, 0, 0, 0, 0, 0, 0, 0, 0, 0, 0, 0, 0, 0, 0, 0, 0, 0, 0, 0, 0, 0, 0, 0, 0, 0, 0, 0]",0,test
SYN-0857,343.73175353172394,5103.621190924764,7.513419254414221,41.0,94.4689764418169,8.380834241923,859.1814192960625,0.32185215124327293,1035.63245867028,141.5259173752321,0.6865670436096861,1.0,0.0,0.0,10.0,"[0, 0, 0, 0, 0, 0, 0, 0, 0, 0, 0, 0, 0, 0, 0, 0, 0, 0, 0, 0, 10, 0, 0, 0, 0, 0, 0, 0, 0, 0]",0,train
SYN-0858,213.8402975947623,3818.3513772708347,9.798075733019768,115.0,8.438983115659095,4.802677647424131,732.0982433340407,0.4381537670482933,85.89996013269517,51.321926667166025,0.27946514504050557,0.0,0.0,0.0,0.0,"[0, 0, 0, 0, 0, 0, 0, 0, 0, 0, 0, 0, 0, 0, 0, 0, 0, 0, 0, 0, 0, 0, 0, 0, 0, 0, 0, 0, 0, 0]",0,validation
SYN-0859,592.7766219197715,13371.357156750903,5.267044294192184,97.0,178.391667649842,12.280568982123992,826.7111603772291,0.09718557123375438,2183.018290425992,169.56764275055096,0.5869990440471301,1.0,0.0,0.0,10.0,"[0, 0, 0, 0, 0, 0, 0, 0, 0, 0, 0, 0, 0, 0, 0, 0, 0, 0, 0, 0, 0, 0, 10, 0, 0, 0, 0, 0, 0, 0]",0,test
SYN-0860,221.51293906445696,1515.5598496660602,15.373706624333487,47.0,34.524453704106215,3.5102389501355713,819.1208674055342,0.3552803183293417,1456.5691065918295,43.1226788552993,0.3505309120421691,0.0,0.0,0.0,0.0,"[0, 0, 0, 0, 0, 0, 0, 0, 0, 0, 0, 0, 0, 0, 0, 0, 0, 0, 0, 0, 0, 0, 0, 0, 0, 0, 0, 0, 0, 0]",0,train
SYN-0861,488.424037676686,6455.898421881155,6.643349249613722,103.0,23.299979918806564,4.125672620477932,848.4854498849047,0.3461071393159057,3206.021269137281,82.4068894898222,0.2164243797488972,3.0,0.0,0.0,10.0,"[0, 0, 0, 0, 0, 0, 0, 0, 0, 0, 0, 0, 3, 0, 3, 0, 0, 0, 0, 0, 0, 0, 10, 0, 0, 0, 0, 0, 0, 0]",0,train
SYN-0862,486.13078604012384,10086.45666401168,13.73218642012753,67.0,93.7980491722154,7.805334930914287,805.1996427577196,0.5379164071405185,297.3646267323956,216.37883812786288,0.6380523435404833,6.0,1.0,0.0,35.0,"[0, 0, 35, 0, 10, 0, 3, 0, 0, 0, 0, 35, 0, 0, 0, 0, 0, 0, 0, 10, 0, 0, 0, 0, 0, 0, 35, 0, 0, 0]",1,test
SYN-0863,636.1082478475198,14593.878614763058,6.241183139350893,57.0,89.0070322722723,19.12722859787062,828.4127558796274,0.14359621249574575,1658.6459800035475,296.51704269574424,0.6060667760126728,0.0,0.0,0.0,0.0,"[0, 0, 0, 0, 0, 0, 0, 0, 0, 0, 0, 0, 0, 0, 0, 0, 0, 0, 0, 0, 0, 0, 0, 0, 0, 0, 0, 0, 0, 0]",0,test
SYN-0864,196.79922673785995,732.0888844839357,15.18101566143429,14.0,63.90153221197389,3.153577945114574,747.1311860819533,0.5852096424937521,42.29450866922995,57.38867817083316,0.6163144662370434,5.0,0.0,0.0,35.0,"[0, 35, 0, 0, 0, 0, 0, 0, 0, 0, 0, 10, 0, 0, 0, 0, 0, 0, 0, 3, 0, 10, 35, 0, 0, 0, 0, 0, 0, 0]",0,test
SYN-0865,130.74890174898928,1927.5351921224963,11.420347102356107,68.0,27.756713219204617,11.019236569913032,862.0088974346453,0.15525574731596653,219.50694147373494,38.630787288765994,0.5077480546293293,1.0,0.0,0.0,10.0,"[0, 0, 0, 0, 0, 0, 0, 0, 0, 10, 0, 0, 0, 0, 0, 0, 0, 0, 0, 0, 0, 0, 0, 0, 0, 0, 0, 0, 0, 0]",0,train
SYN-0866,533.8581119735021,7838.974086663846,13.173035881553679,54.0,83.20482762398989,11.936619330944252,859.6763690753421,0.12399811926675523,1328.5096196660802,193.19125436044914,0.517733224962512,2.0,0.0,0.0,10.0,"[0, 0, 0, 0, 0, 3, 0, 0, 0, 0, 0, 10, 0, 0, 0, 0, 0, 0, 0, 0, 0, 0, 0, 0, 0, 0, 0, 0, 0, 0]",0,train
SYN-0867,427.61485658287796,4714.27627938997,6.185716510472442,76.0,128.38247163871878,0.5268906033291731,859.9748853097618,0.37775585857828226,1378.3192921012062,75.12948509377459,0.4759234942368047,4.0,0.0,0.0,3.0,"[3, 0, 0, 0, 3, 0, 0, 0, 0, 0, 0, 0, 0, 0, 3, 0, 0, 0, 0, 0, 0, 0, 3, 0, 0, 0, 0, 0, 0, 0]",0,test
SYN-0868,367.4074063077323,7738.09402160392,3.662757427752398,109.0,116.19941468996679,14.574258956440222,677.2637410611542,0.4931393803282277,644.1425498910556,83.5621010782788,0.543705740109468,2.0,0.0,0.0,35.0,"[0, 0, 0, 0, 0, 0, 0, 35, 0, 0, 0, 0, 0, 0, 10, 0, 0, 0, 0, 0, 0, 0, 0, 0, 0, 0, 0, 0, 0, 0]",0,train
SYN-0869,234.04656615630725,3589.4143652708494,14.459307675615852,86.0,40.57016546821169,6.320769844553453,968.502503632535,0.1572466438342104,243.12746516964174,67.2620098041034,0.4607295763540479,2.0,0.0,0.0,3.0,"[0, 0, 0, 0, 3, 3, 0, 0, 0, 0, 0, 0, 0, 0, 0, 0, 0, 0, 0, 0, 0, 0, 0, 0, 0, 0, 0, 0, 0, 0]",0,train
SYN-0870,457.28774314130374,9867.374185046861,15.436448631549018,43.0,121.37144850228222,15.866905250077147,744.1462211317728,0.4448553674803433,61.50943894702764,300.1966288642588,0.9218879877921303,6.0,0.0,0.0,35.0,"[0, 0, 0, 0, 0, 0, 0, 0, 3, 0, 0, 35, 0, 3, 3, 0, 0, 0, 3, 35, 0, 0, 0, 0, 0, 0, 0, 0, 0, 0]",0,test
SYN-0871,647.6596737881525,5538.013696510851,6.74193406274036,43.0,197.41097474298738,3.771214402711429,787.498050764425,0.34147851798015744,1450.9328483331599,145.33355936949476,0.5292046857075015,3.0,1.0,0.0,35.0,"[0, 3, 0, 0, 0, 0, 3, 0, 0, 0, 0, 0, 0, 0, 0, 0, 0, 0, 0, 0, 0, 0, 0, 0, 0, 0, 0, 35, 0, 0]",0,validation
SYN-0872,349.7687461288474,4238.716616969397,7.768514400996809,57.0,103.39337224867306,15.520592594598563,829.9688090210519,0.29759206823026135,313.3761276043951,89.16331126485153,0.5505256991789392,2.0,0.0,0.0,10.0,"[3, 0, 0, 0, 0, 0, 0, 0, 0, 0, 0, 0, 0, 0, 10, 0, 0, 0, 0, 0, 0, 0, 0, 0, 0, 0, 0, 0, 0, 0]",0,train
SYN-0873,245.06024590430297,5323.616383230812,4.193321358381726,72.0,16.966001628840242,7.957677394987495,821.0806504461325,0.3216826709013889,544.8479962836632,83.75869704145497,0.41102014852963387,1.0,0.0,0.0,3.0,"[0, 0, 0, 0, 0, 0, 0, 0, 0, 0, 0, 0, 0, 0, 3, 0, 0, 0, 0, 0, 0, 0, 0, 0, 0, 0, 0, 0, 0, 0]",0,train
SYN-0874,450.2095597508578,1481.5484981822617,11.764820946682603,87.0,155.4386537066305,12.367603385315189,897.7473841455264,0.11522262842677351,314.4858984359375,25.39047520295451,0.4016554624243305,0.0,0.0,0.0,0.0,"[0, 0, 0, 0, 0, 0, 0, 0, 0, 0, 0, 0, 0, 0, 0, 0, 0, 0, 0, 0, 0, 0, 0, 0, 0, 0, 0, 0, 0, 0]",0,train
SYN-0875,144.27066251003532,2582.641137930133,9.891596834699001,120.0,37.34994516904727,13.556419584452497,878.6558643135663,0.4222488540666049,508.16893660011976,33.97494902352381,0.4943825234573231,1.0,0.0,0.0,10.0,"[0, 0, 0, 0, 0, 0, 0, 10, 0, 0, 0, 0, 0, 0, 0, 0, 0, 0, 0, 0, 0, 0, 0, 0, 0, 0, 0, 0, 0, 0]",0,train
SYN-0876,486.44548140544356,6281.394305462581,3.0517193510572405,21.0,38.736863380413745,4.312501134246016,756.3782252464155,0.6586156665857433,609.6353890239864,307.55229551923276,0.7118766072184372,4.0,3.0,1.0,35.0,"[0, 0, 0, 0, 0, 0, 0, 0, 0, 0, 0, 0, 0, 0, 0, 0, 0, 35, 0, 0, 0, 0, 0, 0, 10, 0, 0, 0, 10, 3]",1,train
SYN-0877,179.65589804883274,3461.9543944356965,15.053359502627929,59.0,4.913498745928686,13.271606098146744,840.3544352019027,0.4403766775816364,34.297843984751594,83.39682345743155,0.491552591161557,0.0,0.0,0.0,0.0,"[0, 0, 0, 0, 0, 0, 0, 0, 0, 0, 0, 0, 0, 0, 0, 0, 0, 0, 0, 0, 0, 0, 0, 0, 0, 0, 0, 0, 0, 0]",0,test
SYN-0878,700.3139778084395,11492.018191502302,13.531189611445257,84.0,79.08484126283413,8.257728037146514,839.6931962483739,0.3495133806113953,1006.5331630332945,212.39537250748927,0.4162136170442874,2.0,0.0,0.0,35.0,"[0, 0, 0, 0, 0, 0, 0, 0, 0, 0, 0, 3, 0, 0, 0, 0, 0, 0, 0, 0, 0, 0, 0, 35, 0, 0, 0, 0, 0, 0]",0,train
SYN-0879,212.41805733181386,2550.8020821281893,9.02345477072937,93.0,69.39772483618341,6.977262995675799,788.3384210213038,0.4208127262623739,66.70719728111179,38.22611582750953,0.5066605071883129,6.0,1.0,0.0,35.0,"[0, 0, 0, 0, 0, 3, 0, 10, 0, 3, 0, 10, 0, 3, 0, 0, 0, 0, 0, 0, 0, 0, 0, 0, 0, 0, 35, 0, 0, 0]",0,train
SYN-0880,484.3760593529364,4078.176031475919,14.621815912040715,56.0,161.99172536578135,10.008333071035265,835.7186013969055,0.4445707962139581,25.66813101207858,100.90056858571978,0.54274419405181,0.0,0.0,0.0,0.0,"[0, 0, 0, 0, 0, 0, 0, 0, 0, 0, 0, 0, 0, 0, 0, 0, 0, 0, 0, 0, 0, 0, 0, 0, 0, 0, 0, 0, 0, 0]",0,test
SYN-0881,532.3520479713247,11891.856883657389,6.739455194877553,51.0,141.82395345130362,11.651252807280862,665.8090152472006,0.6684614364630336,590.2182392606669,268.8089483315328,0.7713559163483396,17.0,4.0,1.0,65.0,"[3, 10, 65, 3, 3, 10, 35, 10, 3, 0, 0, 0, 10, 35, 0, 0, 10, 0, 0, 10, 0, 0, 0, 0, 10, 0, 35, 0, 3, 3]",0,train
SYN-0882,318.6911108561431,7588.524099368233,6.36386528172412,71.0,75.75356551011353,13.760548395539697,842.476268879608,0.32431136587607845,325.9778702156991,128.5420406122049,0.6410458251361058,4.0,0.0,0.0,35.0,"[0, 0, 0, 0, 10, 3, 3, 0, 0, 0, 0, 35, 0, 0, 0, 0, 0, 0, 0, 0, 0, 0, 0, 0, 0, 0, 0, 0, 0, 0]",1,validation
SYN-0883,323.5742657327529,3230.4503206357754,11.804358261483738,76.0,112.22025796592139,19.039785227956358,764.7394770804343,0.603448239225664,160.39410298286538,60.555734767580354,0.5339608585442985,0.0,0.0,0.0,0.0,"[0, 0, 0, 0, 0, 0, 0, 0, 0, 0, 0, 0, 0, 0, 0, 0, 0, 0, 0, 0, 0, 0, 0, 0, 0, 0, 0, 0, 0, 0]",0,validation
SYN-0884,235.92417689166115,4920.698828873359,8.944462747274873,102.0,22.150864146117645,10.885345742910728,833.6043184725206,0.5352106925054171,226.6714049691768,69.05377232419251,0.3865845275882525,1.0,0.0,0.0,3.0,"[0, 0, 0, 3, 0, 0, 0, 0, 0, 0, 0, 0, 0, 0, 0, 0, 0, 0, 0, 0, 0, 0, 0, 0, 0, 0, 0, 0, 0, 0]",0,train
SYN-0885,384.5149428493186,3302.3190572791164,6.716783561103733,28.0,55.665673420589265,7.262125187280846,897.2700854178197,0.049913307952152444,618.9936488761232,127.7524401315344,0.477011666160398,0.0,0.0,0.0,0.0,"[0, 0, 0, 0, 0, 0, 0, 0, 0, 0, 0, 0, 0, 0, 0, 0, 0, 0, 0, 0, 0, 0, 0, 0, 0, 0, 0, 0, 0, 0]",0,train
SYN-0886,218.54263342710493,923.0257739912388,4.2390923492612025,66.0,63.39438771493809,19.81501287551452,808.3883455799672,0.3175372365876608,24.984903897985806,15.703439504404233,0.36193316598669734,1.0,1.0,0.0,3.0,"[0, 0, 0, 0, 0, 0, 0, 0, 0, 0, 0, 0, 0, 0, 0, 0, 0, 0, 0, 0, 0, 0, 0, 0, 0, 0, 3, 0, 0, 0]",0,validation
SYN-0887,353.5865977561664,2589.896745732947,7.303276630132331,80.0,10.98982398347015,1.5006247283778062,816.0785202618483,0.585761577345826,452.85428003647644,40.98836908055332,0.1470027240678044,2.0,0.0,0.0,35.0,"[0, 0, 0, 0, 0, 0, 35, 0, 0, 0, 0, 0, 0, 0, 0, 0, 0, 0, 3, 0, 0, 0, 0, 0, 0, 0, 0, 0, 0, 0]",0,test
SYN-0888,326.6532595383118,6766.285083930237,14.043647630251593,82.0,79.71716485858889,0.8685406522494854,712.719138066948,0.6177291793169581,248.80370404744735,128.79294411043338,0.6383224501225803,10.0,3.0,1.0,65.0,"[10, 0, 3, 3, 0, 10, 65, 0, 0, 0, 0, 0, 0, 0, 0, 0, 65, 0, 0, 0, 0, 0, 0, 3, 0, 0, 3, 0, 3, 10]",1,train
SYN-0889,591.0470806015594,14079.458715456973,7.871138567731962,61.0,52.50443890070478,14.502310009586788,828.4405206427107,0.6251903220935922,601.9662313846728,280.80362697281214,0.5639281147185105,0.0,0.0,0.0,0.0,"[0, 0, 0, 0, 0, 0, 0, 0, 0, 0, 0, 0, 0, 0, 0, 0, 0, 0, 0, 0, 0, 0, 0, 0, 0, 0, 0, 0, 0, 0]",0,train
SYN-0890,315.88892811855624,1126.5000835401988,4.219409661129186,24.0,16.45780156596683,0.6641283073509774,746.3225802756184,0.4304685434389546,10.128352535131006,49.02826378239435,0.20730725112272252,1.0,0.0,0.0,35.0,"[0, 0, 0, 0, 0, 0, 0, 0, 0, 0, 0, 0, 0, 0, 0, 35, 0, 0, 0, 0, 0, 0, 0, 0, 0, 0, 0, 0, 0, 0]",0,test
SYN-0891,345.04335680293326,4274.619851341672,14.46249815670972,62.0,77.18149400880054,15.51486054934109,890.8160012118625,0.04753233070564576,1791.2874917346783,98.27901901660724,0.5085172908447549,1.0,1.0,1.0,3.0,"[0, 0, 0, 0, 0, 0, 0, 0, 0, 0, 0, 0, 0, 0, 0, 0, 0, 0, 0, 0, 0, 0, 0, 0, 0, 0, 0, 0, 0, 3]",0,test
SYN-0892,294.1182574257808,1366.483455148033,13.161542045870457,18.0,33.52115829687875,19.44194087549644,823.5976454167014,0.5669633933059348,81.98475357127651,84.07014686319697,0.3998096078403064,4.0,0.0,0.0,35.0,"[3, 3, 0, 0, 0, 35, 0, 0, 0, 0, 0, 0, 0, 0, 0, 0, 0, 0, 0, 0, 3, 0, 0, 0, 0, 0, 0, 0, 0, 0]",0,train
SYN-0893,179.59603026967352,1276.1574370113196,5.831892297733532,41.0,58.64191765490237,15.812408696395373,808.8365153288739,0.6625312973574209,91.15471297169688,34.405035072701416,0.5180902528184423,0.0,0.0,0.0,0.0,"[0, 0, 0, 0, 0, 0, 0, 0, 0, 0, 0, 0, 0, 0, 0, 0, 0, 0, 0, 0, 0, 0, 0, 0, 0, 0, 0, 0, 0, 0]",0,train
SYN-0894,416.0444380591361,3465.3241125290197,12.330190246950853,35.0,136.74823606787294,5.108427516702358,699.8590230710529,0.5313261753992352,215.3679003407843,118.3798419538803,0.6132231432102203,9.0,2.0,1.0,35.0,"[0, 0, 0, 0, 0, 0, 3, 3, 3, 10, 10, 0, 0, 0, 0, 3, 0, 0, 35, 0, 0, 0, 0, 0, 0, 0, 0, 3, 0, 3]",1,train
SYN-0895,310.8548867507971,6741.633285746201,6.822425652520348,83.0,76.53484314204388,10.017582001227472,846.1250044077935,0.4893285478651066,84.15945028539565,102.11689856465055,0.5747110607590805,0.0,0.0,0.0,0.0,"[0, 0, 0, 0, 0, 0, 0, 0, 0, 0, 0, 0, 0, 0, 0, 0, 0, 0, 0, 0, 0, 0, 0, 0, 0, 0, 0, 0, 0, 0]",0,validation
SYN-0896,444.700190679102,6352.128089488614,14.591008543565277,101.0,33.699616764923164,13.942065442712924,734.8042513354862,0.8226777399090606,18.975396777734623,109.56052714083161,0.32214994935572683,3.0,0.0,0.0,10.0,"[10, 0, 0, 3, 0, 0, 0, 0, 0, 0, 0, 0, 3, 0, 0, 0, 0, 0, 0, 0, 0, 0, 0, 0, 0, 0, 0, 0, 0, 0]",0,train
SYN-0897,544.0908772100282,2196.256427294432,13.024527102846829,73.0,187.0142709633496,13.555798984819456,790.6246284939613,0.5379919052126196,166.04749235964573,43.717001184617665,0.4240675258719714,3.0,0.0,0.0,10.0,"[0, 0, 10, 10, 0, 0, 0, 0, 0, 0, 0, 0, 0, 0, 0, 0, 0, 0, 10, 0, 0, 0, 0, 0, 0, 0, 0, 0, 0, 0]",0,validation
SYN-0898,295.85297761411874,6312.902222791007,7.8667907337166785,90.0,7.471613635445333,12.110939705121172,836.1500079987238,0.43134862461154383,819.6152640604968,93.08221292854853,0.33987768984075023,0.0,0.0,0.0,0.0,"[0, 0, 0, 0, 0, 0, 0, 0, 0, 0, 0, 0, 0, 0, 0, 0, 0, 0, 0, 0, 0, 0, 0, 0, 0, 0, 0, 0, 0, 0]",0,train
SYN-0899,212.74878674038908,2554.369821087355,5.792575094532378,32.0,50.92168313517941,9.512520064149445,800.9110308684061,0.654951363637044,263.85610224233335,86.33999752449932,0.6451819667821421,2.0,0.0,0.0,35.0,"[0, 0, 0, 0, 0, 0, 0, 35, 0, 0, 0, 0, 0, 0, 0, 0, 0, 0, 0, 0, 3, 0, 0, 0, 0, 0, 0, 0, 0, 0]",0,validation
SYN-0900,920.600752720693,11364.502907033064,12.808583934090422,97.0,272.3393347608617,17.437484269913124,1000.0,0.05032202567014852,4133.034194218442,188.6663513976661,0.5007661408010984,0.0,0.0,0.0,0.0,"[0, 0, 0, 0, 0, 0, 0, 0, 0, 0, 0, 0, 0, 0, 0, 0, 0, 0, 0, 0, 0, 0, 0, 0, 0, 0, 0, 0, 0, 0]",1,test
SYN-0901,426.02961023977855,2853.5775232256537,13.56749650520047,89.0,141.21144474563656,3.9972258907406677,722.5809536440739,0.30654028414846,1647.7983567142303,51.02160606286593,0.45121992976100794,3.0,0.0,0.0,10.0,"[0, 3, 0, 0, 0, 10, 0, 0, 0, 0, 0, 0, 3, 0, 0, 0, 0, 0, 0, 0, 0, 0, 0, 0, 0, 0, 0, 0, 0, 0]",0,train
SYN-0902,187.9060629271509,1486.03522099007,3.2457250201628454,48.0,43.97451035555062,5.727590154957525,902.3190876955529,0.43641272221138877,447.00608079860945,33.05402441304242,0.40993107709598564,1.0,0.0,0.0,3.0,"[0, 0, 0, 0, 0, 0, 0, 0, 3, 0, 0, 0, 0, 0, 0, 0, 0, 0, 0, 0, 0, 0, 0, 0, 0, 0, 0, 0, 0, 0]",0,train
SYN-0903,173.10722206134423,1001.7308661394226,8.329620374309297,99.0,34.77776378949393,2.488096557459223,874.93629029169,0.19785106759382456,230.7882944221264,14.024002870178093,0.2819164104105263,2.0,0.0,0.0,10.0,"[0, 0, 0, 0, 0, 0, 0, 0, 0, 0, 10, 10, 0, 0, 0, 0, 0, 0, 0, 0, 0, 0, 0, 0, 0, 0, 0, 0, 0, 0]",0,validation
SYN-0904,726.0227799288388,6586.518271915025,9.479353038294118,117.0,100.44512371841515,0.8676054056651616,735.5514942803959,0.4390936669061168,842.3631150841009,86.46837807020717,0.25744853599076145,4.0,1.0,0.0,35.0,"[0, 0, 3, 0, 10, 0, 0, 0, 0, 0, 0, 0, 0, 0, 0, 0, 0, 0, 0, 0, 35, 0, 0, 0, 0, 0, 0, 0, 10, 0]",0,train
SYN-0905,506.45339825337805,10383.099913672895,3.2681704592321204,21.0,174.67392683347467,15.106322728621148,772.0360711708848,0.45203076670022113,496.9335297743012,509.3799563378968,1.3506748805131723,15.0,4.0,1.0,35.0,"[0, 10, 35, 0, 0, 10, 10, 10, 0, 0, 0, 10, 3, 3, 10, 0, 0, 0, 3, 0, 0, 0, 0, 3, 3, 3, 0, 0, 3, 3]",1,train
SYN-0906,277.94382097269613,3682.6804312784116,6.425839700053387,14.0,85.21893431516305,6.06500512000178,831.1404826380532,0.2787301097731367,1159.8973815908564,273.73526041988407,1.2914631218598274,13.0,2.0,0.0,35.0,"[0, 10, 10, 10, 0, 3, 0, 0, 0, 0, 3, 3, 0, 35, 0, 0, 0, 0, 3, 0, 3, 3, 0, 3, 3, 0, 35, 0, 0, 0]",1,train
SYN-0907,239.68835652575504,959.149557913462,13.482913619137678,95.0,26.41126023777041,2.89579012351165,910.1256292246917,0.2027105255664947,49.15897130415199,16.477126855808628,0.17893396122882002,0.0,0.0,0.0,0.0,"[0, 0, 0, 0, 0, 0, 0, 0, 0, 0, 0, 0, 0, 0, 0, 0, 0, 0, 0, 0, 0, 0, 0, 0, 0, 0, 0, 0, 0, 0]",0,test
SYN-0908,495.43475724374827,9574.255912475286,15.193170006639837,63.0,76.3365312491582,3.078990184602892,811.9069442514967,0.3686444134211508,715.2260820781518,221.4663461121434,0.6010940351017521,4.0,1.0,1.0,65.0,"[0, 0, 0, 0, 0, 0, 0, 65, 3, 0, 10, 0, 0, 0, 0, 0, 0, 0, 0, 0, 0, 0, 0, 0, 0, 0, 0, 0, 0, 35]",0,validation
SYN-0909,231.3964089995828,1373.2859223704813,11.730654739841448,98.0,23.397196999643892,1.1351509118654413,790.4606784002937,0.37809409555030354,9.315273545920986,21.84453067022375,0.19551611827281734,4.0,1.0,0.0,35.0,"[0, 0, 0, 0, 0, 0, 10, 0, 0, 35, 0, 0, 0, 0, 0, 0, 0, 35, 0, 0, 0, 0, 0, 0, 0, 0, 0, 3, 0, 0]",0,train
SYN-0910,533.7916679384273,1844.80556200394,10.375950984283213,42.0,117.38151045314436,12.309879973322293,771.128308346579,0.36548952671886126,702.7832442369519,52.56885736546438,0.31838332822799414,1.0,0.0,0.0,65.0,"[0, 0, 0, 0, 0, 0, 65, 0, 0, 0, 0, 0, 0, 0, 0, 0, 0, 0, 0, 0, 0, 0, 0, 0, 0, 0, 0, 0, 0, 0]",0,test
SYN-0911,387.17870830783716,1819.5967203934056,14.237591701548803,61.0,105.40936125465075,6.591932522318973,841.0986475167277,0.18196515356876825,859.6845226847742,42.083887129951684,0.3809435932807902,1.0,0.0,0.0,65.0,"[0, 0, 0, 0, 0, 0, 0, 0, 0, 0, 0, 0, 0, 65, 0, 0, 0, 0, 0, 0, 0, 0, 0, 0, 0, 0, 0, 0, 0, 0]",0,validation
SYN-0912,298.22115177566235,2794.040209628527,3.5144898069253316,92.0,64.86676234055872,17.824701847032483,791.1044430001132,0.43770247739204143,85.78695961826112,34.68921378890753,0.3338327128598762,1.0,0.0,0.0,65.0,"[0, 0, 0, 0, 0, 0, 0, 65, 0, 0, 0, 0, 0, 0, 0, 0, 0, 0, 0, 0, 0, 0, 0, 0, 0, 0, 0, 0, 0, 0]",0,train
SYN-0913,720.7038428658386,11493.57924214392,8.779784502672863,118.0,103.08532755306705,1.3236317528930597,794.5698171963629,0.7053988162087247,289.00919509302815,145.76041972291836,0.34528156015717104,5.0,1.0,0.0,10.0,"[0, 0, 0, 0, 0, 0, 0, 3, 3, 0, 0, 0, 3, 0, 0, 0, 0, 3, 0, 0, 0, 0, 0, 0, 10, 0, 0, 0, 0, 0]",0,train
SYN-0914,416.86341326673727,7156.973042085675,12.161124021736331,35.0,92.63168410861144,18.136612365969235,881.7038995024857,0.3918634460275155,710.6513261975914,243.91338214605122,0.8073269458150275,8.0,0.0,0.0,65.0,"[0, 10, 0, 0, 0, 0, 0, 0, 65, 0, 10, 10, 0, 0, 10, 35, 3, 0, 0, 3, 0, 0, 0, 0, 0, 0, 0, 0, 0, 0]",0,train
SYN-0915,518.336474145884,2193.3170583776728,7.844225608198977,78.0,95.779326225691,8.632374897463308,882.662212928587,0.3190538733077324,737.1529457148819,35.98456266523291,0.25420531925337636,1.0,0.0,0.0,3.0,"[0, 0, 0, 0, 0, 0, 0, 0, 0, 0, 0, 0, 0, 0, 0, 3, 0, 0, 0, 0, 0, 0, 0, 0, 0, 0, 0, 0, 0, 0]",0,validation
SYN-0916,248.18610965657885,4973.506502697464,12.642368858196567,105.0,52.19944612325269,17.67137802518428,841.5317005095161,0.44339081522042734,424.17492527756485,78.52518836956236,0.5267201886265992,2.0,1.0,0.0,65.0,"[0, 0, 0, 0, 0, 3, 0, 0, 0, 0, 0, 0, 0, 0, 0, 0, 0, 0, 0, 0, 0, 0, 0, 0, 0, 65, 0, 0, 0, 0]",0,train
SYN-0917,428.9575193066488,8470.265751300438,4.897000136621421,87.0,35.71083408369161,13.674836619879681,938.8961625848992,0.3303076770930494,408.77944944508465,115.85922080882226,0.3533451404174151,0.0,0.0,0.0,0.0,"[0, 0, 0, 0, 0, 0, 0, 0, 0, 0, 0, 0, 0, 0, 0, 0, 0, 0, 0, 0, 0, 0, 0, 0, 0, 0, 0, 0, 0, 0]",0,test
SYN-0918,355.8957519891486,5828.82823779079,15.026113204913278,118.0,82.86046157439586,2.968814243109137,777.707791928015,0.23153068726970213,376.2544676638937,94.82491419332261,0.4992624238266721,1.0,0.0,0.0,3.0,"[0, 0, 0, 0, 0, 0, 0, 0, 0, 0, 0, 3, 0, 0, 0, 0, 0, 0, 0, 0, 0, 0, 0, 0, 0, 0, 0, 0, 0, 0]",0,train
SYN-0919,194.43567958243497,3966.829713896425,15.85616134971553,109.0,44.350049203420134,15.628275880086676,675.9425971718757,0.6640008829254613,334.48173813408704,68.88710821208018,0.5823887758598911,4.0,1.0,0.0,35.0,"[0, 0, 0, 0, 0, 0, 10, 0, 0, 0, 35, 0, 0, 0, 0, 0, 0, 0, 0, 0, 0, 10, 0, 0, 0, 0, 35, 0, 0, 0]",0,train
SYN-0920,413.87663735205757,3590.372376079884,10.355915047443155,21.0,57.70529157936308,6.315481877214482,806.795826073302,0.31268223508808063,460.2420725700927,187.66479800693727,0.5928580341141126,5.0,0.0,0.0,35.0,"[10, 0, 35, 35, 0, 0, 3, 0, 0, 0, 35, 0, 0, 0, 0, 0, 0, 0, 0, 0, 0, 0, 0, 0, 0, 0, 0, 0, 0, 0]",0,validation
SYN-0921,554.8644267738038,11869.94697957618,13.899950127743248,70.0,27.576864738879845,8.477332954648471,871.0678383377192,0.4190599304456741,444.046636131152,248.43578184189238,0.49744159701427687,2.0,0.0,0.0,65.0,"[0, 0, 0, 0, 0, 0, 0, 0, 0, 0, 0, 0, 0, 0, 65, 0, 0, 10, 0, 0, 0, 0, 0, 0, 0, 0, 0, 0, 0, 0]",0,train
SYN-0922,613.094312024445,3102.0680040092893,15.419319258347352,62.0,18.742236420654663,0.7264400573734964,801.1937924547129,0.6187166180050405,118.57084922294167,72.88635677961258,0.149452688441536,1.0,0.0,0.0,3.0,"[0, 0, 0, 0, 0, 0, 0, 0, 0, 0, 0, 0, 0, 0, 0, 0, 0, 0, 0, 0, 0, 3, 0, 0, 0, 0, 0, 0, 0, 0]",0,train
SYN-0923,206.6227383700208,2827.565709343289,5.99786267954887,13.0,11.516745321410014,9.901296133081752,760.8110404472767,0.12648409349299447,167.868083912034,225.19089740283644,1.145603066688379,7.0,0.0,0.0,65.0,"[0, 0, 0, 0, 0, 0, 0, 10, 0, 10, 0, 0, 0, 10, 0, 0, 0, 0, 0, 35, 3, 65, 3, 0, 0, 0, 0, 0, 0, 0]",0,train
SYN-0924,403.77016372578976,1442.9805897466056,13.145099426521131,111.0,57.575017457546465,19.68863339138688,714.2144586339298,0.4133112997926968,1151.8894272928196,22.529700980456536,0.1983918715014418,1.0,0.0,0.0,10.0,"[0, 0, 0, 0, 0, 0, 10, 0, 0, 0, 0, 0, 0, 0, 0, 0, 0, 0, 0, 0, 0, 0, 0, 0, 0, 0, 0, 0, 0, 0]",0,train
SYN-0925,814.2125762190608,17499.541445957013,7.032758887691739,119.0,83.01217562801409,8.320027636625326,881.1711702880458,0.1933762704699741,888.1345910017474,204.66038955201472,0.35331383177092024,0.0,0.0,0.0,0.0,"[0, 0, 0, 0, 0, 0, 0, 0, 0, 0, 0, 0, 0, 0, 0, 0, 0, 0, 0, 0, 0, 0, 0, 0, 0, 0, 0, 0, 0, 0]",0,train
SYN-0926,275.00900355592574,1874.4870559714732,12.78612090542353,15.0,28.482756048274076,0.0846147757660809,769.0838359699701,0.5679442278590343,235.82043825367944,135.8813107977924,0.5976679480337139,12.0,1.0,1.0,35.0,"[0, 0, 10, 10, 35, 35, 10, 0, 35, 3, 0, 0, 0, 0, 0, 0, 0, 0, 0, 3, 3, 10, 0, 10, 0, 0, 0, 0, 0, 10]",1,test
SYN-0927,259.82964996261944,1464.2974145391238,7.891134177470992,92.0,74.45433817923578,12.923878927397777,707.6628954468101,0.3967764229927549,588.1970963625753,21.264083305521783,0.3683891407255798,2.0,0.0,0.0,35.0,"[0, 0, 35, 0, 0, 10, 0, 0, 0, 0, 0, 0, 0, 0, 0, 0, 0, 0, 0, 0, 0, 0, 0, 0, 0, 0, 0, 0, 0, 0]",0,train
SYN-0928,264.380733995021,4761.233928678099,11.366129261796635,66.0,39.06105986883955,18.10090637817501,938.3775075399727,0.06495073730572971,471.30029577617404,97.35301366438996,0.5159758484360609,0.0,0.0,0.0,0.0,"[0, 0, 0, 0, 0, 0, 0, 0, 0, 0, 0, 0, 0, 0, 0, 0, 0, 0, 0, 0, 0, 0, 0, 0, 0, 0, 0, 0, 0, 0]",0,train
SYN-0929,923.7960821284732,12008.825506289086,11.010316040032762,53.0,41.78290846741972,12.323363775580232,803.3261235314269,0.38973849870668165,719.8723433723252,287.139060936874,0.35605473520351016,1.0,0.0,0.0,3.0,"[0, 0, 0, 0, 0, 0, 0, 0, 0, 0, 0, 0, 0, 0, 3, 0, 0, 0, 0, 0, 0, 0, 0, 0, 0, 0, 0, 0, 0, 0]",0,validation
SYN-0930,231.4478839669545,2488.1819752549704,10.058183826079217,95.0,25.27027691410796,19.172474566169345,773.4571554137992,0.12670743357383082,498.44756277338405,38.092640596359004,0.2737675386114731,1.0,1.0,0.0,3.0,"[0, 0, 0, 0, 0, 0, 0, 0, 0, 0, 0, 0, 0, 0, 0, 0, 0, 0, 0, 0, 0, 0, 0, 0, 0, 0, 0, 0, 3, 0]",0,train
SYN-0931,242.89158705182842,2639.7281584652083,15.644621252528966,64.0,32.058781688829704,15.348985311324721,745.8542564835651,0.29025883028677313,334.30619141488,61.0719966181223,0.38342529454130364,1.0,0.0,0.0,10.0,"[0, 0, 0, 0, 0, 0, 10, 0, 0, 0, 0, 0, 0, 0, 0, 0, 0, 0, 0, 0, 0, 0, 0, 0, 0, 0, 0, 0, 0, 0]",0,train
SYN-0932,455.97029992009004,5138.225920898572,14.46481542788236,73.0,53.21297205047973,18.231310686796828,817.1705147801838,0.698195881424034,293.18943044469523,106.23615585011599,0.34969191618081175,1.0,0.0,0.0,3.0,"[0, 0, 0, 0, 0, 0, 0, 0, 0, 0, 0, 0, 0, 0, 0, 3, 0, 0, 0, 0, 0, 0, 0, 0, 0, 0, 0, 0, 0, 0]",0,train
SYN-0933,242.98696171364634,2602.9406726174934,10.288175074465775,36.0,47.579789829917615,18.423146521340275,830.4962834956768,0.09601634467454236,138.63563851247872,84.34218317297814,0.5429179083211975,3.0,1.0,0.0,10.0,"[0, 0, 0, 0, 0, 0, 10, 0, 0, 0, 0, 0, 0, 0, 0, 0, 0, 0, 0, 3, 0, 0, 0, 0, 0, 0, 3, 0, 0, 0]",1,train
SYN-0934,213.68399145531072,2162.6057112555413,7.199589844379817,59.0,13.754295734107334,12.116107899615749,819.8007258693741,0.7600063599437769,79.95570091187096,43.632432969546436,0.26855885793230083,3.0,0.0,0.0,35.0,"[3, 0, 0, 0, 35, 0, 0, 0, 0, 0, 0, 0, 10, 0, 0, 0, 0, 0, 0, 0, 0, 0, 0, 0, 0, 0, 0, 0, 0, 0]",0,train
SYN-0935,233.24334999065255,5125.653191136853,12.660874286672762,22.0,46.61021334417842,13.214359376991842,825.6516710850917,0.1667367020292858,95.68805519822088,262.2905047175288,1.3243709545163311,9.0,1.0,0.0,35.0,"[0, 10, 0, 0, 0, 0, 0, 0, 0, 0, 0, 3, 10, 0, 0, 0, 0, 0, 3, 10, 35, 3, 3, 0, 10, 0, 0, 0, 0, 0]",0,validation
SYN-0936,413.31087692117336,3997.870488324235,5.349583834997832,58.0,122.16803932068926,6.9167005062321,792.6884261768495,0.566573211553157,698.7208792741313,78.37629726133535,0.48521427279125884,1.0,0.0,0.0,65.0,"[0, 0, 0, 0, 0, 0, 0, 0, 0, 0, 0, 0, 0, 0, 0, 0, 0, 0, 0, 0, 65, 0, 0, 0, 0, 0, 0, 0, 0, 0]",0,train
SYN-0937,381.869849858413,8815.204149766645,10.242316485684919,31.0,23.008593329156582,11.153670037432324,802.1367184374088,0.1844970406122493,161.4359722233539,324.8433544224223,0.9109175492135685,1.0,1.0,0.0,3.0,"[0, 0, 0, 0, 0, 0, 0, 0, 0, 0, 0, 0, 0, 0, 0, 0, 0, 0, 0, 0, 0, 0, 0, 0, 0, 3, 0, 0, 0, 0]",0,train
SYN-0938,655.4864317136988,4710.956969031214,11.381357133618625,96.0,133.7358278861257,3.5782363309255216,955.990774078845,0.33822690802159133,721.6299415278696,74.97418748435562,0.3184047834900738,0.0,0.0,0.0,0.0,"[0, 0, 0, 0, 0, 0, 0, 0, 0, 0, 0, 0, 0, 0, 0, 0, 0, 0, 0, 0, 0, 0, 0, 0, 0, 0, 0, 0, 0, 0]",0,validation
SYN-0939,151.86062806623858,3208.9362443154805,7.443570838017852,111.0,30.202228890513403,4.046879708226072,729.7853836328226,0.5694670582948194,185.780045319509,40.08110971546608,0.4628147499516681,1.0,0.0,0.0,35.0,"[0, 0, 0, 0, 0, 35, 0, 0, 0, 0, 0, 0, 0, 0, 0, 0, 0, 0, 0, 0, 0, 0, 0, 0, 0, 0, 0, 0, 0, 0]",0,validation
SYN-0940,148.81800730828957,1920.0182689609437,4.591305554162458,117.0,13.56958785482936,2.5629503777454454,797.6024996281749,0.6164042037556922,578.2063605807184,20.38748087935908,0.22817849364051349,3.0,1.0,1.0,35.0,"[0, 0, 0, 0, 0, 0, 0, 0, 0, 0, 0, 0, 10, 0, 0, 0, 0, 0, 0, 0, 0, 0, 0, 35, 0, 0, 0, 0, 0, 3]",0,train
SYN-0941,309.4780720115392,1115.0987223344118,9.056404220022248,105.0,33.48118046697259,15.39539144479447,655.3619664182875,0.6957645931905851,919.7464180511955,15.415824045151039,0.15799828464195825,0.0,0.0,0.0,0.0,"[0, 0, 0, 0, 0, 0, 0, 0, 0, 0, 0, 0, 0, 0, 0, 0, 0, 0, 0, 0, 0, 0, 0, 0, 0, 0, 0, 0, 0, 0]",0,train
SYN-0942,169.32179179529135,631.8615083945649,15.870252497244623,43.0,6.9983320776112174,15.287017555431788,921.4840436113598,0.3606893054440799,856.8679298164654,19.361004740703272,0.15567598558242704,0.0,0.0,0.0,0.0,"[0, 0, 0, 0, 0, 0, 0, 0, 0, 0, 0, 0, 0, 0, 0, 0, 0, 0, 0, 0, 0, 0, 0, 0, 0, 0, 0, 0, 0, 0]",0,test
SYN-0943,193.45428903863342,2478.882259742751,8.212019128608887,83.0,36.03022023274227,9.829362886561908,856.48913971438,0.5822164992767903,557.4982780198668,39.24603252881451,0.38911648397996423,0.0,0.0,0.0,0.0,"[0, 0, 0, 0, 0, 0, 0, 0, 0, 0, 0, 0, 0, 0, 0, 0, 0, 0, 0, 0, 0, 0, 0, 0, 0, 0, 0, 0, 0, 0]",0,train
SYN-0944,463.71462336094095,7249.795613789352,6.585530479515186,91.0,34.142174729251266,8.084495077967775,791.3398966139148,0.38280902112140597,968.1084811901802,101.42419599101831,0.2923487073530328,0.0,0.0,0.0,0.0,"[0, 0, 0, 0, 0, 0, 0, 0, 0, 0, 0, 0, 0, 0, 0, 0, 0, 0, 0, 0, 0, 0, 0, 0, 0, 0, 0, 0, 0, 0]",0,test
SYN-0945,295.3741096100379,2782.5862381030383,3.9287911175138945,61.0,64.98411848091928,11.74116994344298,817.4500415662594,0.4951780127344304,188.42444247579996,50.39715481225708,0.39062757885417343,1.0,0.0,0.0,35.0,"[0, 0, 0, 0, 0, 0, 0, 0, 0, 0, 0, 0, 0, 0, 0, 0, 0, 0, 35, 0, 0, 0, 0, 0, 0, 0, 0, 0, 0, 0]",0,validation
SYN-0946,386.8612521623,4828.826643004444,13.054241648155124,79.0,86.1056994572367,6.690063632414183,671.63374049194,0.7678707252964354,612.2257072608301,91.41852050921364,0.4588834342395541,2.0,0.0,0.0,3.0,"[0, 0, 0, 0, 0, 3, 0, 0, 0, 0, 0, 0, 0, 0, 0, 0, 0, 0, 0, 0, 0, 0, 0, 3, 0, 0, 0, 0, 0, 0]",0,train
SYN-0947,342.4867299715252,3616.2368342990894,6.451285762514756,71.0,110.07547949151457,8.005416484528462,800.2153869477758,0.5335159062478021,276.78115660870367,61.405525596074874,0.5006938665969528,3.0,1.0,0.0,10.0,"[0, 0, 0, 0, 0, 0, 0, 0, 10, 0, 0, 0, 0, 0, 0, 10, 0, 0, 0, 0, 0, 0, 0, 0, 3, 0, 0, 0, 0, 0]",0,validation
SYN-0948,534.4015264179517,3829.9789886425756,5.569961524247707,56.0,112.2496779222122,8.50384195545666,915.3409101560298,0.31920537682281097,539.9262897286294,77.82352130182234,0.35567488082992416,0.0,0.0,0.0,0.0,"[0, 0, 0, 0, 0, 0, 0, 0, 0, 0, 0, 0, 0, 0, 0, 0, 0, 0, 0, 0, 0, 0, 0, 0, 0, 0, 0, 0, 0, 0]",0,train
SYN-0949,307.9136916194281,977.809135013318,14.872123537268866,109.0,13.158866265149914,3.0229664877154483,819.5306929033168,0.12096268469352,371.82839649395595,16.40217985337292,0.09600432498811837,0.0,0.0,0.0,0.0,"[0, 0, 0, 0, 0, 0, 0, 0, 0, 0, 0, 0, 0, 0, 0, 0, 0, 0, 0, 0, 0, 0, 0, 0, 0, 0, 0, 0, 0, 0]",0,test
SYN-0950,154.41918523281092,601.1249719080643,10.082233024812258,103.0,27.23062817639042,19.29713235662611,716.095481496878,0.36723116850518756,272.6131030170324,8.744225671895697,0.2329688101517207,0.0,0.0,0.0,0.0,"[0, 0, 0, 0, 0, 0, 0, 0, 0, 0, 0, 0, 0, 0, 0, 0, 0, 0, 0, 0, 0, 0, 0, 0, 0, 0, 0, 0, 0, 0]",0,train
SYN-0951,276.8697179973185,1254.6126224386521,12.840941039599091,30.0,45.295567675234516,17.25198300990376,740.7938960542422,0.6495030970185178,899.3465583406397,49.11308940730267,0.34098585343830035,0.0,0.0,0.0,0.0,"[0, 0, 0, 0, 0, 0, 0, 0, 0, 0, 0, 0, 0, 0, 0, 0, 0, 0, 0, 0, 0, 0, 0, 0, 0, 0, 0, 0, 0, 0]",0,train
SYN-0952,232.20111748662254,4705.394667746314,6.48889900217252,83.0,58.72359035990362,10.815005774971631,705.4541024546376,0.570560532170469,471.54049797321704,70.51257596944173,0.5565699585265382,3.0,2.0,0.0,35.0,"[0, 0, 3, 0, 0, 0, 0, 0, 0, 0, 0, 0, 0, 0, 0, 0, 0, 0, 0, 0, 0, 0, 0, 0, 0, 0, 3, 0, 35, 0]",1,train
SYN-0953,420.6925868975816,1811.2054018217023,12.44310866908143,99.0,113.09731518610263,17.51985622416919,922.1594540073357,0.40873746773009983,863.6842356662029,29.35137022124311,0.3386051711960048,1.0,0.0,0.0,3.0,"[0, 0, 0, 0, 0, 0, 0, 0, 0, 0, 0, 0, 0, 0, 3, 0, 0, 0, 0, 0, 0, 0, 0, 0, 0, 0, 0, 0, 0, 0]",0,validation
SYN-0954,372.69995310854273,2944.2278566617497,4.1615901160600774,118.0,43.24734353070232,9.649877949060281,783.601347075455,0.7688742954033786,611.2523031527837,30.446236872865054,0.19772897685904814,2.0,0.0,0.0,3.0,"[0, 0, 0, 0, 3, 0, 0, 0, 0, 0, 0, 0, 3, 0, 0, 0, 0, 0, 0, 0, 0, 0, 0, 0, 0, 0, 0, 0, 0, 0]",0,validation
SYN-0955,548.1260585195798,10674.080096743883,7.74615579858145,39.0,144.7910737069365,16.4639769836042,792.1070065646679,0.4133114781557283,1289.443950335351,310.4674303190023,0.8305726337031581,2.0,1.0,0.0,10.0,"[0, 0, 0, 0, 0, 0, 0, 0, 0, 0, 10, 0, 0, 0, 0, 0, 0, 0, 0, 0, 0, 0, 0, 0, 0, 3, 0, 0, 0, 0]",0,train
SYN-0956,390.7916871544734,3272.7232832422524,5.592063849179105,55.0,13.382842646270912,16.894408469375037,656.4127670862923,0.37455967787821004,558.3610519275162,67.59276141865207,0.20720912631110983,3.0,0.0,0.0,35.0,"[0, 0, 0, 0, 10, 0, 0, 0, 0, 0, 35, 0, 0, 0, 0, 0, 0, 0, 0, 3, 0, 0, 0, 0, 0, 0, 0, 0, 0, 0]",0,validation
SYN-0957,613.528985643705,9323.84701579564,14.688809793848396,12.0,197.31291812612696,13.277963755504247,637.3370816295694,0.6011243463795348,153.92370985709618,840.1861787424639,1.691035177058608,28.0,6.0,1.0,35.0,"[0, 3, 10, 35, 3, 3, 3, 10, 3, 35, 3, 10, 10, 10, 10, 3, 3, 3, 10, 3, 0, 10, 35, 3, 10, 35, 10, 10, 10, 10]",1,validation
SYN-0958,254.02792915009945,3924.084275044237,12.641225207177044,117.0,87.27022169233076,0.8754139025091501,654.7219087094588,0.6480155170588054,536.0268373256347,58.50579398921048,0.5738582216894956,10.0,1.0,0.0,65.0,"[0, 0, 10, 0, 10, 35, 0, 0, 0, 3, 0, 0, 0, 0, 65, 0, 3, 3, 0, 0, 65, 0, 3, 0, 0, 0, 0, 0, 10, 0]",0,test
SYN-0959,715.8080209319123,9230.512431746954,12.268574873105173,41.0,107.6627916878122,2.50051590921462,802.0257818368582,0.04964468288538989,1582.5064697205903,276.7391808919043,0.5370182525745697,0.0,0.0,0.0,0.0,"[0, 0, 0, 0, 0, 0, 0, 0, 0, 0, 0, 0, 0, 0, 0, 0, 0, 0, 0, 0, 0, 0, 0, 0, 0, 0, 0, 0, 0, 0]",0,train
SYN-0960,385.0290676901607,6845.912397338239,13.065961131134276,40.0,90.18560174078448,10.321858835269214,752.3531437401489,0.22707258869945987,709.9869685056619,212.0304523683551,0.7849175022607329,2.0,0.0,0.0,35.0,"[0, 10, 0, 0, 35, 0, 0, 0, 0, 0, 0, 0, 0, 0, 0, 0, 0, 0, 0, 0, 0, 0, 0, 0, 0, 0, 0, 0, 0, 0]",0,validation
SYN-0961,493.8616091621655,5465.710852526714,4.353281972486089,24.0,112.69375247304012,19.38647703594205,856.9429023383761,0.27572304668781433,1028.300996232248,238.2084487213467,0.7105273920556231,2.0,0.0,0.0,10.0,"[0, 0, 0, 0, 0, 0, 0, 0, 0, 0, 0, 0, 0, 0, 0, 0, 0, 0, 0, 0, 0, 0, 10, 10, 0, 0, 0, 0, 0, 0]",0,train
SYN-0962,285.3209977690693,2353.113250676343,14.461967236732892,38.0,49.266430350000746,10.760995606636106,733.4597697178622,0.5491432061958225,858.3279263699833,77.54797454854894,0.44446222286517323,2.0,1.0,0.0,3.0,"[0, 0, 0, 0, 0, 0, 0, 0, 0, 0, 0, 0, 0, 0, 0, 0, 0, 0, 3, 0, 0, 0, 0, 0, 0, 3, 0, 0, 0, 0]",0,test
SYN-0963,353.7924590752381,5861.319860025916,4.065977790751407,97.0,67.88429111622554,5.217728128272475,818.3891249894864,0.1650155850283468,779.4901125651578,71.00034157667419,0.39255961830256053,1.0,0.0,0.0,3.0,"[0, 0, 3, 0, 0, 0, 0, 0, 0, 0, 0, 0, 0, 0, 0, 0, 0, 0, 0, 0, 0, 0, 0, 0, 0, 0, 0, 0, 0, 0]",0,train
SYN-0964,512.4396796659266,6853.762256434486,10.370648180067576,32.0,172.455846030239,8.548667270578784,734.6887249181223,0.531554015332995,128.10043072145993,246.07751891973098,0.8167465978099573,7.0,0.0,0.0,35.0,"[0, 0, 0, 0, 0, 0, 3, 3, 3, 0, 35, 0, 10, 10, 35, 0, 0, 0, 0, 0, 0, 0, 0, 0, 0, 0, 0, 0, 0, 0]",1,validation
SYN-0965,200.33251925634812,2019.661587490829,12.119680716026844,45.0,65.19741675740879,18.390473657228284,807.0534809211734,0.5324580104201577,1141.0998396582033,56.07272951541467,0.6053442882013808,0.0,0.0,0.0,0.0,"[0, 0, 0, 0, 0, 0, 0, 0, 0, 0, 0, 0, 0, 0, 0, 0, 0, 0, 0, 0, 0, 0, 0, 0, 0, 0, 0, 0, 0, 0]",0,test
SYN-0966,371.79101228998485,8684.211707067574,13.89716762673049,42.0,98.64651421581473,15.347177666541732,914.369020972858,0.4026477626130979,692.4515954556482,262.28511461605626,0.9707916999089695,1.0,1.0,0.0,10.0,"[0, 0, 0, 0, 0, 0, 0, 0, 0, 0, 0, 0, 0, 0, 0, 0, 0, 0, 0, 0, 0, 0, 0, 0, 0, 0, 0, 0, 10, 0]",0,test
SYN-0967,468.6588464926762,1734.5916828781133,15.000890004153435,71.0,114.8269727041701,18.778940317491248,772.2572905073496,0.6754077219055032,541.1562898717273,36.99864688959542,0.3239576522026414,0.0,0.0,0.0,0.0,"[0, 0, 0, 0, 0, 0, 0, 0, 0, 0, 0, 0, 0, 0, 0, 0, 0, 0, 0, 0, 0, 0, 0, 0, 0, 0, 0, 0, 0, 0]",0,validation
SYN-0968,535.3551692801996,12276.932042693767,8.940853736281518,93.0,156.36983978137326,17.396322655589444,851.4440776539985,0.4852540533146705,618.3569468104163,183.45808959365036,0.6347709873277809,1.0,1.0,0.0,3.0,"[0, 0, 0, 0, 0, 0, 0, 0, 0, 0, 0, 0, 0, 0, 0, 0, 0, 0, 0, 0, 0, 0, 0, 0, 0, 0, 3, 0, 0, 0]",0,train
SYN-0969,370.8309587302044,8543.256365507445,15.606482440812812,109.0,79.33521994559742,18.95369188540107,874.6918662812254,0.33356783590224115,1007.8964665543743,147.07045085523518,0.6105360555011065,0.0,0.0,0.0,0.0,"[0, 0, 0, 0, 0, 0, 0, 0, 0, 0, 0, 0, 0, 0, 0, 0, 0, 0, 0, 0, 0, 0, 0, 0, 0, 0, 0, 0, 0, 0]",0,train
SYN-0970,471.0363653014986,3975.730075375503,7.515087001128835,89.0,31.878615990241606,0.7200321953476441,842.8492191052719,0.7416051989014188,33.9596193919809,58.406972582874,0.19167434878478237,0.0,0.0,0.0,0.0,"[0, 0, 0, 0, 0, 0, 0, 0, 0, 0, 0, 0, 0, 0, 0, 0, 0, 0, 0, 0, 0, 0, 0, 0, 0, 0, 0, 0, 0, 0]",0,train
SYN-0971,254.4494194310855,3706.3761575582917,8.357155728948962,25.0,6.705330280536736,8.477863436538664,811.9110017805193,0.36002693543639663,2499.263788503415,162.0498705882249,0.6632170796305037,1.0,0.0,0.0,3.0,"[0, 0, 0, 0, 0, 0, 3, 0, 0, 0, 0, 0, 0, 0, 0, 0, 0, 0, 0, 0, 0, 0, 0, 0, 0, 0, 0, 0, 0, 0]",0,train
SYN-0972,618.6435031827625,6193.208501636146,11.850521044003534,77.0,131.83906007601124,16.526865580260647,809.2187993428516,0.527705994021914,26.681822832698778,115.22835599458179,0.39936961238499136,2.0,0.0,0.0,65.0,"[65, 0, 65, 0, 0, 0, 0, 0, 0, 0, 0, 0, 0, 0, 0, 0, 0, 0, 0, 0, 0, 0, 0, 0, 0, 0, 0, 0, 0, 0]",0,validation
SYN-0973,175.45300754851883,1495.5655894538265,11.992979851190585,85.0,29.756715531951702,6.169540041150913,807.547456450858,0.2857392660677272,495.3018855926384,26.19665869608839,0.31890803702847353,0.0,0.0,0.0,0.0,"[0, 0, 0, 0, 0, 0, 0, 0, 0, 0, 0, 0, 0, 0, 0, 0, 0, 0, 0, 0, 0, 0, 0, 0, 0, 0, 0, 0, 0, 0]",0,train
SYN-0974,354.0181540108162,6119.428647666792,12.507042255378982,31.0,73.41120346924774,2.8050424606238056,703.8594742648686,0.6466374860994061,2177.3615331590604,232.02328177209208,0.8627650355806555,8.0,1.0,0.0,10.0,"[0, 0, 0, 10, 0, 10, 3, 0, 0, 3, 10, 0, 3, 0, 0, 0, 0, 0, 10, 0, 0, 0, 0, 0, 0, 3, 0, 0, 0, 0]",1,test
SYN-0975,307.48488831144033,2452.148065510439,14.660641093615748,83.0,22.672542994077165,14.24164256105767,962.8360752235833,0.13103541912240968,1398.1635334955383,47.17786972338182,0.22716697754170612,0.0,0.0,0.0,0.0,"[0, 0, 0, 0, 0, 0, 0, 0, 0, 0, 0, 0, 0, 0, 0, 0, 0, 0, 0, 0, 0, 0, 0, 0, 0, 0, 0, 0, 0, 0]",0,train
SYN-0976,173.25671606943226,3334.7159801920357,15.800154097586065,110.0,5.156643441850395,9.47716242072537,848.2427352687358,0.39611788087652616,184.24076487900405,57.560206621940345,0.3619879880365336,1.0,0.0,0.0,3.0,"[0, 0, 0, 0, 0, 0, 0, 0, 0, 0, 0, 0, 3, 0, 0, 0, 0, 0, 0, 0, 0, 0, 0, 0, 0, 0, 0, 0, 0, 0]",0,train
SYN-0977,136.16575507316716,906.5774329563852,10.172741669012227,32.0,29.496328147382247,16.768254836329266,897.481820133756,0.47107888251934515,80.66222594914333,32.46590903409897,0.45505007590334656,2.0,0.0,0.0,65.0,"[0, 0, 0, 0, 0, 65, 0, 0, 0, 3, 0, 0, 0, 0, 0, 0, 0, 0, 0, 0, 0, 0, 0, 0, 0, 0, 0, 0, 0, 0]",0,validation
SYN-0978,338.8085861433089,5467.062861023666,11.692098442002202,39.0,39.13985218913196,7.075239431997913,781.4722677721104,0.5167760789739364,103.73748207947594,169.17148268811908,0.6148348754926174,2.0,1.0,0.0,3.0,"[0, 3, 0, 0, 0, 0, 0, 0, 0, 0, 0, 0, 0, 0, 0, 0, 0, 0, 0, 0, 0, 0, 0, 0, 0, 0, 3, 0, 0, 0]",0,train
SYN-0979,345.0384946284332,2750.1397334861267,10.978731807854652,98.0,94.12875399470485,4.9401109681953725,791.08410191422,0.33951281327056276,193.0429394890218,42.61826136504759,0.39632393917963626,1.0,1.0,0.0,3.0,"[0, 0, 0, 0, 0, 0, 0, 0, 0, 0, 0, 0, 0, 0, 0, 0, 0, 0, 0, 0, 0, 0, 0, 0, 0, 0, 0, 0, 3, 0]",0,train
SYN-0980,303.3858194490087,4927.170060491838,8.93925421539431,75.0,11.640280243560367,8.080553231145185,788.2120972387809,0.24791091614876112,260.65920155085104,85.98601375407398,0.3217892457034987,0.0,0.0,0.0,0.0,"[0, 0, 0, 0, 0, 0, 0, 0, 0, 0, 0, 0, 0, 0, 0, 0, 0, 0, 0, 0, 0, 0, 0, 0, 0, 0, 0, 0, 0, 0]",0,train
SYN-0981,273.7082787439032,1123.359370946801,8.232044550902444,57.0,79.18216018846721,15.215667873636534,825.0172470041612,0.6789731758520219,386.744054033242,23.878346850694104,0.37653412425858884,1.0,0.0,0.0,10.0,"[10, 0, 0, 0, 0, 0, 0, 0, 0, 0, 0, 0, 0, 0, 0, 0, 0, 0, 0, 0, 0, 0, 0, 0, 0, 0, 0, 0, 0, 0]",0,train
SYN-0982,550.7841396824626,12757.669522487247,10.825760705277164,24.0,85.68662414227182,17.97261133552127,809.4592658708435,0.21389995126195938,997.5504158152547,593.5758955332572,1.2332644873672953,11.0,1.0,0.0,65.0,"[0, 0, 3, 3, 0, 65, 35, 0, 35, 3, 0, 0, 0, 0, 35, 0, 0, 10, 35, 10, 0, 0, 0, 0, 0, 3, 0, 0, 0, 0]",0,validation
SYN-0983,363.02940773013864,7044.918407861315,10.413666202803137,110.0,25.75167239800692,19.626887360099815,665.9806078175425,0.6809129336217131,1448.0182339556538,99.66125698341834,0.3454621766472763,1.0,0.0,0.0,3.0,"[0, 3, 0, 0, 0, 0, 0, 0, 0, 0, 0, 0, 0, 0, 0, 0, 0, 0, 0, 0, 0, 0, 0, 0, 0, 0, 0, 0, 0, 0]",0,train
SYN-0984,235.1103320941663,3227.9116490357,3.374059031084801,85.0,78.08788898340094,18.43595902187793,716.7395889672039,0.7067306242637974,234.9402322934457,42.74711459439989,0.5139502058523062,7.0,1.0,1.0,35.0,"[35, 35, 0, 0, 0, 0, 0, 0, 0, 3, 10, 0, 0, 0, 0, 0, 0, 10, 0, 10, 0, 0, 0, 0, 0, 0, 0, 0, 0, 35]",0,validation
SYN-0985,205.02813882203694,2863.918577309104,9.633540198810095,55.0,27.51643795041822,18.59003604637788,864.2698937886036,0.027784530799880656,535.4017491860021,64.6155608471488,0.4493627037093527,0.0,0.0,0.0,0.0,"[0, 0, 0, 0, 0, 0, 0, 0, 0, 0, 0, 0, 0, 0, 0, 0, 0, 0, 0, 0, 0, 0, 0, 0, 0, 0, 0, 0, 0, 0]",0,train
SYN-0986,582.3726144007946,7670.172362408221,8.265535824323766,72.0,53.852094218962534,5.092026470646789,717.5679343820833,0.5185908012685065,5705.024332088221,135.4796281664593,0.3251040960781199,3.0,2.0,0.0,65.0,"[0, 0, 3, 0, 0, 0, 0, 0, 0, 0, 0, 0, 0, 0, 0, 0, 0, 0, 0, 0, 0, 0, 0, 0, 0, 0, 65, 3, 0, 0]",0,train
SYN-0987,362.629970639401,5098.389409422235,5.960158291019484,50.0,53.98071266374365,14.908505264829772,882.6750813052811,0.2677979123448524,511.6077256916996,115.40436398977339,0.4671017024733277,1.0,0.0,0.0,10.0,"[0, 0, 0, 0, 0, 0, 0, 0, 0, 0, 10, 0, 0, 0, 0, 0, 0, 0, 0, 0, 0, 0, 0, 0, 0, 0, 0, 0, 0, 0]",0,train
SYN-0988,292.9788512124811,3079.0400587305267,10.802919821340854,18.0,62.573645816147064,0.8312024679753716,755.5482454354958,0.4549910306789401,214.12090978174916,186.05849463683535,0.8486351128213807,8.0,2.0,0.0,35.0,"[0, 0, 0, 0, 0, 0, 3, 10, 0, 0, 0, 0, 3, 0, 0, 0, 3, 0, 0, 0, 0, 35, 35, 0, 0, 35, 0, 3, 0, 0]",1,validation
SYN-0989,759.3760645900938,11765.380594932258,8.073309580602839,97.0,182.0275051664662,3.9114939147948635,749.852903393506,0.5934649280557421,712.0959885165929,165.53773875518243,0.45769844498491274,1.0,0.0,0.0,10.0,"[0, 0, 0, 0, 0, 10, 0, 0, 0, 0, 0, 0, 0, 0, 0, 0, 0, 0, 0, 0, 0, 0, 0, 0, 0, 0, 0, 0, 0, 0]",1,train
SYN-0990,279.51157044590445,4302.468379072557,10.607766097452584,45.0,33.52684421338161,14.113227915661263,885.6467433189424,0.07619711342944224,223.57264609252823,116.30082470801416,0.5360338703774441,1.0,0.0,0.0,10.0,"[0, 0, 0, 0, 0, 0, 0, 0, 0, 10, 0, 0, 0, 0, 0, 0, 0, 0, 0, 0, 0, 0, 0, 0, 0, 0, 0, 0, 0, 0]",0,validation
SYN-0991,206.09469524388427,3862.7997487366406,6.1571023462972185,74.0,70.46726649411806,19.6749722295765,735.9809697446933,0.3218215348444876,742.1932462858098,62.86767027589517,0.646959576578281,5.0,1.0,0.0,35.0,"[35, 0, 0, 0, 0, 3, 0, 3, 0, 0, 0, 0, 0, 0, 0, 0, 0, 0, 3, 0, 0, 0, 0, 0, 0, 0, 35, 0, 0, 0]",0,validation
SYN-0992,263.61824921206875,5361.375579482141,3.265431607271249,15.0,46.36060069362359,15.850813951335091,897.9135958112773,0.22209318422251353,577.1056004260585,365.25535523079174,1.5614091860282755,9.0,2.0,1.0,35.0,"[0, 0, 0, 0, 0, 35, 10, 10, 0, 0, 0, 0, 0, 3, 3, 0, 10, 0, 0, 0, 0, 0, 10, 0, 0, 3, 0, 0, 0, 3]",0,test
SYN-0993,260.779745090663,1954.0110090167743,9.713430952171901,99.0,67.61641739691123,2.925981268929594,801.4334742760855,0.46614106543371364,1032.5747555499217,28.76664537327747,0.36959566294797946,1.0,0.0,0.0,35.0,"[0, 0, 0, 35, 0, 0, 0, 0, 0, 0, 0, 0, 0, 0, 0, 0, 0, 0, 0, 0, 0, 0, 0, 0, 0, 0, 0, 0, 0, 0]",0,test
SYN-0994,424.89554922380285,8457.419478033511,7.33740775484559,82.0,53.3657290092053,18.626631885908452,706.1948976313603,0.6641330834784362,103.51087349120326,131.45593507002056,0.43498140758795234,0.0,0.0,0.0,0.0,"[0, 0, 0, 0, 0, 0, 0, 0, 0, 0, 0, 0, 0, 0, 0, 0, 0, 0, 0, 0, 0, 0, 0, 0, 0, 0, 0, 0, 0, 0]",0,validation
SYN-0995,216.15458877558916,3972.576764974216,6.306746093218488,115.0,13.645502575564661,1.1306162074204629,846.2379411689687,0.36096933605056036,1035.4530680954342,46.11653846779149,0.27647824356576983,0.0,0.0,0.0,0.0,"[0, 0, 0, 0, 0, 0, 0, 0, 0, 0, 0, 0, 0, 0, 0, 0, 0, 0, 0, 0, 0, 0, 0, 0, 0, 0, 0, 0, 0, 0]",0,train
SYN-0996,905.0346021734614,5483.06439639791,9.007982430610658,53.0,226.37481197380362,0.2814488099526691,873.9257701480185,0.34616731165974063,335.0462751378101,125.77755954440964,0.38910376539472774,1.0,0.0,0.0,3.0,"[0, 0, 0, 0, 0, 0, 0, 3, 0, 0, 0, 0, 0, 0, 0, 0, 0, 0, 0, 0, 0, 0, 0, 0, 0, 0, 0, 0, 0, 0]",0,test
SYN-0997,289.1558860179694,5091.77415833905,8.229901103016154,66.0,70.11948202977887,8.699447976561563,858.0976889147062,0.37774065526628786,882.6333684120539,96.18096856061668,0.5751238644336671,0.0,0.0,0.0,0.0,"[0, 0, 0, 0, 0, 0, 0, 0, 0, 0, 0, 0, 0, 0, 0, 0, 0, 0, 0, 0, 0, 0, 0, 0, 0, 0, 0, 0, 0, 0]",0,test
SYN-0998,402.2772300114428,8617.157545856422,14.702703581591006,45.0,26.95015304986952,2.0941701018417347,822.6763425558521,0.18051686249768084,262.24058991971384,250.2504296078584,0.6890784811505313,6.0,0.0,0.0,35.0,"[0, 0, 0, 10, 0, 0, 3, 0, 0, 0, 0, 0, 0, 0, 10, 0, 10, 0, 35, 0, 35, 0, 0, 0, 0, 0, 0, 0, 0, 0]",0,train
SYN-0999,578.5212782165629,3690.286848924414,10.780366492966607,101.0,125.91012708681552,10.243729605114652,785.6307587577376,0.30608308022138514,945.2141556203366,55.73970148505249,0.31398988319297294,0.0,0.0,0.0,0.0,"[0, 0, 0, 0, 0, 0, 0, 0, 0, 0, 0, 0, 0, 0, 0, 0, 0, 0, 0, 0, 0, 0, 0, 0, 0, 0, 0, 0, 0, 0]",0,train
SYN-1000,529.6621141773759,9297.054494218395,14.688344649080463,33.0,134.1406610671176,13.564128895151939,772.519455865223,0.37959355481509105,52.02175926946445,344.1460665460776,0.9030034711016242,7.0,0.0,0.0,10.0,"[0, 0, 0, 0, 0, 0, 0, 0, 0, 0, 10, 3, 0, 0, 0, 3, 3, 0, 0, 0, 10, 10, 10, 0, 0, 0, 0, 0, 0, 0]",0,validation
SYN-1001,368.2941920115056,7937.793678228384,15.811925425123063,95.0,80.6588051343995,2.8727709557604153,739.1786855522627,0.2951834311479861,234.8197072603283,146.97146542833653,0.6180664140248642,9.0,1.0,0.0,35.0,"[3, 0, 0, 3, 0, 0, 0, 0, 0, 0, 0, 0, 0, 0, 10, 3, 0, 0, 10, 35, 0, 0, 35, 10, 3, 0, 0, 0, 0, 0]",0,test
SYN-1002,384.29135294667515,2064.0174253241953,5.982276200305863,80.0,23.832634477017148,19.36334428505821,789.0220679569713,0.30428829443701977,680.8855990473414,31.349503036008738,0.14359453339217612,0.0,0.0,0.0,0.0,"[0, 0, 0, 0, 0, 0, 0, 0, 0, 0, 0, 0, 0, 0, 0, 0, 0, 0, 0, 0, 0, 0, 0, 0, 0, 0, 0, 0, 0, 0]",0,validation
SYN-1003,257.9773545609847,2123.783226074249,9.435552656740612,16.0,50.92862126776909,5.564081005127135,637.8871221853976,0.6178790558589603,301.65969258417147,141.78157646762062,0.7470043177368652,10.0,1.0,1.0,65.0,"[0, 3, 0, 10, 0, 0, 0, 0, 0, 65, 10, 10, 0, 10, 0, 0, 0, 10, 10, 0, 10, 0, 0, 0, 0, 0, 0, 0, 0, 35]",0,test
SYN-1004,136.80763112482876,2085.3233994795214,10.116754508074898,64.0,39.86869617921241,17.088730522126003,877.060531328804,0.12963682865205253,7.982982910801717,42.294035018600965,0.6005712585056371,1.0,0.0,0.0,3.0,"[0, 0, 0, 0, 0, 0, 0, 0, 3, 0, 0, 0, 0, 0, 0, 0, 0, 0, 0, 0, 0, 0, 0, 0, 0, 0, 0, 0, 0, 0]",0,train
SYN-1005,298.7356090169775,2394.403581222541,3.8657737305136846,88.0,15.914668454830107,5.609335242192994,890.9288784721975,0.20562104415693605,295.41956728936196,31.291384449450252,0.1580195044695779,0.0,0.0,0.0,0.0,"[0, 0, 0, 0, 0, 0, 0, 0, 0, 0, 0, 0, 0, 0, 0, 0, 0, 0, 0, 0, 0, 0, 0, 0, 0, 0, 0, 0, 0, 0]",0,validation
SYN-1006,270.9229570935787,6109.0300000045045,4.049381317203931,92.0,75.12618631099511,18.21177261776546,649.3202530225766,0.8265973140458195,591.7577580019067,77.35346638572962,0.5628155484957931,7.0,0.0,0.0,35.0,"[0, 0, 0, 3, 0, 35, 3, 0, 0, 0, 0, 0, 10, 10, 0, 0, 3, 3, 0, 0, 0, 0, 0, 0, 0, 0, 0, 0, 0, 0]",0,train
SYN-1007,392.1149212967682,6545.876133102075,4.811028540797656,39.0,31.132828343568498,9.273400262496747,761.2620372666775,0.35744667284078324,420.5303117375068,181.64217211219844,0.5426342862752992,2.0,0.0,0.0,10.0,"[0, 0, 0, 0, 0, 0, 0, 0, 0, 0, 0, 10, 0, 0, 0, 0, 3, 0, 0, 0, 0, 0, 0, 0, 0, 0, 0, 0, 0, 0]",0,train
SYN-1008,437.5709748662547,7541.545153840014,5.480832657168599,47.0,80.65540910720978,17.78499689924052,894.7027636511508,0.16563701563481206,963.8053141519794,178.66135035144183,0.5926278806264809,2.0,0.0,0.0,35.0,"[0, 0, 0, 0, 0, 0, 0, 0, 3, 0, 0, 35, 0, 0, 0, 0, 0, 0, 0, 0, 0, 0, 0, 0, 0, 0, 0, 0, 0, 0]",0,validation
SYN-1009,850.4067482745147,14427.913178172235,14.240566099967804,19.0,76.10211704000461,8.221490012362816,688.7561669813159,0.6269039002508495,1191.4400192490693,852.6652620563563,1.0921448835875782,11.0,2.0,1.0,35.0,"[0, 0, 3, 35, 35, 0, 0, 0, 0, 35, 10, 3, 0, 0, 0, 0, 0, 0, 0, 0, 3, 35, 3, 0, 0, 0, 0, 3, 0, 10]",0,train
SYN-1010,288.7010390022226,948.5547139388483,10.209257676699828,24.0,59.81407567637736,2.2382501569707047,886.5736894134368,0.3635149201276901,923.4040721019635,43.862657969805056,0.3591145151555351,0.0,0.0,0.0,0.0,"[0, 0, 0, 0, 0, 0, 0, 0, 0, 0, 0, 0, 0, 0, 0, 0, 0, 0, 0, 0, 0, 0, 0, 0, 0, 0, 0, 0, 0, 0]",0,validation
SYN-1011,189.35587331459837,755.0068682009785,15.910374733737623,52.0,14.500473691733847,19.051580541363617,780.4513480996446,0.2866927380130464,116.0829402446519,20.187529086275713,0.18318947371850702,0.0,0.0,0.0,0.0,"[0, 0, 0, 0, 0, 0, 0, 0, 0, 0, 0, 0, 0, 0, 0, 0, 0, 0, 0, 0, 0, 0, 0, 0, 0, 0, 0, 0, 0, 0]",0,train
SYN-1012,337.76770536152947,1150.915654105352,15.306370957812588,102.0,18.981499870548884,6.950916444272501,779.6514018277283,0.4136212667512523,1028.785330777191,20.234638815077908,0.11610387275968795,0.0,0.0,0.0,0.0,"[0, 0, 0, 0, 0, 0, 0, 0, 0, 0, 0, 0, 0, 0, 0, 0, 0, 0, 0, 0, 0, 0, 0, 0, 0, 0, 0, 0, 0, 0]",0,test
SYN-1013,325.2904884418783,6128.9707741584225,12.854052176190978,87.0,91.56673392733326,16.80700636695117,847.0305053431531,0.15687017282217924,346.5388574448026,108.65068069698854,0.6155034399663853,1.0,0.0,0.0,35.0,"[0, 0, 0, 0, 0, 0, 0, 0, 0, 0, 0, 0, 0, 0, 35, 0, 0, 0, 0, 0, 0, 0, 0, 0, 0, 0, 0, 0, 0, 0]",0,test
SYN-1014,390.6874116007752,2305.154910775855,13.115013670112337,37.0,19.81781774884697,10.237854191018434,885.5335081448228,0.22547153851369203,1225.8314470027917,76.08014652146709,0.2454595705487117,1.0,0.0,0.0,35.0,"[0, 0, 0, 0, 0, 0, 0, 0, 0, 35, 0, 0, 0, 0, 0, 0, 0, 0, 0, 0, 0, 0, 0, 0, 0, 0, 0, 0, 0, 0]",0,train
SYN-1015,413.67883964569353,8796.79830093316,14.214790131494766,81.0,130.79143911892916,4.659297917948346,791.1520312736545,0.6655171860293955,405.637479058183,169.50640019506903,0.7259202321568985,13.0,0.0,0.0,35.0,"[0, 0, 3, 0, 10, 0, 3, 3, 0, 35, 0, 35, 0, 3, 0, 3, 3, 0, 3, 3, 0, 3, 10, 0, 0, 0, 0, 0, 0, 0]",0,validation
SYN-1016,311.2148540756104,1118.7564761907192,11.273662929759157,26.0,56.977500351317204,15.467829310456416,904.7825703986643,0.22251806394725038,293.19875905851245,48.698838205254525,0.3395607156042025,2.0,1.0,0.0,10.0,"[0, 0, 0, 0, 0, 0, 0, 0, 0, 0, 0, 0, 0, 0, 0, 0, 0, 0, 10, 0, 0, 0, 0, 0, 10, 0, 0, 0, 0, 0]",0,train
SYN-1017,212.53755263665923,4083.962267731638,11.162369661343533,100.0,72.4240057865184,7.442833673690485,702.5555652591381,0.3867481805425679,746.1398353198616,62.91384150906083,0.6367714581100136,2.0,0.0,0.0,10.0,"[0, 0, 0, 0, 0, 0, 0, 0, 10, 3, 0, 0, 0, 0, 0, 0, 0, 0, 0, 0, 0, 0, 0, 0, 0, 0, 0, 0, 0, 0]",0,train
SYN-1018,336.6871330675993,5116.551988925006,11.659077300274912,67.0,48.30080993058061,11.979704519315638,830.7651341288837,0.2127717787872052,257.20289756700777,104.25790589840128,0.4531171549058024,0.0,0.0,0.0,0.0,"[0, 0, 0, 0, 0, 0, 0, 0, 0, 0, 0, 0, 0, 0, 0, 0, 0, 0, 0, 0, 0, 0, 0, 0, 0, 0, 0, 0, 0, 0]",0,test
SYN-1019,291.04250842900973,4941.785436598603,10.73155572786878,22.0,48.67478553253342,0.707302877657956,847.2751954977657,0.3236766915448914,440.1742136905517,248.44753799508777,1.0208897838718787,3.0,1.0,0.0,10.0,"[0, 0, 0, 0, 0, 0, 0, 0, 0, 0, 0, 10, 0, 0, 0, 3, 0, 0, 0, 0, 0, 0, 0, 0, 0, 0, 0, 3, 0, 0]",1,validation
SYN-1020,721.409812626958,10837.682233044372,11.870016010233297,81.0,103.38312785002232,9.607928345345993,728.080013136946,0.6789347945765624,2564.179073603733,195.10895500648073,0.41376216074683986,0.0,0.0,0.0,0.0,"[0, 0, 0, 0, 0, 0, 0, 0, 0, 0, 0, 0, 0, 0, 0, 0, 0, 0, 0, 0, 0, 0, 0, 0, 0, 0, 0, 0, 0, 0]",0,train
SYN-1021,341.3742101059217,6652.003531558626,7.204613125786914,15.0,99.37369175539642,1.5203418259964052,787.0261444022962,0.275626403212063,793.1932981573108,465.064411296232,1.6534292466806277,29.0,5.0,1.0,65.0,"[3, 3, 10, 10, 3, 35, 3, 35, 35, 10, 3, 10, 10, 10, 3, 3, 10, 3, 10, 3, 3, 10, 3, 3, 0, 3, 3, 65, 3, 10]",1,validation
SYN-1022,177.3697529404152,3051.572619107959,12.886039883550522,84.0,15.09320820732602,19.041245895294743,905.8845380626162,0.6750570068796637,338.5183042492419,55.32521040996317,0.39701480917631565,0.0,0.0,0.0,0.0,"[0, 0, 0, 0, 0, 0, 0, 0, 0, 0, 0, 0, 0, 0, 0, 0, 0, 0, 0, 0, 0, 0, 0, 0, 0, 0, 0, 0, 0, 0]",0,validation
SYN-1023,562.442124744482,8816.184664681472,9.505583746338822,55.0,113.88903714137601,7.214857507538639,844.8701365781745,0.5755578251109583,1053.1155106856577,198.36379395065467,0.5551732655762357,3.0,1.0,0.0,35.0,"[0, 0, 0, 0, 0, 0, 0, 0, 0, 0, 0, 0, 0, 0, 3, 0, 0, 0, 0, 0, 0, 0, 35, 0, 0, 0, 10, 0, 0, 0]",0,train
SYN-1024,1061.6182462601391,14658.077334608566,4.250295386481092,78.0,78.67276418889793,0.25644592865704086,693.1483303047404,0.7107186365308955,585.1844270724899,215.4071423798058,0.277010976030872,4.0,0.0,0.0,35.0,"[0, 0, 3, 0, 0, 0, 35, 0, 3, 0, 0, 0, 0, 0, 0, 0, 0, 0, 0, 0, 0, 0, 35, 0, 0, 0, 0, 0, 0, 0]",0,test
SYN-1025,366.599014744385,7222.488046022864,14.617295157782042,105.0,71.87282209906427,15.11559374544883,964.9266626948412,0.18414729675926197,42.68879907785932,122.27117871786548,0.5295813491269165,1.0,0.0,0.0,10.0,"[0, 0, 0, 0, 0, 0, 0, 0, 0, 0, 0, 0, 0, 0, 0, 0, 0, 0, 10, 0, 0, 0, 0, 0, 0, 0, 0, 0, 0, 0]",0,train
SYN-1026,185.86331958830007,3427.376763273521,6.766202501687884,13.0,8.832748680808262,12.627156748910826,760.9976888202428,0.3716371001925002,459.6574854383463,274.16728904737295,1.522624465951892,20.0,5.0,1.0,35.0,"[3, 0, 35, 0, 3, 0, 3, 3, 3, 3, 35, 0, 0, 0, 3, 0, 3, 3, 3, 0, 10, 35, 0, 10, 10, 10, 0, 10, 3, 35]",1,test
SYN-1027,265.53555510889623,5492.415695215901,6.001680974672664,22.0,9.995671778810005,7.207273243258401,876.4941422733187,0.3903295494802002,288.2534570582016,264.26513751768454,1.0328590805250923,2.0,1.0,0.0,35.0,"[0, 0, 0, 0, 0, 0, 0, 0, 0, 0, 0, 0, 35, 0, 0, 0, 0, 0, 0, 0, 0, 0, 0, 0, 0, 0, 0, 3, 0, 0]",1,validation
SYN-1028,450.20344960593496,7464.781035241073,8.671643370921645,89.0,25.344140508111483,1.9886614926060586,715.0754599458442,0.46121428957822747,1548.8511321681221,114.00946346109262,0.3095347316667185,1.0,0.0,0.0,3.0,"[0, 0, 0, 0, 0, 0, 0, 0, 0, 0, 0, 0, 0, 0, 0, 0, 0, 0, 0, 0, 3, 0, 0, 0, 0, 0, 0, 0, 0, 0]",0,train
SYN-1029,256.8531418759288,2874.6151895752746,7.611383923089497,62.0,30.996814316292685,19.97132223122105,834.452587958513,0.428429733185167,1112.4876689199093,56.22234749043245,0.339568210728198,1.0,0.0,0.0,10.0,"[0, 0, 0, 0, 0, 0, 0, 0, 0, 0, 0, 0, 10, 0, 0, 0, 0, 0, 0, 0, 0, 0, 0, 0, 0, 0, 0, 0, 0, 0]",0,test
SYN-1030,455.6327450211129,2704.4932712462514,3.729681115927063,37.0,115.88663153180669,17.822549966016346,764.3092465455292,0.35187699905422753,506.07034861881306,77.49123056700476,0.4244160767897636,0.0,0.0,0.0,0.0,"[0, 0, 0, 0, 0, 0, 0, 0, 0, 0, 0, 0, 0, 0, 0, 0, 0, 0, 0, 0, 0, 0, 0, 0, 0, 0, 0, 0, 0, 0]",0,train
SYN-1031,165.78803455607348,1115.7504334668454,11.909491707624154,42.0,52.5903003366493,5.549184451781919,898.9871386281735,0.3892982507682625,1134.572534800258,32.6154252817768,0.5139437586468731,0.0,0.0,0.0,0.0,"[0, 0, 0, 0, 0, 0, 0, 0, 0, 0, 0, 0, 0, 0, 0, 0, 0, 0, 0, 0, 0, 0, 0, 0, 0, 0, 0, 0, 0, 0]",0,train
SYN-1032,227.42661900183828,1855.8532495267932,4.82167928355695,15.0,17.461240106588416,2.5898321581748096,770.1696092876482,0.2921523661875616,548.1309042862982,127.7377948335149,0.6384434486049747,4.0,0.0,0.0,35.0,"[0, 0, 0, 3, 0, 0, 10, 3, 0, 35, 0, 0, 0, 0, 0, 0, 0, 0, 0, 0, 0, 0, 0, 0, 0, 0, 0, 0, 0, 0]",0,train
SYN-1033,182.58522754184472,2031.8261702909663,8.029121528345623,22.0,56.949958438656495,2.463401259091902,817.6957144160103,0.11820451119470389,483.83259788743845,99.62792141141612,0.8575605045276089,11.0,3.0,0.0,65.0,"[0, 10, 3, 0, 0, 0, 3, 0, 10, 3, 3, 3, 0, 0, 3, 0, 0, 0, 0, 0, 0, 0, 0, 0, 0, 0, 10, 65, 10, 0]",1,validation
SYN-1034,262.49907090394225,6149.578618127654,6.3872690288953375,120.0,51.895731846788095,4.17568931288786,704.6481280721443,0.34246852884996937,51.39152083563672,69.47500943790315,0.4623663652093653,5.0,1.0,0.0,35.0,"[0, 0, 0, 0, 0, 35, 0, 0, 10, 0, 0, 0, 0, 0, 0, 10, 0, 0, 0, 0, 10, 0, 0, 0, 0, 0, 0, 3, 0, 0]",0,validation
SYN-1035,403.7532148054083,2766.9225955922957,5.640084935367282,113.0,70.6415183130004,11.030362674767693,838.053494880314,0.21824512663891987,1023.2421778117496,31.617463686463392,0.2532710037955939,0.0,0.0,0.0,0.0,"[0, 0, 0, 0, 0, 0, 0, 0, 0, 0, 0, 0, 0, 0, 0, 0, 0, 0, 0, 0, 0, 0, 0, 0, 0, 0, 0, 0, 0, 0]",0,train
SYN-1036,235.6798791571078,924.0956979513531,11.56796234396915,48.0,59.24206403064972,6.93431855335368,754.8883821465872,0.6928625073931288,63.750162906612054,24.139420258179097,0.3537912722419781,1.0,1.0,0.0,10.0,"[0, 0, 0, 0, 0, 0, 0, 0, 0, 0, 0, 0, 0, 0, 0, 0, 0, 0, 0, 0, 0, 0, 0, 0, 0, 0, 0, 10, 0, 0]",0,test
SYN-1037,274.9677790879058,5079.706121135046,4.500000788801437,73.0,27.13384533341426,1.56392877301758,920.6348232606869,0.10857692426308031,573.8561823283022,79.67305816681576,0.38843425165857126,1.0,1.0,1.0,3.0,"[0, 0, 0, 0, 0, 0, 0, 0, 0, 0, 0, 0, 0, 0, 0, 0, 0, 0, 0, 0, 0, 0, 0, 0, 0, 0, 0, 0, 0, 3]",0,validation
SYN-1038,226.2328693671089,3018.008642195182,10.340681798996279,59.0,66.02107084011739,8.912565568541972,796.5101774787562,0.40910178392616425,36.76644184032359,65.4686991661166,0.5812142611021966,0.0,0.0,0.0,0.0,"[0, 0, 0, 0, 0, 0, 0, 0, 0, 0, 0, 0, 0, 0, 0, 0, 0, 0, 0, 0, 0, 0, 0, 0, 0, 0, 0, 0, 0, 0]",0,train
SYN-1039,424.7776605816233,5848.408509213607,15.735771089977957,95.0,97.29181059439924,19.293565914463194,853.4899162894361,0.3232582856684376,893.9609950268726,108.02535149574955,0.4833520713142493,0.0,0.0,0.0,0.0,"[0, 0, 0, 0, 0, 0, 0, 0, 0, 0, 0, 0, 0, 0, 0, 0, 0, 0, 0, 0, 0, 0, 0, 0, 0, 0, 0, 0, 0, 0]",0,test
SYN-1040,422.79733508507263,7336.650102459413,14.13361775666278,81.0,132.79982053290587,12.421580245217488,887.4252018873536,0.1669871539557605,2064.14314498019,141.04331131947978,0.6476936090367852,0.0,0.0,0.0,0.0,"[0, 0, 0, 0, 0, 0, 0, 0, 0, 0, 0, 0, 0, 0, 0, 0, 0, 0, 0, 0, 0, 0, 0, 0, 0, 0, 0, 0, 0, 0]",0,train
SYN-1041,366.37037995544205,7974.301748683294,6.036347324515073,83.0,66.0257670009625,18.497478834106598,809.0119092022526,0.5874405217114297,1124.6642742390027,117.76203064588339,0.5016448045532451,0.0,0.0,0.0,0.0,"[0, 0, 0, 0, 0, 0, 0, 0, 0, 0, 0, 0, 0, 0, 0, 0, 0, 0, 0, 0, 0, 0, 0, 0, 0, 0, 0, 0, 0, 0]",0,train
SYN-1042,217.45452711648346,4209.802517391612,8.341598763594554,79.0,71.17611464843303,1.226928107307217,859.6450713736199,0.2108251664594606,642.5402979654096,69.43345437886592,0.6466159656081977,1.0,0.0,0.0,10.0,"[0, 0, 0, 0, 0, 0, 0, 0, 0, 0, 0, 0, 0, 0, 0, 0, 0, 0, 0, 10, 0, 0, 0, 0, 0, 0, 0, 0, 0, 0]",0,test
SYN-1043,162.45455649317242,2258.7033441605963,9.275322022912578,74.0,24.927347145978537,5.250882492875308,960.9923474480041,0.1530627453345049,362.80901601422784,40.1945862899224,0.40086246173487816,1.0,0.0,0.0,3.0,"[0, 0, 0, 0, 0, 3, 0, 0, 0, 0, 0, 0, 0, 0, 0, 0, 0, 0, 0, 0, 0, 0, 0, 0, 0, 0, 0, 0, 0, 0]",0,validation
SYN-1044,378.5702186431027,7152.139971682082,6.487725734631848,37.0,12.174911050353225,19.260585016393954,866.1596122324427,0.22942984073329417,475.1143524441175,213.79936791625002,0.5969150974858923,0.0,0.0,0.0,0.0,"[0, 0, 0, 0, 0, 0, 0, 0, 0, 0, 0, 0, 0, 0, 0, 0, 0, 0, 0, 0, 0, 0, 0, 0, 0, 0, 0, 0, 0, 0]",0,train
SYN-1045,361.54207824120925,1701.8133963968478,13.759487843947044,112.0,33.59882318732845,12.343246291407787,823.7495959760719,0.1993122369809747,533.7802139090539,27.060496990649167,0.16777941995871273,1.0,0.0,0.0,10.0,"[0, 10, 0, 0, 0, 0, 0, 0, 0, 0, 0, 0, 0, 0, 0, 0, 0, 0, 0, 0, 0, 0, 0, 0, 0, 0, 0, 0, 0, 0]",0,train
SYN-1046,630.5216617983446,14674.99078141068,5.8369234375988555,83.0,96.7276620685457,5.393789603804602,733.2301646933332,0.22260145607957899,912.9100440590586,215.31632006547042,0.4948981153859469,0.0,0.0,0.0,0.0,"[0, 0, 0, 0, 0, 0, 0, 0, 0, 0, 0, 0, 0, 0, 0, 0, 0, 0, 0, 0, 0, 0, 0, 0, 0, 0, 0, 0, 0, 0]",1,validation
SYN-1047,164.91768487731463,3025.685300185507,4.683709274567335,26.0,29.540535447826233,0.7731745432788695,885.2244358913701,0.2806578549101764,243.9541547893353,122.603891126612,0.9225476739357658,3.0,0.0,0.0,35.0,"[0, 0, 0, 0, 0, 0, 0, 0, 0, 10, 0, 0, 0, 0, 0, 35, 0, 0, 0, 0, 0, 0, 0, 3, 0, 0, 0, 0, 0, 0]",1,train
SYN-1048,373.91843822606785,4624.626167113782,6.596601014063106,88.0,115.58521575039714,1.2946844729922025,946.2374595643897,0.19984925063188583,1054.9633402703064,66.42614632994506,0.486767550013941,2.0,0.0,0.0,35.0,"[10, 0, 0, 0, 0, 0, 0, 35, 0, 0, 0, 0, 0, 0, 0, 0, 0, 0, 0, 0, 0, 0, 0, 0, 0, 0, 0, 0, 0, 0]",0,test
SYN-1049,312.9624117825375,4133.60898178065,14.036599017923361,103.0,63.061257043621566,0.6868442310763823,896.0803745709516,0.5163326636893839,136.8590671197062,69.25688850344685,0.422792452273821,1.0,0.0,0.0,10.0,"[0, 0, 0, 0, 0, 0, 0, 0, 0, 0, 0, 0, 0, 0, 0, 0, 10, 0, 0, 0, 0, 0, 0, 0, 0, 0, 0, 0, 0, 0]",0,train
SYN-1050,377.0317702287735,3587.127509727724,15.449748872837105,82.0,11.705947048927877,6.563956131361981,826.1453701467478,0.5425537072148149,123.26647788158381,71.08325610971234,0.2195815039894537,0.0,0.0,0.0,0.0,"[0, 0, 0, 0, 0, 0, 0, 0, 0, 0, 0, 0, 0, 0, 0, 0, 0, 0, 0, 0, 0, 0, 0, 0, 0, 0, 0, 0, 0, 0]",0,train
SYN-1051,501.1445929450774,7581.111017545434,7.901067424246924,106.0,161.31358990936528,6.050179572197559,878.4330822953544,0.18101051731412904,340.13325715891943,99.58351397789549,0.5206024519870527,0.0,0.0,0.0,0.0,"[0, 0, 0, 0, 0, 0, 0, 0, 0, 0, 0, 0, 0, 0, 0, 0, 0, 0, 0, 0, 0, 0, 0, 0, 0, 0, 0, 0, 0, 0]",0,train
SYN-1052,320.8713738346807,3666.7106844922305,11.43610247657374,26.0,20.70891834640614,12.89831362371866,778.7118846754938,0.41809332311878156,859.578046042356,159.8877057978794,0.5628318350309819,2.0,0.0,0.0,10.0,"[0, 10, 0, 3, 0, 0, 0, 0, 0, 0, 0, 0, 0, 0, 0, 0, 0, 0, 0, 0, 0, 0, 0, 0, 0, 0, 0, 0, 0, 0]",0,validation
SYN-1053,175.98332890052092,2508.5258124697325,15.854475025566638,42.0,53.19601443336688,10.991741375551324,901.9636705178617,0.1549640069615078,350.8142200855708,78.20680309896669,0.7466776447137919,1.0,0.0,0.0,3.0,"[0, 3, 0, 0, 0, 0, 0, 0, 0, 0, 0, 0, 0, 0, 0, 0, 0, 0, 0, 0, 0, 0, 0, 0, 0, 0, 0, 0, 0, 0]",1,train
SYN-1054,402.16542633325145,7060.643463942572,7.510643690928416,43.0,20.84122885263653,13.59693177356585,838.0388905161482,0.3028023684698366,135.83166413049705,187.79699797187453,0.5187870790554345,2.0,1.0,1.0,10.0,"[0, 0, 0, 0, 0, 0, 0, 0, 0, 0, 0, 10, 0, 0, 0, 0, 0, 0, 0, 0, 0, 0, 0, 0, 0, 0, 0, 0, 0, 10]",0,test
SYN-1055,281.57339878004876,4522.605025475802,10.598888230265324,90.0,34.82244378750279,16.938249818760656,781.241699346351,0.20236602688691288,366.42072738998235,73.05290012513551,0.3831162474154925,0.0,0.0,0.0,0.0,"[0, 0, 0, 0, 0, 0, 0, 0, 0, 0, 0, 0, 0, 0, 0, 0, 0, 0, 0, 0, 0, 0, 0, 0, 0, 0, 0, 0, 0, 0]",0,train
SYN-1056,306.62812409635796,6601.55223974203,6.4762562057329305,103.0,14.803518849529421,4.410912132704052,905.466579357258,0.27063206987333643,337.3849696625301,83.71701500861082,0.32130299250430183,1.0,0.0,0.0,65.0,"[0, 0, 0, 0, 0, 0, 0, 0, 0, 0, 0, 0, 0, 0, 0, 0, 65, 0, 0, 0, 0, 0, 0, 0, 0, 0, 0, 0, 0, 0]",0,test
SYN-1057,134.91282170807312,2444.9107910915113,14.094485715999532,98.0,19.888588377084265,18.3936815664829,679.5281418267616,0.7671702762535698,446.81499550518004,42.133022727184674,0.4597162102092302,1.0,0.0,0.0,3.0,"[0, 0, 0, 0, 0, 0, 0, 0, 0, 0, 0, 0, 0, 0, 0, 0, 0, 0, 0, 3, 0, 0, 0, 0, 0, 0, 0, 0, 0, 0]",0,validation
SYN-1058,487.11621156681355,11226.872641677855,6.817161599612172,17.0,167.72347245015547,1.033556664756612,729.544995528575,0.10419436185522438,1232.7641661428904,694.6798900729776,1.7704263213683755,26.0,6.0,1.0,35.0,"[3, 35, 3, 3, 35, 35, 10, 10, 35, 0, 10, 10, 35, 35, 10, 10, 3, 3, 0, 10, 0, 0, 35, 10, 10, 3, 10, 35, 3, 3]",1,train
SYN-1059,597.6620063668357,2732.0437929362056,5.38832365368271,85.0,188.58683740222457,8.110966109517861,838.1690176083773,0.10861926529512964,1418.0409146627953,38.735980488137024,0.3803534698018504,1.0,0.0,0.0,65.0,"[0, 0, 0, 0, 0, 0, 0, 0, 65, 0, 0, 0, 0, 0, 0, 0, 0, 0, 0, 0, 0, 0, 0, 0, 0, 0, 0, 0, 0, 0]",0,validation
SYN-1060,224.53612847220086,4035.981547738148,9.532271863657225,23.0,78.54134773917245,4.84040793315291,846.4821807785795,0.3617108553007171,648.5974968473563,192.68945074551758,1.207960608968415,7.0,0.0,0.0,10.0,"[3, 0, 0, 0, 10, 0, 0, 0, 3, 3, 0, 0, 3, 0, 0, 3, 0, 3, 0, 0, 0, 0, 0, 0, 0, 0, 0, 0, 0, 0]",0,test
SYN-1061,474.5205868992754,2543.9415922455155,12.782432895564018,31.0,25.609739835814484,4.5344221630599835,814.9393057984126,0.3024048594256204,2017.3023874517203,96.78840017472814,0.2579406318498118,0.0,0.0,0.0,0.0,"[0, 0, 0, 0, 0, 0, 0, 0, 0, 0, 0, 0, 0, 0, 0, 0, 0, 0, 0, 0, 0, 0, 0, 0, 0, 0, 0, 0, 0, 0]",0,train
SYN-1062,555.7789492605509,3703.69137719754,11.02717205823968,38.0,160.32171585698512,3.3847183791611046,796.8350534092257,0.18084178964493292,4380.5330731367685,115.91376478307126,0.4970240074899928,0.0,0.0,0.0,0.0,"[0, 0, 0, 0, 0, 0, 0, 0, 0, 0, 0, 0, 0, 0, 0, 0, 0, 0, 0, 0, 0, 0, 0, 0, 0, 0, 0, 0, 0, 0]",0,train
SYN-1063,279.8019674859683,4688.736020061137,6.748359181495312,53.0,19.184705537891634,1.3370128407761706,770.9321323349388,0.3662015826219677,542.4423396218432,102.55122140396689,0.4350788810945849,1.0,0.0,0.0,35.0,"[0, 0, 0, 0, 0, 0, 0, 0, 0, 0, 0, 0, 0, 0, 0, 35, 0, 0, 0, 0, 0, 0, 0, 0, 0, 0, 0, 0, 0, 0]",0,validation
SYN-1064,483.71521045294634,4641.589964887597,5.310706717625266,80.0,74.83604309939439,16.676441796167587,722.9913255666669,0.6198232438391973,350.8723996801507,69.02252233732179,0.29740343559179866,2.0,0.0,0.0,10.0,"[0, 0, 0, 0, 0, 0, 0, 0, 0, 0, 0, 0, 10, 3, 0, 0, 0, 0, 0, 0, 0, 0, 0, 0, 0, 0, 0, 0, 0, 0]",0,validation
SYN-1065,527.9433824366264,2835.589521456848,7.939892175223653,90.0,123.89780446368722,16.49545155295336,781.8351753418978,0.23681088333141462,668.0777408820612,41.91419300139127,0.3140715519527936,0.0,0.0,0.0,0.0,"[0, 0, 0, 0, 0, 0, 0, 0, 0, 0, 0, 0, 0, 0, 0, 0, 0, 0, 0, 0, 0, 0, 0, 0, 0, 0, 0, 0, 0, 0]",0,test
SYN-1066,910.8869755188068,11815.14615766215,15.97441511375038,96.0,210.53936314886622,14.342487769007919,888.4351467141917,0.4658745175425225,98.53900077677476,218.74258745251993,0.4712790523290591,0.0,0.0,0.0,0.0,"[0, 0, 0, 0, 0, 0, 0, 0, 0, 0, 0, 0, 0, 0, 0, 0, 0, 0, 0, 0, 0, 0, 0, 0, 0, 0, 0, 0, 0, 0]",0,train
SYN-1067,215.79388899554047,2430.241145429322,5.860553579120056,113.0,66.78111252588918,5.416503864598998,842.2462454700558,0.4572503238900303,133.1913029870561,28.035207976719,0.4393837144506332,2.0,0.0,0.0,65.0,"[0, 10, 0, 0, 0, 0, 0, 0, 0, 0, 0, 0, 65, 0, 0, 0, 0, 0, 0, 0, 0, 0, 0, 0, 0, 0, 0, 0, 0, 0]",0,validation
SYN-1068,376.2345564229592,6459.138019142295,8.21218946133909,71.0,16.00336881445233,12.945850232978113,801.0762987829617,0.17934421097990005,725.3365662723247,115.163019442023,0.34862929525542935,0.0,0.0,0.0,0.0,"[0, 0, 0, 0, 0, 0, 0, 0, 0, 0, 0, 0, 0, 0, 0, 0, 0, 0, 0, 0, 0, 0, 0, 0, 0, 0, 0, 0, 0, 0]",0,train
SYN-1069,366.7979346179642,3529.4850528797256,5.573452200354179,44.0,57.59437759118304,16.63475953874704,826.5001315270181,0.47300284785245195,331.18900738483,88.87646227700348,0.39932296789168725,1.0,0.0,0.0,35.0,"[0, 0, 0, 0, 0, 0, 0, 0, 35, 0, 0, 0, 0, 0, 0, 0, 0, 0, 0, 0, 0, 0, 0, 0, 0, 0, 0, 0, 0, 0]",0,test
SYN-1070,460.0369775692801,10056.464672185037,13.30574571788827,31.0,132.72382444756127,4.914728774114563,805.9612982159242,0.6548795819466775,794.61245607276,385.12123908801715,1.1256596508214225,10.0,1.0,0.0,35.0,"[0, 0, 0, 3, 10, 0, 0, 0, 3, 3, 0, 10, 0, 0, 3, 0, 10, 0, 0, 0, 0, 10, 3, 0, 0, 35, 0, 0, 0, 0]",0,validation
SYN-1071,745.1301637967606,14685.441238972395,12.384749300106263,79.0,218.26859904507648,5.703575633358422,764.9159897331322,0.10234769985472533,344.6897832172226,272.76515497921116,0.6589905735693992,5.0,1.0,0.0,35.0,"[0, 0, 0, 0, 0, 0, 0, 0, 0, 0, 0, 0, 0, 35, 0, 0, 0, 0, 0, 3, 3, 0, 10, 0, 0, 0, 0, 0, 3, 0]",0,train
SYN-1072,292.84967710139165,2227.766611242748,4.904142604879662,13.0,86.25415520755274,2.5426014903100103,757.3116379311654,0.3422581548731106,41.2214698488824,176.30902028713254,0.896580040973648,13.0,3.0,0.0,35.0,"[0, 35, 0, 0, 0, 3, 3, 10, 3, 35, 3, 0, 0, 0, 0, 3, 3, 10, 0, 0, 0, 0, 0, 0, 0, 3, 35, 10, 0, 0]",1,test
SYN-1073,501.62825618234115,6465.956515907606,4.191517478225903,61.0,121.48393969867891,17.080732467757425,759.4931868660917,0.33739091725736386,1453.7915339257495,117.87688991144097,0.4771677565211011,0.0,0.0,0.0,0.0,"[0, 0, 0, 0, 0, 0, 0, 0, 0, 0, 0, 0, 0, 0, 0, 0, 0, 0, 0, 0, 0, 0, 0, 0, 0, 0, 0, 0, 0, 0]",0,train
SYN-1074,728.8572501054894,4578.26258656538,6.86175220973966,98.0,211.72213788367227,15.481392435032213,717.0360191130425,0.5550007179131932,1493.7649271871132,61.152681086633145,0.37438719163568934,2.0,0.0,0.0,10.0,"[0, 0, 0, 0, 0, 3, 0, 0, 0, 0, 0, 0, 0, 0, 0, 10, 0, 0, 0, 0, 0, 0, 0, 0, 0, 0, 0, 0, 0, 0]",0,test
SYN-1075,245.0265907961459,2161.8608884916084,7.593916708001707,108.0,63.16863107410911,4.907480867247109,951.7639335525746,0.13592224054316193,148.8389881051058,27.69169874918413,0.3708182427387485,1.0,0.0,0.0,10.0,"[0, 0, 0, 0, 0, 0, 0, 0, 0, 0, 0, 0, 10, 0, 0, 0, 0, 0, 0, 0, 0, 0, 0, 0, 0, 0, 0, 0, 0, 0]",0,validation
SYN-1076,626.479878941995,5433.015921649658,4.819897277365139,72.0,85.09765496964043,16.15235206182711,814.8296594469566,0.5201812900001663,1849.7816832906828,87.04519238547053,0.2747779348409839,1.0,0.0,0.0,35.0,"[0, 0, 0, 0, 0, 0, 0, 0, 0, 0, 0, 0, 0, 0, 35, 0, 0, 0, 0, 0, 0, 0, 0, 0, 0, 0, 0, 0, 0, 0]",0,train
SYN-1077,310.52243884827186,4472.863592022153,14.844607938073356,45.0,80.40833804047705,14.804506935530032,726.2245003563746,0.4117997849245147,257.9892176221682,130.2144310618771,0.678285182492944,7.0,1.0,0.0,35.0,"[0, 35, 0, 0, 0, 0, 0, 0, 0, 10, 0, 0, 0, 10, 0, 0, 0, 0, 35, 3, 0, 35, 0, 0, 0, 0, 0, 0, 3, 0]",0,test
SYN-1078,496.97174766161754,4832.716427262697,15.267655335637102,45.0,68.73222664892124,11.233956174766131,655.4912657179202,0.4653455992045355,1540.0084126258998,141.71839830427328,0.4234659735556798,1.0,0.0,0.0,10.0,"[0, 0, 0, 0, 0, 0, 0, 0, 10, 0, 0, 0, 0, 0, 0, 0, 0, 0, 0, 0, 0, 0, 0, 0, 0, 0, 0, 0, 0, 0]",0,train
SYN-1079,327.758600477435,6844.728207115077,5.223723761828631,35.0,112.48470324372597,16.446422118457274,747.0229252605039,0.6368166706111105,1848.9521840684247,211.2642508582488,0.9877664648017795,9.0,0.0,0.0,35.0,"[10, 35, 0, 0, 10, 0, 10, 0, 0, 10, 10, 0, 0, 10, 0, 0, 0, 0, 3, 35, 0, 0, 0, 0, 0, 0, 0, 0, 0, 0]",0,train
SYN-1080,295.60546325549615,4241.035641816367,14.048986751191633,21.0,83.2572110136951,3.488077065209778,647.3458467473956,0.8070504721285371,1817.4592632141766,228.97026988478282,1.0562304142146897,12.0,1.0,0.0,10.0,"[0, 0, 0, 0, 3, 0, 10, 10, 0, 10, 10, 0, 0, 10, 0, 3, 3, 10, 3, 0, 0, 0, 3, 0, 10, 0, 0, 0, 0, 0]",0,train
SYN-1081,349.2232651520543,5987.67869484511,14.456657057908313,34.0,106.34859276595063,11.190888006881597,744.6754527684495,0.25638542178524854,4247.777263201363,215.67509548583897,0.9221140753940841,1.0,0.0,0.0,10.0,"[0, 0, 0, 0, 0, 0, 0, 0, 0, 0, 0, 0, 0, 0, 0, 0, 0, 10, 0, 0, 0, 0, 0, 0, 0, 0, 0, 0, 0, 0]",0,validation
SYN-1082,396.2950683663494,3464.5723079852146,13.308255863719717,80.0,23.29968182057435,1.2911386631380117,783.0261306910497,0.5072805454507844,122.4457024779206,65.5474343839223,0.2241943523818045,0.0,0.0,0.0,0.0,"[0, 0, 0, 0, 0, 0, 0, 0, 0, 0, 0, 0, 0, 0, 0, 0, 0, 0, 0, 0, 0, 0, 0, 0, 0, 0, 0, 0, 0, 0]",0,train
SYN-1083,278.88388587956723,908.121999384157,12.107439428207725,32.0,43.746974065478504,0.43420919738763386,903.8592593332876,0.2676212085868355,359.70866396098023,33.3478662398139,0.27644064145959624,0.0,0.0,0.0,0.0,"[0, 0, 0, 0, 0, 0, 0, 0, 0, 0, 0, 0, 0, 0, 0, 0, 0, 0, 0, 0, 0, 0, 0, 0, 0, 0, 0, 0, 0, 0]",0,train
SYN-1084,248.65413356950012,5678.659766519819,4.145854538331651,29.0,63.16488660677344,14.695744721438452,705.554282232345,0.5912780560091994,518.6731630243124,206.12695600143647,1.0829976511648918,13.0,3.0,1.0,35.0,"[10, 0, 35, 3, 3, 0, 0, 0, 0, 0, 0, 10, 10, 35, 0, 0, 0, 0, 0, 0, 3, 3, 3, 0, 10, 35, 0, 0, 0, 3]",1,test
SYN-1085,310.8648612557909,3481.3726617210136,12.558113690761434,15.0,11.860273200128928,10.419068338525006,806.4791162870088,0.24501233327941166,291.8775057773776,251.99420380378274,0.8487754966515904,1.0,0.0,0.0,35.0,"[0, 0, 0, 0, 0, 0, 0, 0, 0, 0, 0, 0, 0, 0, 0, 0, 0, 0, 0, 0, 0, 0, 0, 35, 0, 0, 0, 0, 0, 0]",0,train
SYN-1086,132.2543693458367,3018.971860129296,3.315549485098615,63.0,4.772473028786612,15.953895117698275,700.5441145925195,0.788295794522562,15.77113251462967,52.27777183271607,0.43136756194662995,1.0,0.0,0.0,10.0,"[0, 0, 0, 0, 0, 0, 0, 0, 10, 0, 0, 0, 0, 0, 0, 0, 0, 0, 0, 0, 0, 0, 0, 0, 0, 0, 0, 0, 0, 0]",0,validation
SYN-1087,241.7448329382534,3225.475641156786,10.93253421108827,56.0,83.7439382005129,18.6711310622148,654.1215059761677,0.5397251705846441,316.7986681520218,73.79087976483406,0.6516574358616575,6.0,1.0,0.0,65.0,"[0, 0, 0, 0, 0, 0, 0, 0, 0, 0, 3, 35, 0, 0, 0, 3, 0, 3, 0, 0, 0, 0, 65, 0, 0, 10, 0, 0, 0, 0]",0,train
SYN-1088,291.6597276023004,6691.5175642090335,12.856020472461754,120.0,27.332809373238636,3.956272833125878,919.5485334398733,0.1768891253943551,2038.8394506147001,99.34408732916603,0.43433112189948275,0.0,0.0,0.0,0.0,"[0, 0, 0, 0, 0, 0, 0, 0, 0, 0, 0, 0, 0, 0, 0, 0, 0, 0, 0, 0, 0, 0, 0, 0, 0, 0, 0, 0, 0, 0]",0,train
SYN-1089,411.8145619584385,2766.753346069871,15.09277707141182,52.0,120.19603861905465,15.554925014675252,628.0008298423714,0.7045217717978842,546.5280480645534,72.81146320717394,0.4686757576234214,3.0,0.0,0.0,35.0,"[3, 0, 0, 0, 0, 0, 0, 0, 0, 0, 10, 0, 0, 0, 0, 0, 0, 0, 0, 35, 0, 0, 0, 0, 0, 0, 0, 0, 0, 0]",0,train
SYN-1090,557.2734990701118,5325.9508737359265,11.412474725430078,42.0,59.66459787637947,6.71203618866016,672.8199509048366,0.7029095012506051,2080.1867084132746,154.40999972568264,0.3841463804743547,3.0,0.0,0.0,10.0,"[0, 0, 0, 0, 10, 0, 0, 0, 0, 0, 0, 0, 0, 10, 3, 0, 0, 0, 0, 0, 0, 0, 0, 0, 0, 0, 0, 0, 0, 0]",0,test
SYN-1091,403.7306927454462,2017.7847155097973,14.496529849241293,28.0,64.40679438935312,8.943538117970428,740.4767951007885,0.5322046838749335,1441.5005990648633,85.36770999083639,0.37097626480091006,0.0,0.0,0.0,0.0,"[0, 0, 0, 0, 0, 0, 0, 0, 0, 0, 0, 0, 0, 0, 0, 0, 0, 0, 0, 0, 0, 0, 0, 0, 0, 0, 0, 0, 0, 0]",0,test
SYN-1092,208.26692472274848,3747.4134965780495,3.0311573534365324,91.0,11.098743869569299,13.877444733460738,792.344669677134,0.4922998283551625,696.1370532050832,46.14620568493217,0.2748633736763903,1.0,0.0,0.0,65.0,"[0, 0, 0, 0, 0, 0, 0, 0, 0, 0, 0, 0, 0, 0, 0, 0, 0, 0, 0, 0, 65, 0, 0, 0, 0, 0, 0, 0, 0, 0]",0,train
SYN-1093,733.2032818018195,9424.680388096554,4.056439257405861,87.0,95.69848908961576,18.57677036687499,816.3121561904405,0.41696238784497613,394.67204391333655,125.2204403183768,0.30130652015781023,1.0,0.0,0.0,3.0,"[0, 0, 0, 0, 0, 0, 0, 0, 0, 0, 0, 0, 0, 3, 0, 0, 0, 0, 0, 0, 0, 0, 0, 0, 0, 0, 0, 0, 0, 0]",0,train
SYN-1094,369.8339125069726,3621.584603672629,15.905586367533404,70.0,51.632300325811386,3.2626730769048606,716.9888886312449,0.7241187403471275,2147.981785049245,79.71644275372007,0.355156027172211,1.0,0.0,0.0,35.0,"[0, 0, 0, 0, 0, 0, 0, 0, 0, 0, 0, 0, 0, 35, 0, 0, 0, 0, 0, 0, 0, 0, 0, 0, 0, 0, 0, 0, 0, 0]",0,test
SYN-1095,263.9889799915952,4393.955306666189,14.254494294317386,59.0,70.64317183261001,10.80751280178426,809.966297391898,0.4367062314200709,608.1812480961046,104.01878284065802,0.6616259310476856,4.0,1.0,0.0,35.0,"[0, 0, 0, 0, 0, 0, 0, 0, 10, 0, 0, 0, 0, 0, 0, 0, 35, 0, 0, 35, 0, 0, 0, 0, 0, 3, 0, 0, 0, 0]",0,validation
SYN-1096,232.20160861254948,4320.095747839587,3.4713544993748644,56.0,46.882962110012826,16.951234648303352,837.5798290530807,0.4452377728647827,668.7939384906686,83.6730625131946,0.5622528862022338,2.0,0.0,0.0,65.0,"[0, 0, 0, 0, 65, 0, 0, 0, 0, 0, 0, 0, 0, 0, 0, 0, 0, 65, 0, 0, 0, 0, 0, 0, 0, 0, 0, 0, 0, 0]",0,test
SYN-1097,482.24635795831864,3914.320150306591,14.266250760491845,76.0,35.87239393776515,19.18482535505313,763.3799403146234,0.43512539656711385,372.49516138387764,78.51478043922918,0.23719655418710495,0.0,0.0,0.0,0.0,"[0, 0, 0, 0, 0, 0, 0, 0, 0, 0, 0, 0, 0, 0, 0, 0, 0, 0, 0, 0, 0, 0, 0, 0, 0, 0, 0, 0, 0, 0]",0,validation
SYN-1098,331.9220821873357,1826.2130573010397,7.6697206917359075,24.0,9.071565703017809,17.038212380737,892.8335436628582,0.39094985127845394,670.4259277569307,82.31985216618244,0.275339975174111,0.0,0.0,0.0,0.0,"[0, 0, 0, 0, 0, 0, 0, 0, 0, 0, 0, 0, 0, 0, 0, 0, 0, 0, 0, 0, 0, 0, 0, 0, 0, 0, 0, 0, 0, 0]",0,train
SYN-1099,220.77332484809756,5093.373459244449,6.334324405231725,64.0,16.51545028882578,13.822026837056239,844.9095435658663,0.34660096720119526,46.99960991372343,93.9902634458374,0.5005392468075403,0.0,0.0,0.0,0.0,"[0, 0, 0, 0, 0, 0, 0, 0, 0, 0, 0, 0, 0, 0, 0, 0, 0, 0, 0, 0, 0, 0, 0, 0, 0, 0, 0, 0, 0, 0]",0,train
SYN-1100,152.7993978299001,3457.0914091760615,9.851438975526325,48.0,20.1446257294302,4.6977319952228935,649.0520036061794,0.48841594632587276,156.11667310995927,87.4343272019026,0.7040535136865672,12.0,4.0,1.0,35.0,"[0, 0, 0, 0, 10, 35, 3, 35, 35, 0, 10, 35, 0, 0, 0, 0, 10, 0, 0, 0, 0, 0, 0, 0, 10, 0, 10, 10, 0, 35]",0,train
SYN-1101,325.24123917675206,2554.5861909756873,15.389719860619635,28.0,11.573983073596235,18.70033613579961,871.3667047103634,0.36072268824721637,730.9264925181551,109.17208953521161,0.37125080729134874,0.0,0.0,0.0,0.0,"[0, 0, 0, 0, 0, 0, 0, 0, 0, 0, 0, 0, 0, 0, 0, 0, 0, 0, 0, 0, 0, 0, 0, 0, 0, 0, 0, 0, 0, 0]",0,train
SYN-1102,295.52998771486625,3059.2772328334268,5.632092577163714,109.0,86.40816222038947,19.461609850055126,642.6950177582063,0.543333907218258,731.6866249017963,35.919857992526445,0.41392760565110787,3.0,0.0,0.0,35.0,"[0, 0, 0, 0, 0, 0, 0, 0, 0, 0, 35, 0, 0, 0, 0, 0, 0, 0, 0, 0, 3, 0, 3, 0, 0, 0, 0, 0, 0, 0]",0,validation
SYN-1103,534.2966617332041,4775.048424584363,13.863287736701693,76.0,18.38983633891063,12.835910160974462,837.7539661260377,0.4296369984743032,1437.948711199428,94.73732979619695,0.21173099934432404,0.0,0.0,0.0,0.0,"[0, 0, 0, 0, 0, 0, 0, 0, 0, 0, 0, 0, 0, 0, 0, 0, 0, 0, 0, 0, 0, 0, 0, 0, 0, 0, 0, 0, 0, 0]",0,test
SYN-1104,345.5003630823624,8164.903594337551,5.147277618451342,53.0,57.769740940594936,3.964653796055009,824.9265300285734,0.4478380007928428,1131.0005889067425,172.55772087660307,0.6666489718341951,4.0,1.0,0.0,65.0,"[0, 35, 0, 0, 0, 0, 0, 0, 0, 0, 0, 0, 35, 3, 0, 0, 0, 0, 0, 0, 0, 0, 0, 0, 0, 0, 0, 65, 0, 0]",0,train
SYN-1105,150.13570502623858,1240.525776222697,8.303524550803235,109.0,52.07533514515711,4.580033106381043,822.6196262719126,0.42818613843394676,416.6952070993967,16.244948252248403,0.4550568659564723,3.0,1.0,1.0,3.0,"[0, 0, 0, 3, 0, 0, 0, 0, 0, 0, 0, 0, 0, 0, 3, 0, 0, 0, 0, 0, 0, 0, 0, 0, 0, 0, 0, 0, 0, 3]",1,train
SYN-1106,219.28675674549308,3454.4226823003146,3.5525633375426757,58.0,26.53116763163011,18.309496594032627,813.4368593645352,0.3764549324889923,51.43989922976687,64.90653170731971,0.41697775413347715,0.0,0.0,0.0,0.0,"[0, 0, 0, 0, 0, 0, 0, 0, 0, 0, 0, 0, 0, 0, 0, 0, 0, 0, 0, 0, 0, 0, 0, 0, 0, 0, 0, 0, 0, 0]",0,train
SYN-1107,206.52513521201905,1161.2801812859016,4.250179448606333,101.0,41.04724490258856,12.094357666368623,842.4842526323706,0.3939434541281225,335.87844518388664,13.696828629404308,0.26507220767967304,0.0,0.0,0.0,0.0,"[0, 0, 0, 0, 0, 0, 0, 0, 0, 0, 0, 0, 0, 0, 0, 0, 0, 0, 0, 0, 0, 0, 0, 0, 0, 0, 0, 0, 0, 0]",0,validation
SYN-1108,171.59254559352902,1220.5425285852295,8.443578932199404,30.0,56.740104699575845,16.838361769270374,745.1765222900863,0.5886099954987722,596.1687608463625,45.2722123268273,0.5945031975226444,7.0,1.0,1.0,35.0,"[0, 35, 0, 0, 0, 10, 0, 0, 0, 0, 0, 10, 10, 3, 0, 0, 0, 0, 0, 0, 0, 0, 10, 0, 0, 0, 0, 0, 0, 10]",1,validation
SYN-1109,237.59635448266573,736.2212413459763,11.921505679906604,17.0,34.16967362286738,4.621560458499059,908.1712162627525,0.15667917279688864,183.2574303313885,47.281305913235265,0.3428124127302005,0.0,0.0,0.0,0.0,"[0, 0, 0, 0, 0, 0, 0, 0, 0, 0, 0, 0, 0, 0, 0, 0, 0, 0, 0, 0, 0, 0, 0, 0, 0, 0, 0, 0, 0, 0]",0,train
SYN-1110,596.0773335092964,4137.8424735769695,3.0649870331813176,22.0,151.57185305499092,1.785293993565371,717.8345911164879,0.5567468582313145,2225.9474676816963,193.65761506917255,0.5791689244274532,7.0,2.0,0.0,35.0,"[0, 0, 0, 0, 0, 10, 0, 0, 3, 0, 0, 3, 10, 0, 0, 0, 0, 0, 0, 0, 0, 35, 0, 0, 3, 0, 3, 0, 0, 0]",0,test
SYN-1111,313.9029134139246,3265.7283968382417,7.229574223254673,15.0,78.57200848321929,14.063097859285897,681.1030260641211,0.6772716027765251,179.84124176407448,228.35552883599686,0.977778555736084,5.0,2.0,0.0,35.0,"[0, 0, 0, 0, 0, 0, 0, 0, 0, 0, 0, 10, 0, 35, 0, 0, 0, 0, 0, 0, 0, 0, 0, 3, 10, 10, 0, 0, 0, 0]",0,train
SYN-1112,779.5287557534627,9155.78756276938,3.3022956704647646,49.0,245.27503928105665,1.7321943152555752,877.5123427690468,0.4921537705886784,970.2068266428349,199.9904085319375,0.5711982329408971,6.0,2.0,1.0,35.0,"[0, 0, 0, 0, 0, 3, 3, 0, 0, 0, 0, 0, 0, 0, 0, 0, 0, 0, 10, 10, 0, 0, 0, 0, 0, 0, 3, 0, 0, 35]",0,validation
SYN-1113,358.1332015599949,2108.3815821715507,7.741142125520314,22.0,89.52003926793557,5.273711279651159,897.4418081882187,0.1321872586993277,213.97337637628303,103.10513060141885,0.537859011759583,3.0,0.0,0.0,3.0,"[3, 0, 0, 0, 0, 0, 0, 0, 0, 0, 0, 0, 0, 0, 0, 0, 0, 0, 0, 0, 0, 3, 0, 3, 0, 0, 0, 0, 0, 0]",0,train
SYN-1114,304.251074795057,7236.7950711155245,5.490771918808127,108.0,34.770174750089474,19.153170910024848,861.5744472421109,0.30171400931443737,760.1893025346911,85.07207086985164,0.3938925957802011,0.0,0.0,0.0,0.0,"[0, 0, 0, 0, 0, 0, 0, 0, 0, 0, 0, 0, 0, 0, 0, 0, 0, 0, 0, 0, 0, 0, 0, 0, 0, 0, 0, 0, 0, 0]",0,test
SYN-1115,496.61982660874315,9157.210875798635,5.913521115328742,30.0,10.795745637731082,2.9438674271183607,838.2232169763938,0.342336971828204,584.9232464006102,329.1092954329088,0.6844371143853478,3.0,2.0,0.0,35.0,"[0, 0, 0, 0, 0, 0, 0, 0, 0, 0, 0, 0, 10, 0, 0, 0, 0, 0, 0, 0, 0, 0, 0, 0, 0, 35, 0, 10, 0, 0]",0,train
SYN-1116,296.75128598500345,4885.06047662579,9.204938201517013,75.0,52.44907596889569,14.580698315792702,806.4999104465003,0.5591581960011461,819.0523676974109,85.89968487574728,0.4662111585647334,0.0,0.0,0.0,0.0,"[0, 0, 0, 0, 0, 0, 0, 0, 0, 0, 0, 0, 0, 0, 0, 0, 0, 0, 0, 0, 0, 0, 0, 0, 0, 0, 0, 0, 0, 0]",0,train
SYN-1117,656.167488719728,15105.513739818269,6.098657835710586,57.0,121.36376276382124,14.370879021081237,753.1866279117726,0.14312867319267367,1412.1476006680207,305.9125877904113,0.651169644792836,1.0,1.0,0.0,3.0,"[0, 0, 0, 0, 0, 0, 0, 0, 0, 0, 0, 0, 0, 0, 0, 0, 0, 0, 0, 0, 0, 0, 0, 0, 0, 0, 0, 0, 3, 0]",0,train
SYN-1118,201.14849968613657,2430.774317117419,4.476580932190156,116.0,29.563919276232387,10.440690326709792,810.2437546785484,0.23884084154804971,574.6701983682453,25.853379484166723,0.2755044101590112,0.0,0.0,0.0,0.0,"[0, 0, 0, 0, 0, 0, 0, 0, 0, 0, 0, 0, 0, 0, 0, 0, 0, 0, 0, 0, 0, 0, 0, 0, 0, 0, 0, 0, 0, 0]",0,test
SYN-1119,259.11839744869127,5080.123543314261,3.455153962046588,59.0,87.57557978278287,7.341608173702823,833.9646358088164,0.6623749840727984,500.45358507934003,93.74794909681654,0.6997709566936626,3.0,1.0,0.0,35.0,"[0, 0, 0, 0, 0, 0, 0, 35, 0, 35, 0, 0, 0, 0, 0, 0, 0, 0, 0, 0, 0, 0, 0, 0, 35, 0, 0, 0, 0, 0]",0,validation
SYN-1120,287.14487464693093,5777.227276865068,10.78008885237504,91.0,60.29198117394186,11.697569919428412,730.6478831736047,0.6856079400236937,613.170828308937,93.2018931045712,0.5345520252355082,1.0,0.0,0.0,10.0,"[0, 0, 0, 0, 0, 10, 0, 0, 0, 0, 0, 0, 0, 0, 0, 0, 0, 0, 0, 0, 0, 0, 0, 0, 0, 0, 0, 0, 0, 0]",0,test
SYN-1121,214.94977764058706,3702.594795569562,4.063988751504672,117.0,63.714526304470795,9.749408391127083,799.7760700032601,0.25036242456926766,1404.1060590450713,38.381653226254464,0.4749769022856963,0.0,0.0,0.0,0.0,"[0, 0, 0, 0, 0, 0, 0, 0, 0, 0, 0, 0, 0, 0, 0, 0, 0, 0, 0, 0, 0, 0, 0, 0, 0, 0, 0, 0, 0, 0]",0,train
SYN-1122,380.74898340587913,7520.197162195468,5.205745295361343,97.0,75.3929938725763,12.016687079027362,790.6149193929438,0.4349555796254009,86.953798382842,95.14578758437615,0.44790344528683296,3.0,1.0,0.0,10.0,"[0, 0, 3, 0, 0, 0, 0, 0, 0, 0, 0, 0, 0, 0, 3, 0, 0, 0, 0, 0, 0, 0, 0, 0, 0, 10, 0, 0, 0, 0]",0,train
SYN-1123,257.73186290957597,1315.0740416735841,11.523974156306956,49.0,90.08180036227142,18.852418397358615,790.4339782102837,0.41448584084600165,236.6414108587131,33.77251664187505,0.4805549286996781,0.0,0.0,0.0,0.0,"[0, 0, 0, 0, 0, 0, 0, 0, 0, 0, 0, 0, 0, 0, 0, 0, 0, 0, 0, 0, 0, 0, 0, 0, 0, 0, 0, 0, 0, 0]",0,train
SYN-1124,215.0248248287359,1491.1963283578511,3.7103130776023687,98.0,26.720656873232663,15.514647028705948,894.1243884278344,0.8040720934738577,280.5815095707738,17.661202611261956,0.20640342118564273,1.0,1.0,0.0,10.0,"[0, 0, 0, 0, 0, 0, 0, 0, 0, 0, 0, 0, 0, 0, 0, 0, 0, 0, 0, 0, 0, 0, 0, 0, 0, 0, 0, 0, 10, 0]",0,validation
SYN-1125,136.34435090425137,1143.2264832997573,3.381385591878267,39.0,5.972903362517342,10.36595507354807,809.1530698085406,0.23075131505599283,175.48607685461894,30.994938283928175,0.27113585125654677,1.0,1.0,0.0,35.0,"[0, 0, 0, 0, 0, 0, 0, 0, 0, 0, 0, 0, 0, 0, 0, 0, 0, 0, 0, 0, 0, 0, 0, 0, 0, 0, 0, 0, 35, 0]",0,train
SYN-1126,185.67873168658105,591.0077975633398,6.009167371470864,118.0,7.220540477260294,14.242557173973386,732.4594759146396,0.3323950113650195,282.5557658087741,6.645382893830772,0.0746769608190573,0.0,0.0,0.0,0.0,"[0, 0, 0, 0, 0, 0, 0, 0, 0, 0, 0, 0, 0, 0, 0, 0, 0, 0, 0, 0, 0, 0, 0, 0, 0, 0, 0, 0, 0, 0]",0,train
SYN-1127,314.327940495364,4068.2781077586037,9.297529070539802,78.0,78.79839424171728,19.637052792889207,669.0977987027825,0.4916163391447555,562.4059095012427,69.69144645655672,0.4724042045522965,0.0,0.0,0.0,0.0,"[0, 0, 0, 0, 0, 0, 0, 0, 0, 0, 0, 0, 0, 0, 0, 0, 0, 0, 0, 0, 0, 0, 0, 0, 0, 0, 0, 0, 0, 0]",0,train
SYN-1128,204.64188911781534,3747.7672842901225,8.67793068590225,51.0,22.544416352616423,0.10719274106767873,826.8020258280386,0.3457156718021338,119.95244796627006,88.13033165162194,0.54082157119123,4.0,2.0,0.0,35.0,"[0, 0, 0, 0, 0, 0, 0, 0, 0, 0, 0, 0, 0, 0, 0, 0, 0, 35, 0, 0, 0, 0, 0, 35, 35, 0, 0, 0, 35, 0]",0,train
SYN-1129,273.58947760419716,1734.4089042979874,13.083637904243071,55.0,26.86487992753383,6.717366201690238,742.8239784291422,0.5979548973321164,532.4209420422214,42.09581681970396,0.2520590241668704,1.0,0.0,0.0,35.0,"[0, 0, 0, 0, 0, 0, 0, 0, 0, 35, 0, 0, 0, 0, 0, 0, 0, 0, 0, 0, 0, 0, 0, 0, 0, 0, 0, 0, 0, 0]",0,validation
SYN-1130,262.51013256841725,4354.778563080015,15.473141981598369,35.0,22.71626921111509,12.827356985364094,904.6747522096559,0.18151512785966797,153.99375066626195,155.38985409976047,0.678473328127463,0.0,0.0,0.0,0.0,"[0, 0, 0, 0, 0, 0, 0, 0, 0, 0, 0, 0, 0, 0, 0, 0, 0, 0, 0, 0, 0, 0, 0, 0, 0, 0, 0, 0, 0, 0]",0,train
SYN-1131,388.3809742174816,8853.061029680382,9.801794205703256,109.0,49.863928640117386,2.67939126808292,833.8997653451275,0.20586208963387173,809.215688850238,122.98331157783444,0.4450455910365027,1.0,0.0,0.0,3.0,"[0, 0, 0, 0, 0, 0, 0, 0, 0, 0, 0, 0, 0, 0, 0, 0, 3, 0, 0, 0, 0, 0, 0, 0, 0, 0, 0, 0, 0, 0]",0,train
SYN-1132,352.0993839346071,1209.4173186676746,12.439411209201499,15.0,16.583864889209153,18.614948183885055,730.9871702232458,0.3243889586887315,682.772304152253,87.47507116040259,0.29553853484997256,0.0,0.0,0.0,0.0,"[0, 0, 0, 0, 0, 0, 0, 0, 0, 0, 0, 0, 0, 0, 0, 0, 0, 0, 0, 0, 0, 0, 0, 0, 0, 0, 0, 0, 0, 0]",0,validation
SYN-1133,401.1474094444543,6036.253468142713,8.444410916746214,111.0,15.305358954279926,10.083047425793303,805.254367492091,0.4547772803409444,845.8242865031212,78.53819080727226,0.2339378182486965,1.0,0.0,0.0,10.0,"[0, 0, 0, 0, 0, 0, 0, 0, 0, 0, 0, 0, 0, 0, 0, 0, 0, 0, 0, 0, 0, 10, 0, 0, 0, 0, 0, 0, 0, 0]",0,test
SYN-1134,548.5466315131246,7770.526210485678,8.061942754153048,39.0,20.829467751314432,11.222706085173634,648.391629226625,0.5156128268148134,1660.2710739362556,227.14986907403778,0.45206610081866677,2.0,0.0,0.0,35.0,"[0, 0, 0, 0, 10, 0, 35, 0, 0, 0, 0, 0, 0, 0, 0, 0, 0, 0, 0, 0, 0, 0, 0, 0, 0, 0, 0, 0, 0, 0]",0,train
SYN-1135,306.13096412920225,3641.632766681897,7.439311741281622,31.0,65.17801541361422,11.955319136213351,672.7654940241794,0.6338308939922646,328.1365313429439,129.4840194315672,0.635878292804855,5.0,0.0,0.0,10.0,"[0, 0, 0, 0, 0, 0, 3, 0, 0, 10, 3, 0, 0, 0, 3, 0, 0, 0, 0, 0, 0, 0, 3, 0, 0, 0, 0, 0, 0, 0]",0,train
SYN-1136,299.85405310521423,1475.4149381375792,6.658145242758717,75.0,15.781701355563971,7.5246272616787735,671.3361780748983,0.6214861371744596,733.8150461891196,24.10214859088305,0.13301087490203903,0.0,0.0,0.0,0.0,"[0, 0, 0, 0, 0, 0, 0, 0, 0, 0, 0, 0, 0, 0, 0, 0, 0, 0, 0, 0, 0, 0, 0, 0, 0, 0, 0, 0, 0, 0]",0,test
SYN-1137,368.4444284831607,8432.691473604862,14.695661085595415,47.0,105.03331588932961,12.176319021421529,943.5290625267473,0.26209419020305696,452.50317822907033,237.04695856340155,0.928444693440019,4.0,0.0,0.0,10.0,"[0, 10, 0, 10, 0, 0, 0, 0, 0, 0, 0, 0, 0, 0, 0, 0, 0, 0, 0, 0, 0, 0, 10, 3, 0, 0, 0, 0, 0, 0]",1,train
SYN-1138,190.962171058223,3325.7125549511875,12.809255566056617,88.0,46.912066138681354,15.439647526889445,884.9361667268668,0.270645715113897,52.83081501203153,58.46825580583558,0.5518387299460856,1.0,1.0,0.0,3.0,"[0, 0, 0, 0, 0, 0, 0, 0, 0, 0, 0, 0, 0, 0, 0, 0, 0, 0, 0, 0, 0, 0, 0, 0, 0, 3, 0, 0, 0, 0]",0,train
SYN-1139,261.50262738087395,5885.184865129076,11.581120884910359,117.0,33.29922017357426,6.4496861473287215,877.6603270188383,0.1400255235367871,2892.8390747707504,84.15197591883346,0.44913964065585515,1.0,0.0,0.0,3.0,"[0, 0, 0, 0, 0, 0, 0, 0, 0, 0, 0, 0, 0, 0, 0, 0, 0, 0, 0, 0, 0, 3, 0, 0, 0, 0, 0, 0, 0, 0]",0,train
SYN-1140,325.71040909654465,4260.1313656109905,7.740353591704517,74.0,12.781717040192692,15.811718224685096,696.0501481477824,0.48749998418033713,1000.3356952510644,72.57979721955942,0.26207794370627524,1.0,0.0,0.0,65.0,"[0, 0, 0, 0, 0, 0, 0, 0, 0, 0, 0, 0, 0, 0, 65, 0, 0, 0, 0, 0, 0, 0, 0, 0, 0, 0, 0, 0, 0, 0]",0,validation
SYN-1141,1018.6422709184046,4096.049201984745,5.747227769908172,99.0,348.19033319393316,11.924201668800949,938.3870515603649,0.046696166225940736,270.412976403461,52.05236276503102,0.3929178155920298,0.0,0.0,0.0,0.0,"[0, 0, 0, 0, 0, 0, 0, 0, 0, 0, 0, 0, 0, 0, 0, 0, 0, 0, 0, 0, 0, 0, 0, 0, 0, 0, 0, 0, 0, 0]",0,validation
SYN-1142,619.7890745801689,14723.421354887876,9.232353692432223,114.0,82.8918625714524,15.538244430646033,733.6907262211432,0.7461614068994378,1447.6567963299933,194.43184628886905,0.4474485276272001,2.0,1.0,0.0,10.0,"[0, 0, 0, 10, 0, 0, 0, 0, 0, 0, 0, 0, 0, 0, 0, 0, 0, 0, 0, 0, 0, 0, 0, 0, 0, 0, 0, 10, 0, 0]",0,validation
SYN-1143,320.9702582873624,2379.0008735689094,7.6305263779834105,33.0,72.175068116306,4.633136039693639,824.5693262827012,0.45986595386926504,693.1803045272037,80.14716010570974,0.4745680457584413,5.0,2.0,0.0,65.0,"[65, 0, 0, 0, 0, 10, 0, 0, 0, 0, 0, 65, 0, 0, 0, 0, 0, 0, 0, 0, 0, 0, 0, 0, 65, 35, 0, 0, 0, 0]",0,validation
SYN-1144,376.4505925983767,2955.3301596903543,3.9074880568997123,81.0,15.703485089434325,1.1987331804224044,837.7238762647993,0.21460967422527127,500.5003997077092,41.56748884241092,0.1521341048676362,0.0,0.0,0.0,0.0,"[0, 0, 0, 0, 0, 0, 0, 0, 0, 0, 0, 0, 0, 0, 0, 0, 0, 0, 0, 0, 0, 0, 0, 0, 0, 0, 0, 0, 0, 0]",0,train
SYN-1145,214.42126521533064,2005.3262685967813,10.410655499643735,118.0,33.446875039016824,1.131997781384575,916.2072069205125,0.13586392346897078,238.03970324071784,27.219334721501617,0.28293000556448983,1.0,0.0,0.0,10.0,"[0, 0, 0, 0, 0, 0, 0, 0, 0, 10, 0, 0, 0, 0, 0, 0, 0, 0, 0, 0, 0, 0, 0, 0, 0, 0, 0, 0, 0, 0]",0,train
SYN-1146,633.0856182786794,4227.632095010007,11.601785537587364,101.0,93.33356657500649,14.660963254378824,812.3721656948929,0.2576432004915916,2865.624920423567,65.7555501762933,0.2512916296911834,0.0,0.0,0.0,0.0,"[0, 0, 0, 0, 0, 0, 0, 0, 0, 0, 0, 0, 0, 0, 0, 0, 0, 0, 0, 0, 0, 0, 0, 0, 0, 0, 0, 0, 0, 0]",0,train
SYN-1147,284.1164919334123,5127.975551499001,14.416578253332855,42.0,32.99137335379278,9.261406137137858,947.2277873757985,0.504098401244623,934.8040748397884,156.1941671955917,0.665873139788462,0.0,0.0,0.0,0.0,"[0, 0, 0, 0, 0, 0, 0, 0, 0, 0, 0, 0, 0, 0, 0, 0, 0, 0, 0, 0, 0, 0, 0, 0, 0, 0, 0, 0, 0, 0]",0,train
SYN-1148,320.26358734600313,6833.72908413238,4.301839306678137,20.0,48.84864623596311,15.655547059187619,800.3294888226824,0.582356213035115,328.4946405206617,354.69363675371153,1.260031733029018,11.0,0.0,0.0,35.0,"[0, 0, 0, 0, 35, 10, 3, 0, 35, 35, 0, 0, 35, 10, 3, 0, 0, 35, 0, 3, 0, 0, 10, 0, 0, 0, 0, 0, 0, 0]",0,train
SYN-1149,252.73977795613584,863.6891886257513,15.09031206264758,79.0,38.345660978672484,3.4650215939831375,754.1281661939068,0.6096423213317179,56.42697234494886,17.311298245897824,0.2202144817672105,0.0,0.0,0.0,0.0,"[0, 0, 0, 0, 0, 0, 0, 0, 0, 0, 0, 0, 0, 0, 0, 0, 0, 0, 0, 0, 0, 0, 0, 0, 0, 0, 0, 0, 0, 0]",0,validation
SYN-1150,419.80238031526864,6797.51353287342,7.11930775172107,120.0,106.918034413153,6.283495838283488,797.5846070406454,0.589514124251403,169.62236222222765,79.34350715585266,0.4436886266083688,1.0,1.0,0.0,3.0,"[0, 0, 0, 0, 0, 0, 0, 0, 0, 0, 0, 0, 0, 0, 0, 0, 0, 0, 0, 0, 0, 0, 0, 0, 0, 0, 0, 0, 3, 0]",0,train
SYN-1151,223.8163615268901,2133.155840795509,12.380472597912874,87.0,5.123881752623163,18.973027699241648,824.660032062123,0.6991235846397321,280.57344170591307,37.265614600300154,0.1893940910474076,0.0,0.0,0.0,0.0,"[0, 0, 0, 0, 0, 0, 0, 0, 0, 0, 0, 0, 0, 0, 0, 0, 0, 0, 0, 0, 0, 0, 0, 0, 0, 0, 0, 0, 0, 0]",1,train
SYN-1152,370.15634467804927,6055.720824524191,14.129117350393624,67.0,36.73982965387026,3.30592590818255,805.6633128118008,0.3653067655160602,522.8081330670236,131.17866973053395,0.45364209420874474,0.0,0.0,0.0,0.0,"[0, 0, 0, 0, 0, 0, 0, 0, 0, 0, 0, 0, 0, 0, 0, 0, 0, 0, 0, 0, 0, 0, 0, 0, 0, 0, 0, 0, 0, 0]",0,test
SYN-1153,191.49895870459423,2272.471051308675,12.882272559794222,23.0,64.88981516072292,2.974852713660996,869.3452340996568,0.01651079510395409,80.07811164356369,112.02901027762289,0.9238631198577967,4.0,0.0,0.0,10.0,"[0, 0, 0, 10, 3, 10, 0, 0, 0, 0, 0, 0, 0, 0, 0, 0, 0, 0, 3, 0, 0, 0, 0, 0, 0, 0, 0, 0, 0, 0]",0,test
SYN-1154,283.497198531212,4904.656268149367,15.221681003185367,118.0,8.294078889834909,5.824030951693873,817.4086020780969,0.11464355323266473,350.0565959354752,80.37631873297903,0.3127734527262062,3.0,0.0,0.0,35.0,"[0, 3, 0, 0, 0, 0, 0, 0, 0, 0, 0, 0, 0, 10, 0, 0, 0, 0, 0, 0, 35, 0, 0, 0, 0, 0, 0, 0, 0, 0]",0,train
SYN-1155,330.52667833952887,6261.361333129322,8.684535276802311,108.0,41.61894279514721,14.500829023146377,901.7008335229984,0.3505471521246302,131.1619267326908,83.75375265667282,0.3793118790944696,1.0,0.0,0.0,10.0,"[0, 10, 0, 0, 0, 0, 0, 0, 0, 0, 0, 0, 0, 0, 0, 0, 0, 0, 0, 0, 0, 0, 0, 0, 0, 0, 0, 0, 0, 0]",0,test
SYN-1156,402.82373109726865,3915.1795973002604,6.270194480099137,107.0,22.14401301852534,0.2674572165626121,828.2091053983294,0.46408949335438987,220.47276243220082,47.86046134475731,0.17378438497800142,0.0,0.0,0.0,0.0,"[0, 0, 0, 0, 0, 0, 0, 0, 0, 0, 0, 0, 0, 0, 0, 0, 0, 0, 0, 0, 0, 0, 0, 0, 0, 0, 0, 0, 0, 0]",0,validation
SYN-1157,239.45358805844302,4303.640166100857,12.403538781274015,70.0,74.89401178494639,15.48574274174246,891.3201061902295,0.26645122105464125,1019.0708747448563,86.68519972805697,0.6747830041852078,1.0,0.0,0.0,10.0,"[0, 0, 0, 0, 0, 0, 0, 0, 0, 0, 10, 0, 0, 0, 0, 0, 0, 0, 0, 0, 0, 0, 0, 0, 0, 0, 0, 0, 0, 0]",0,test
SYN-1158,266.7655277438277,3858.2866317591725,7.324770524742837,28.0,74.43183087795691,9.06462556580616,949.1374659192237,0.29232986652741016,79.211501485351,150.32576436888746,0.842528632345169,1.0,0.0,0.0,3.0,"[0, 0, 0, 0, 0, 0, 0, 0, 0, 0, 0, 0, 0, 0, 0, 0, 3, 0, 0, 0, 0, 0, 0, 0, 0, 0, 0, 0, 0, 0]",0,validation
SYN-1159,324.0924796264484,5051.360241103445,10.318235989576054,96.0,17.795541344264603,14.513497963303374,776.2021875655751,0.45567958144943643,224.12841784232577,77.50339751847734,0.29404859678504197,0.0,0.0,0.0,0.0,"[0, 0, 0, 0, 0, 0, 0, 0, 0, 0, 0, 0, 0, 0, 0, 0, 0, 0, 0, 0, 0, 0, 0, 0, 0, 0, 0, 0, 0, 0]",0,train
SYN-1160,782.0393565619034,6583.142807894139,12.415828034297208,82.0,218.94683398496534,2.4412965343041737,835.3493406585843,0.20367033776700585,6566.991187983511,119.48812615637492,0.432759498996584,0.0,0.0,0.0,0.0,"[0, 0, 0, 0, 0, 0, 0, 0, 0, 0, 0, 0, 0, 0, 0, 0, 0, 0, 0, 0, 0, 0, 0, 0, 0, 0, 0, 0, 0, 0]",0,test
SYN-1161,385.95457346351424,7755.334993604889,8.532965149531156,88.0,34.72813099356669,7.462144448809973,750.0268588431238,0.6640199364060155,430.8706368021202,118.86220330798407,0.39794925325860986,1.0,0.0,0.0,10.0,"[0, 0, 0, 0, 0, 10, 0, 0, 0, 0, 0, 0, 0, 0, 0, 0, 0, 0, 0, 0, 0, 0, 0, 0, 0, 0, 0, 0, 0, 0]",0,train
SYN-1162,606.4710438219898,14026.662648846426,3.972533581820622,58.0,55.705481330334806,11.766460003062413,667.4349207771701,0.6458605859539279,258.4904704011015,266.1976265077123,0.5307806714223465,5.0,0.0,0.0,10.0,"[3, 0, 0, 0, 3, 10, 0, 0, 0, 0, 0, 0, 0, 0, 0, 3, 0, 0, 0, 10, 0, 0, 0, 0, 0, 0, 0, 0, 0, 0]",0,train
SYN-1163,202.55082130517408,3086.2318052844653,6.161331116018779,61.0,8.855336760238298,19.11806958459083,809.0784632366173,0.5276987843901719,623.6527957277409,59.05863550486708,0.33529349240595024,0.0,0.0,0.0,0.0,"[0, 0, 0, 0, 0, 0, 0, 0, 0, 0, 0, 0, 0, 0, 0, 0, 0, 0, 0, 0, 0, 0, 0, 0, 0, 0, 0, 0, 0, 0]",0,train
SYN-1164,525.3420466818238,6220.282804331633,6.28421101346842,68.0,54.70031057601642,12.630889853531336,930.9707446884919,0.10505824432190641,230.91607816746787,108.96350220893598,0.31153762357056536,0.0,0.0,0.0,0.0,"[0, 0, 0, 0, 0, 0, 0, 0, 0, 0, 0, 0, 0, 0, 0, 0, 0, 0, 0, 0, 0, 0, 0, 0, 0, 0, 0, 0, 0, 0]",0,train
SYN-1165,125.81581935053174,969.4628653687303,8.069702236818564,82.0,9.580386936965592,15.35598945288147,718.122347735464,0.42768464259266215,129.68565060317798,15.419211755951158,0.19869996334297282,2.0,0.0,0.0,10.0,"[0, 0, 0, 0, 0, 0, 0, 0, 0, 0, 0, 0, 0, 0, 0, 0, 0, 0, 0, 3, 0, 0, 10, 0, 0, 0, 0, 0, 0, 0]",0,train
SYN-1166,585.6206073565174,7234.173987174429,14.24663929787809,89.0,198.9276650168719,19.371753782658594,914.9894115505112,0.42036825688747953,672.802254443682,132.09034184949903,0.565243098873486,0.0,0.0,0.0,0.0,"[0, 0, 0, 0, 0, 0, 0, 0, 0, 0, 0, 0, 0, 0, 0, 0, 0, 0, 0, 0, 0, 0, 0, 0, 0, 0, 0, 0, 0, 0]",0,train
SYN-1167,339.06211782524605,1880.0920490504866,6.141013824171117,99.0,80.65605900756819,18.31910981283183,947.793272422641,0.15280266479627866,1471.5378974201813,24.253536860648957,0.30941113841059636,0.0,0.0,0.0,0.0,"[0, 0, 0, 0, 0, 0, 0, 0, 0, 0, 0, 0, 0, 0, 0, 0, 0, 0, 0, 0, 0, 0, 0, 0, 0, 0, 0, 0, 0, 0]",0,test
SYN-1168,311.03767934838174,3005.967670117563,3.033734319217766,100.0,34.86395224168734,1.1070353245653086,866.2652047990238,0.3858608835461608,235.69054376746126,34.057099108273746,0.22158425144615737,2.0,1.0,0.0,10.0,"[0, 10, 0, 0, 0, 0, 0, 0, 0, 0, 0, 0, 0, 0, 0, 0, 0, 0, 0, 0, 0, 0, 0, 0, 0, 0, 0, 0, 10, 0]",0,train
SYN-1169,424.07265057108674,2019.836099184013,10.784533010793554,114.0,65.75221331046897,3.2789818189473485,793.7519788149517,0.4479534154763888,69.03555338532195,28.390390421748528,0.22199640463830503,1.0,1.0,0.0,35.0,"[0, 0, 0, 0, 0, 0, 0, 0, 0, 0, 0, 0, 0, 0, 0, 0, 0, 0, 0, 0, 0, 0, 0, 0, 0, 0, 0, 0, 35, 0]",0,validation
SYN-1170,444.2601432916692,8096.927512297422,4.456835310344195,27.0,76.68419380351149,3.346174912925153,845.1800331652234,0.10732759061818432,975.5868181393733,315.7296598550117,0.883297454394626,6.0,0.0,0.0,35.0,"[0, 35, 0, 3, 0, 0, 0, 0, 0, 0, 35, 3, 10, 0, 0, 0, 0, 0, 0, 0, 10, 0, 0, 0, 0, 0, 0, 0, 0, 0]",0,test
SYN-1171,457.2555194410798,2343.6105006148096,9.075093899538873,78.0,28.251557165281564,1.8570081380019854,800.8992851985869,0.46849109541204553,152.29951668743962,39.88463693485864,0.14901120096576542,0.0,0.0,0.0,0.0,"[0, 0, 0, 0, 0, 0, 0, 0, 0, 0, 0, 0, 0, 0, 0, 0, 0, 0, 0, 0, 0, 0, 0, 0, 0, 0, 0, 0, 0, 0]",0,train
SYN-1172,230.54649861329028,4436.270850125707,10.622076589691288,106.0,9.830417770781134,11.049014594317487,707.7464381571853,0.5086531694538062,276.07826530655655,64.68426942631822,0.3232089302821614,2.0,0.0,0.0,3.0,"[0, 0, 0, 0, 0, 0, 3, 0, 0, 0, 0, 0, 0, 0, 0, 0, 0, 3, 0, 0, 0, 0, 0, 0, 0, 0, 0, 0, 0, 0]",0,train
SYN-1173,472.9221507885457,5803.85923082989,4.144584554168652,72.0,112.99575505653915,12.376984615278069,778.021468146332,0.47262699911018896,965.1432805663077,91.18528473106967,0.4317434475149015,0.0,0.0,0.0,0.0,"[0, 0, 0, 0, 0, 0, 0, 0, 0, 0, 0, 0, 0, 0, 0, 0, 0, 0, 0, 0, 0, 0, 0, 0, 0, 0, 0, 0, 0, 0]",0,train
SYN-1174,237.13804167919858,3273.205312796728,8.173073956775653,120.0,34.067547702884426,8.155061954360413,787.2053800983799,0.3142960224994912,124.21139188072779,40.012987515042326,0.3123941426409485,1.0,0.0,0.0,3.0,"[0, 0, 0, 0, 0, 0, 0, 0, 0, 0, 0, 0, 0, 0, 0, 0, 3, 0, 0, 0, 0, 0, 0, 0, 0, 0, 0, 0, 0, 0]",0,train
SYN-1175,599.068643190997,7483.576254491772,14.510486612990558,66.0,117.1477803230171,13.570400149045776,818.5255403112237,0.3682351728483124,1992.4441788405502,165.23804124499893,0.4713747327248855,0.0,0.0,0.0,0.0,"[0, 0, 0, 0, 0, 0, 0, 0, 0, 0, 0, 0, 0, 0, 0, 0, 0, 0, 0, 0, 0, 0, 0, 0, 0, 0, 0, 0, 0, 0]",0,validation
SYN-1176,361.87134378465123,1651.463842825152,13.134198166602367,46.0,44.72101147062628,1.379198112969724,791.7567343365962,0.11481153930939167,277.5500525867974,45.886409251583196,0.2503857303940865,1.0,0.0,0.0,35.0,"[0, 0, 0, 0, 0, 0, 0, 0, 0, 0, 0, 0, 0, 35, 0, 0, 0, 0, 0, 0, 0, 0, 0, 0, 0, 0, 0, 0, 0, 0]",0,train
SYN-1177,496.9484345159763,2914.472677833451,11.477407737653703,81.0,138.38403248574275,11.574850995890444,908.8608702758854,0.44471978795910144,2827.724467141643,51.864290502179564,0.382833126686922,0.0,0.0,0.0,0.0,"[0, 0, 0, 0, 0, 0, 0, 0, 0, 0, 0, 0, 0, 0, 0, 0, 0, 0, 0, 0, 0, 0, 0, 0, 0, 0, 0, 0, 0, 0]",0,train
SYN-1178,467.09605702727123,3226.0975201344345,6.488176153475514,21.0,106.44205861967083,17.394142070990334,817.0695318547856,0.41434299797182367,1802.1632348730072,162.9246429796978,0.5766837410568032,0.0,0.0,0.0,0.0,"[0, 0, 0, 0, 0, 0, 0, 0, 0, 0, 0, 0, 0, 0, 0, 0, 0, 0, 0, 0, 0, 0, 0, 0, 0, 0, 0, 0, 0, 0]",0,validation
SYN-1179,246.8182976843382,3007.8635772077723,11.627825005096687,114.0,53.01346708229775,16.742556451650596,862.956233405003,0.2471565362060784,94.2804273028397,43.703053776658436,0.3918531233962615,0.0,0.0,0.0,0.0,"[0, 0, 0, 0, 0, 0, 0, 0, 0, 0, 0, 0, 0, 0, 0, 0, 0, 0, 0, 0, 0, 0, 0, 0, 0, 0, 0, 0, 0, 0]",0,validation
SYN-1180,220.19663148453085,4872.569493813421,3.5116499709938207,80.0,40.07549121889339,1.9090893897519035,684.9860741694887,0.44458201031646427,723.8879548405533,68.40319814874687,0.4926446360068912,5.0,0.0,0.0,35.0,"[0, 0, 0, 0, 35, 0, 0, 0, 0, 0, 0, 0, 3, 0, 0, 0, 0, 0, 0, 0, 3, 3, 35, 0, 0, 0, 0, 0, 0, 0]",0,train
SYN-1181,337.1823841417109,1147.3708106370213,5.892572336519304,80.0,53.21559154711439,19.74948027300195,602.4700665619438,0.7690721424825487,840.815261899245,17.377910160064886,0.20936295912039782,1.0,0.0,0.0,10.0,"[0, 0, 0, 0, 0, 0, 0, 0, 0, 0, 0, 10, 0, 0, 0, 0, 0, 0, 0, 0, 0, 0, 0, 0, 0, 0, 0, 0, 0, 0]",0,test
SYN-1182,247.20703159089416,4269.230162283522,5.327130399639881,71.0,31.18506243783867,3.201230464196483,971.4015873376592,0.16297558987581579,1430.298370247547,70.23539150017112,0.4102652472517517,0.0,0.0,0.0,0.0,"[0, 0, 0, 0, 0, 0, 0, 0, 0, 0, 0, 0, 0, 0, 0, 0, 0, 0, 0, 0, 0, 0, 0, 0, 0, 0, 0, 0, 0, 0]",0,test
SYN-1183,909.485695044485,4466.194066304215,11.526993224318545,70.0,214.47216854337466,0.4434822744583933,901.0141319982674,0.3603267625976303,1445.01717796855,87.93426944243441,0.3325026876547164,2.0,2.0,0.0,10.0,"[0, 0, 0, 0, 0, 0, 0, 0, 0, 0, 0, 0, 0, 0, 0, 0, 0, 0, 0, 0, 0, 0, 0, 0, 0, 10, 0, 0, 10, 0]",0,train
SYN-1184,115.75443155131417,1387.7811715722085,9.065056564516649,21.0,3.781216771158962,8.55852481630972,848.3491206541368,0.18658785213473128,21.47172966698121,71.71392538826142,0.6522008803261518,0.0,0.0,0.0,0.0,"[0, 0, 0, 0, 0, 0, 0, 0, 0, 0, 0, 0, 0, 0, 0, 0, 0, 0, 0, 0, 0, 0, 0, 0, 0, 0, 0, 0, 0, 0]",0,test
SYN-1185,193.53016430685005,1141.1457111610584,4.023655707589934,114.0,11.07410811947453,1.765229447976182,692.0005521717734,0.6140306435278606,437.8442741968376,12.06136509761585,0.11954453353539313,0.0,0.0,0.0,0.0,"[0, 0, 0, 0, 0, 0, 0, 0, 0, 0, 0, 0, 0, 0, 0, 0, 0, 0, 0, 0, 0, 0, 0, 0, 0, 0, 0, 0, 0, 0]",0,train
SYN-1186,314.8803947255172,1962.6763190702711,7.667485323683182,27.0,101.1194361981964,10.840584328295048,656.556435865964,0.6114125553732639,586.3544958282392,79.37366255046516,0.5732116123202853,6.0,1.0,0.0,10.0,"[3, 0, 10, 0, 0, 0, 0, 0, 0, 0, 0, 10, 0, 0, 3, 10, 0, 0, 0, 0, 0, 0, 0, 0, 0, 0, 0, 10, 0, 0]",0,train
SYN-1187,615.7303697143593,3114.3909962223947,7.277015009446593,13.0,197.67974415362178,12.418331970712293,761.1553665460682,0.6555333656970453,1122.4906289127975,249.8609981573202,0.7268453276367683,2.0,1.0,0.0,10.0,"[0, 0, 0, 0, 0, 0, 10, 0, 0, 0, 0, 0, 0, 0, 0, 0, 0, 0, 0, 0, 0, 0, 0, 0, 0, 3, 0, 0, 0, 0]",0,test
SYN-1188,409.7842033178871,5691.467412971899,10.465239651637145,88.0,12.956819602782115,5.579075635425285,895.7744834671291,0.11980480337557985,682.9517187972289,92.90541646080659,0.2583365469104402,0.0,0.0,0.0,0.0,"[0, 0, 0, 0, 0, 0, 0, 0, 0, 0, 0, 0, 0, 0, 0, 0, 0, 0, 0, 0, 0, 0, 0, 0, 0, 0, 0, 0, 0, 0]",0,train
SYN-1189,388.5725716258879,8296.941998008831,13.261910309175603,117.0,44.82966688254374,12.589460655838158,751.3471315648147,0.3695929979603623,711.4891045300824,126.71795667059031,0.4414815560329813,1.0,0.0,0.0,10.0,"[0, 0, 0, 0, 0, 0, 0, 0, 0, 0, 0, 0, 0, 0, 10, 0, 0, 0, 0, 0, 0, 0, 0, 0, 0, 0, 0, 0, 0, 0]",0,validation
SYN-1190,140.7903359311911,2448.2447950459796,8.713603280233524,40.0,45.495219174425635,13.666020733256396,799.5450989124554,0.7762446941231796,232.44138710058675,70.74497845756451,0.8256262538417452,1.0,0.0,0.0,10.0,"[0, 0, 0, 10, 0, 0, 0, 0, 0, 0, 0, 0, 0, 0, 0, 0, 0, 0, 0, 0, 0, 0, 0, 0, 0, 0, 0, 0, 0, 0]",0,train
SYN-1191,337.8161261907014,4383.470492541834,7.513671029829368,35.0,39.82371223214907,13.06740684321938,1000.0,0.29683798359393204,79.56282931230433,139.85629701457964,0.5318870098738184,0.0,0.0,0.0,0.0,"[0, 0, 0, 0, 0, 0, 0, 0, 0, 0, 0, 0, 0, 0, 0, 0, 0, 0, 0, 0, 0, 0, 0, 0, 0, 0, 0, 0, 0, 0]",0,train
SYN-1192,216.22511284035002,706.6576315418184,3.52579808641378,104.0,26.077288547808998,11.409482473756254,757.9197900805378,0.5508720371631893,202.88933094362287,7.8956117822969345,0.15711819910201572,0.0,0.0,0.0,0.0,"[0, 0, 0, 0, 0, 0, 0, 0, 0, 0, 0, 0, 0, 0, 0, 0, 0, 0, 0, 0, 0, 0, 0, 0, 0, 0, 0, 0, 0, 0]",1,train
SYN-1193,213.25439171336558,652.6426524488646,9.493807918298511,116.0,36.70497707008806,12.728430713805816,874.7581137344613,0.34794524410015293,137.1143586464699,8.618109734911679,0.21253061398106318,0.0,0.0,0.0,0.0,"[0, 0, 0, 0, 0, 0, 0, 0, 0, 0, 0, 0, 0, 0, 0, 0, 0, 0, 0, 0, 0, 0, 0, 0, 0, 0, 0, 0, 0, 0]",0,test
SYN-1194,551.7697893014407,3104.118602183883,14.781651706138765,63.0,59.07743007844722,12.028435528892253,852.8415140582066,0.21632978582579224,213.55221838509786,71.12652513254183,0.23597514350293022,0.0,0.0,0.0,0.0,"[0, 0, 0, 0, 0, 0, 0, 0, 0, 0, 0, 0, 0, 0, 0, 0, 0, 0, 0, 0, 0, 0, 0, 0, 0, 0, 0, 0, 0, 0]",0,train
SYN-1195,680.0174224866993,12733.376106568965,7.3226366009179,102.0,84.77210356332381,10.625905495099868,675.9921542348424,0.6502638048287045,1529.8317164446855,168.06078869308658,0.37180355075587146,1.0,0.0,0.0,10.0,"[0, 0, 0, 0, 0, 0, 0, 0, 0, 0, 0, 0, 0, 0, 0, 0, 0, 0, 10, 0, 0, 0, 0, 0, 0, 0, 0, 0, 0, 0]",0,train
SYN-1196,272.6799277375752,1701.8275090678835,10.99853780112408,77.0,42.01452312540808,0.9486149266635047,717.7215604461124,0.6024898793711138,257.664894174027,30.90753543025555,0.267427306295325,6.0,0.0,0.0,35.0,"[0, 3, 3, 0, 0, 3, 35, 0, 0, 0, 0, 0, 0, 3, 0, 0, 0, 3, 0, 0, 0, 0, 0, 0, 0, 0, 0, 0, 0, 0]",0,test
SYN-1197,441.42069517147587,2290.5084701749156,7.22177998865854,93.0,32.14266005816417,17.036090045474456,826.82144697949,0.6412504711413375,828.4580657234131,32.23316691485209,0.14583780886849584,1.0,0.0,0.0,10.0,"[0, 0, 0, 0, 0, 0, 0, 0, 0, 0, 0, 0, 10, 0, 0, 0, 0, 0, 0, 0, 0, 0, 0, 0, 0, 0, 0, 0, 0, 0]",0,validation
SYN-1198,149.13073594942404,703.6233704849928,3.5930218449771147,105.0,3.167278415978022,1.0664098342965822,780.2846366530716,0.48873421062444933,183.65603577879816,7.8196144220119015,0.07367289357249603,3.0,1.0,0.0,35.0,"[0, 0, 0, 0, 0, 10, 0, 0, 0, 0, 0, 0, 0, 0, 3, 0, 0, 0, 0, 0, 0, 0, 0, 0, 0, 0, 0, 35, 0, 0]",0,test
SYN-1199,269.8069211211187,6335.259199886307,7.3993294840723065,23.0,61.964378553591224,4.816678525131584,745.9246798768074,0.13373023273813042,86.04571449313721,296.2864439371426,1.3278044202947334,24.0,4.0,1.0,35.0,"[0, 35, 10, 10, 3, 10, 3, 0, 0, 3, 3, 35, 10, 10, 35, 10, 35, 3, 0, 35, 3, 3, 3, 3, 3, 10, 10, 0, 0, 10]",1,test
SYN-1200,295.0051475290662,3025.7848950208017,5.5377047138835405,94.0,97.72400640057735,12.947248773245654,836.3355726071572,0.428791749050471,18.28286242429876,39.74707308701354,0.4659955280070025,3.0,0.0,0.0,65.0,"[0, 0, 0, 0, 0, 0, 0, 0, 0, 65, 0, 0, 0, 0, 0, 0, 3, 3, 0, 0, 0, 0, 0, 0, 0, 0, 0, 0, 0, 0]",0,test
SYN-1201,219.4061998669302,3913.3896089209234,8.27310821398374,15.0,43.41750813281641,18.411854200771135,713.954760730633,0.2518852681706612,218.94826422997514,275.51256699410186,1.4536055741376008,18.0,2.0,0.0,35.0,"[0, 0, 3, 3, 35, 3, 35, 0, 35, 3, 10, 0, 35, 3, 3, 10, 10, 35, 0, 0, 0, 0, 3, 10, 0, 3, 0, 3, 0, 0]",1,train
SYN-1202,389.54568573818756,5837.254790945727,7.424597784009657,105.0,105.72985918208563,16.047533217273006,785.2094869250703,0.5195617657730239,465.0920451556275,75.75846006348694,0.4658973925013517,1.0,0.0,0.0,3.0,"[0, 0, 0, 3, 0, 0, 0, 0, 0, 0, 0, 0, 0, 0, 0, 0, 0, 0, 0, 0, 0, 0, 0, 0, 0, 0, 0, 0, 0, 0]",0,train
SYN-1203,486.72123059632327,5193.410507404251,15.77742318132755,31.0,21.7211797692384,8.762251866025665,846.4667010140009,0.43472627238867906,189.81219827890632,205.0672355209806,0.46595135168515533,1.0,0.0,0.0,3.0,"[0, 0, 0, 0, 0, 0, 0, 0, 0, 0, 0, 0, 0, 0, 0, 3, 0, 0, 0, 0, 0, 0, 0, 0, 0, 0, 0, 0, 0, 0]",0,train
SYN-1204,174.36383799112832,3673.4895752637103,11.21980055921711,112.0,13.615626628436965,1.4730657343149955,828.5513619456999,0.5559614018242213,401.3690771733022,53.056036116240634,0.38237092916060883,3.0,0.0,0.0,35.0,"[0, 0, 0, 0, 0, 0, 0, 0, 0, 0, 0, 0, 0, 0, 0, 0, 35, 3, 10, 0, 0, 0, 0, 0, 0, 0, 0, 0, 0, 0]",0,train
SYN-1205,374.7503866445707,7347.655856623053,13.580902456639917,26.0,7.746352660659142,4.5396319920920325,896.2718786808524,0.15833390463797617,908.594265077708,327.801308226049,0.8953897656814319,3.0,2.0,0.0,10.0,"[0, 0, 0, 0, 0, 0, 0, 0, 0, 0, 0, 0, 0, 0, 0, 0, 0, 0, 0, 0, 0, 0, 10, 0, 3, 0, 0, 10, 0, 0]",0,test
SYN-1206,141.02101210328217,564.0758201023683,15.79460625669844,73.0,44.77413554435311,9.928482110039996,734.3154954239758,0.35599762379818384,68.75779678471648,12.071857688613777,0.4031030013550997,0.0,0.0,0.0,0.0,"[0, 0, 0, 0, 0, 0, 0, 0, 0, 0, 0, 0, 0, 0, 0, 0, 0, 0, 0, 0, 0, 0, 0, 0, 0, 0, 0, 0, 0, 0]",0,train
SYN-1207,354.3259984839984,8400.662198241263,8.665539224357236,70.0,68.61297387468193,12.826237304711888,781.4764094836991,0.4024050133594154,3000.4312786780483,153.30954685366973,0.6263229954275394,1.0,0.0,0.0,3.0,"[0, 0, 0, 0, 0, 0, 0, 0, 0, 0, 0, 0, 3, 0, 0, 0, 0, 0, 0, 0, 0, 0, 0, 0, 0, 0, 0, 0, 0, 0]",0,train
SYN-1208,194.1332430709574,3406.864987958939,5.535378411187388,29.0,41.337830895042465,2.8563750579196068,887.663305846589,0.28600520846598176,381.70681160973294,125.78120024269322,0.860847057897509,3.0,0.0,0.0,10.0,"[0, 0, 0, 0, 0, 3, 0, 0, 0, 10, 0, 0, 0, 0, 0, 0, 0, 3, 0, 0, 0, 0, 0, 0, 0, 0, 0, 0, 0, 0]",0,train
SYN-1209,235.6828555175849,2509.1125956172277,7.235793736912868,102.0,79.5760875223752,8.38183060611394,800.0208015833936,0.5084005616843577,76.62761249049102,33.006302730085075,0.47768595643165146,0.0,0.0,0.0,0.0,"[0, 0, 0, 0, 0, 0, 0, 0, 0, 0, 0, 0, 0, 0, 0, 0, 0, 0, 0, 0, 0, 0, 0, 0, 0, 0, 0, 0, 0, 0]",0,validation
SYN-1210,381.3743120808006,3464.1915359091686,12.832538000259884,97.0,21.0136347907802,11.201468953161537,824.4293770772083,0.05710586524099459,782.7376087431383,57.55671184346994,0.20601897963595325,1.0,1.0,1.0,3.0,"[0, 0, 0, 0, 0, 0, 0, 0, 0, 0, 0, 0, 0, 0, 0, 0, 0, 0, 0, 0, 0, 0, 0, 0, 0, 0, 0, 0, 0, 3]",0,test
SYN-1211,381.34687516802353,3479.070736415308,4.1994547720156925,18.0,44.24225933978532,2.825780411191492,976.0874292542574,0.20480153185587133,1023.2456103858827,199.77108871781138,0.6398724204835377,0.0,0.0,0.0,0.0,"[0, 0, 0, 0, 0, 0, 0, 0, 0, 0, 0, 0, 0, 0, 0, 0, 0, 0, 0, 0, 0, 0, 0, 0, 0, 0, 0, 0, 0, 0]",0,train
SYN-1212,302.3216301623708,2694.706503039193,11.865550141014388,83.0,79.73964783041478,11.488031048780103,755.8195570144462,0.19423259335045626,1120.786347942877,47.74268064291761,0.4216778283606906,0.0,0.0,0.0,0.0,"[0, 0, 0, 0, 0, 0, 0, 0, 0, 0, 0, 0, 0, 0, 0, 0, 0, 0, 0, 0, 0, 0, 0, 0, 0, 0, 0, 0, 0, 0]",0,train
SYN-1213,340.99121735702636,2912.237904234559,10.809589103663985,12.0,26.240592710203376,17.600145360521374,775.7452895836469,0.4983609056611087,552.6384368646957,257.1298304399139,0.831019711728884,2.0,1.0,0.0,10.0,"[0, 0, 0, 0, 0, 0, 0, 0, 0, 0, 0, 0, 0, 0, 0, 3, 0, 0, 0, 0, 0, 0, 0, 0, 0, 0, 10, 0, 0, 0]",0,validation
SYN-1214,773.4971242578393,10318.730199917936,11.741146942605871,109.0,187.78985114348993,17.590110375669806,869.8282879538531,0.3644443642743764,2865.0544809459775,154.37632036020943,0.44236256447883177,1.0,0.0,0.0,3.0,"[0, 0, 0, 0, 0, 0, 0, 0, 0, 0, 0, 0, 0, 0, 0, 0, 0, 0, 3, 0, 0, 0, 0, 0, 0, 0, 0, 0, 0, 0]",0,train
SYN-1215,158.74285282685108,1853.3975912045114,6.7427009528009645,47.0,19.713167955807286,19.269679669786946,711.1735540212002,0.625716281044133,319.9106739936947,44.980002108164065,0.4075343797338422,0.0,0.0,0.0,0.0,"[0, 0, 0, 0, 0, 0, 0, 0, 0, 0, 0, 0, 0, 0, 0, 0, 0, 0, 0, 0, 0, 0, 0, 0, 0, 0, 0, 0, 0, 0]",0,train
SYN-1216,249.93676432542625,3642.482664847726,6.102794849428662,92.0,81.26795187403133,18.59177196118236,925.5131634238137,0.21808440156304207,510.9767335524464,49.67284965424659,0.5238957217105863,0.0,0.0,0.0,0.0,"[0, 0, 0, 0, 0, 0, 0, 0, 0, 0, 0, 0, 0, 0, 0, 0, 0, 0, 0, 0, 0, 0, 0, 0, 0, 0, 0, 0, 0, 0]",0,test
SYN-1217,308.3099185230755,5870.083955896715,4.586055799631303,88.0,56.131896668748496,15.867928406527101,795.4788098187006,0.6448203527630114,386.18145924054846,78.67612475673356,0.43724840923465885,2.0,0.0,0.0,10.0,"[0, 0, 0, 0, 0, 0, 0, 0, 0, 0, 0, 0, 0, 0, 3, 0, 0, 0, 0, 10, 0, 0, 0, 0, 0, 0, 0, 0, 0, 0]",0,test
SYN-1218,175.68103326081422,1022.8066113434712,15.49978501194683,50.0,51.75749451171193,2.086009270609994,833.0155013615337,0.3546302078746893,283.79065789803076,27.895143462278885,0.45339349670000717,2.0,0.0,0.0,10.0,"[0, 0, 0, 0, 0, 0, 0, 0, 0, 0, 10, 10, 0, 0, 0, 0, 0, 0, 0, 0, 0, 0, 0, 0, 0, 0, 0, 0, 0, 0]",0,test
SYN-1219,656.4333468605762,6733.282396081372,15.024871953672077,45.0,118.95985070535379,4.186332781945945,548.9590027809518,0.6702448979407745,1530.132183837625,196.62947545629686,0.4807637023179454,6.0,1.0,0.0,10.0,"[0, 0, 0, 10, 3, 0, 0, 0, 0, 0, 0, 0, 10, 0, 0, 10, 3, 0, 0, 0, 0, 0, 0, 0, 0, 3, 0, 0, 0, 0]",0,train
SYN-1220,479.75942985216824,8582.865915854334,6.916868432672808,117.0,134.83401256356458,17.09063146418731,780.8913143055005,0.07064290424905484,398.86778174538966,101.05676715738169,0.49168555122227203,0.0,0.0,0.0,0.0,"[0, 0, 0, 0, 0, 0, 0, 0, 0, 0, 0, 0, 0, 0, 0, 0, 0, 0, 0, 0, 0, 0, 0, 0, 0, 0, 0, 0, 0, 0]",0,test
SYN-1221,331.3073594875261,6214.92617600878,12.322749118609252,53.0,101.86872871275997,9.175810138925895,823.0581146423438,0.3642530243533809,1023.9030174683462,152.64005153123983,0.7681953719279881,3.0,0.0,0.0,65.0,"[0, 0, 0, 0, 0, 0, 65, 0, 0, 0, 0, 10, 0, 35, 0, 0, 0, 0, 0, 0, 0, 0, 0, 0, 0, 0, 0, 0, 0, 0]",0,train
SYN-1222,314.72907466407213,1422.4217350875203,15.658871218078522,54.0,19.769865937006987,1.828906253260194,860.6961553061471,0.15997187592347145,114.00902610889217,36.86740614155348,0.17995564006602371,1.0,0.0,0.0,10.0,"[10, 0, 0, 0, 0, 0, 0, 0, 0, 0, 0, 0, 0, 0, 0, 0, 0, 0, 0, 0, 0, 0, 0, 0, 0, 0, 0, 0, 0, 0]",0,test
SYN-1223,256.53569057175315,1662.726422313498,7.505661703856378,37.0,27.646479791923916,16.156463944591597,730.6629776312351,0.40614187183667105,73.27118600071506,50.47865137302811,0.3045390331100942,1.0,1.0,0.0,3.0,"[0, 0, 0, 0, 0, 0, 0, 0, 0, 0, 0, 0, 0, 0, 0, 0, 0, 0, 0, 0, 0, 0, 0, 0, 0, 3, 0, 0, 0, 0]",0,train
SYN-1224,138.17785540591774,2684.3890787667283,7.23405725663971,41.0,12.01206785374699,10.13631353181246,832.0497055318485,0.26472123251945856,343.0298440367163,74.09328899065717,0.6231487425496439,2.0,0.0,0.0,35.0,"[0, 0, 0, 0, 0, 0, 0, 0, 0, 0, 0, 0, 0, 0, 3, 0, 0, 0, 0, 0, 0, 0, 35, 0, 0, 0, 0, 0, 0, 0]",0,train
SYN-1225,643.2403766669809,13529.5076091944,8.390802681687918,102.0,149.08494133242783,8.884812158165252,812.7687768611086,0.2496134693837752,1145.9355789148133,185.9633880179228,0.5208757744444457,0.0,0.0,0.0,0.0,"[0, 0, 0, 0, 0, 0, 0, 0, 0, 0, 0, 0, 0, 0, 0, 0, 0, 0, 0, 0, 0, 0, 0, 0, 0, 0, 0, 0, 0, 0]",0,train
SYN-1226,1097.1904174411955,20664.336338421577,6.778727539113548,14.0,63.67522134255569,15.817597485546475,758.3887479042011,0.3658148750407124,758.9303054343746,1539.3219565969189,1.4610018028391942,16.0,3.0,0.0,65.0,"[0, 35, 35, 3, 0, 0, 0, 3, 65, 0, 3, 3, 0, 35, 0, 3, 10, 10, 10, 35, 0, 0, 0, 0, 0, 3, 3, 65, 0, 0]",1,train
SYN-1227,603.7601751935881,11378.341628385551,3.845662557092666,96.0,193.69553118664473,12.790415344676479,902.8000109045446,0.13963421292641234,360.7534389909609,137.87830761810818,0.5491813677482751,0.0,0.0,0.0,0.0,"[0, 0, 0, 0, 0, 0, 0, 0, 0, 0, 0, 0, 0, 0, 0, 0, 0, 0, 0, 0, 0, 0, 0, 0, 0, 0, 0, 0, 0, 0]",0,validation
SYN-1228,298.7625275850215,6576.81805304859,13.087783411463956,18.0,103.32166206441732,5.332197109287009,683.9096757846683,0.4577447353003464,236.61016196354518,404.39905429396066,1.69941230736807,28.0,6.0,1.0,35.0,"[10, 3, 35, 10, 3, 3, 3, 0, 35, 35, 35, 35, 3, 0, 3, 3, 35, 3, 10, 35, 10, 35, 3, 3, 3, 35, 3, 35, 35, 35]",1,train
SYN-1229,483.2935177988572,9165.824699673673,4.985080122795848,90.0,154.98632418322904,7.577960763614855,903.5593228602186,0.07315921347217827,349.06713005914867,122.27353667400448,0.5736883501355523,0.0,0.0,0.0,0.0,"[0, 0, 0, 0, 0, 0, 0, 0, 0, 0, 0, 0, 0, 0, 0, 0, 0, 0, 0, 0, 0, 0, 0, 0, 0, 0, 0, 0, 0, 0]",0,test
SYN-1230,357.69661589009866,7122.38910755277,4.002252114913901,32.0,27.61907910600446,8.697694555862638,820.1345807114003,0.07395655008771183,275.76257902278843,235.03383230984593,0.7342896179273606,1.0,0.0,0.0,35.0,"[0, 0, 0, 0, 0, 0, 0, 0, 0, 0, 35, 0, 0, 0, 0, 0, 0, 0, 0, 0, 0, 0, 0, 0, 0, 0, 0, 0, 0, 0]",0,train
SYN-1231,484.59437949068024,5505.814434801465,14.376138265033275,117.0,136.61015111589538,15.38262288885759,840.992432302546,0.35965234068252394,227.60055603278127,87.74160267375981,0.4629681302235779,0.0,0.0,0.0,0.0,"[0, 0, 0, 0, 0, 0, 0, 0, 0, 0, 0, 0, 0, 0, 0, 0, 0, 0, 0, 0, 0, 0, 0, 0, 0, 0, 0, 0, 0, 0]",0,train
SYN-1232,376.1499908204115,2581.341364892813,6.4737469553964235,70.0,128.3826883394711,19.549158552287096,808.4406807561214,0.6612013029419325,178.4105010608841,44.37461366319548,0.4592776983082463,1.0,0.0,0.0,10.0,"[0, 0, 0, 0, 0, 0, 0, 0, 0, 0, 0, 0, 0, 0, 0, 0, 0, 10, 0, 0, 0, 0, 0, 0, 0, 0, 0, 0, 0, 0]",0,train
SYN-1233,233.15755608380152,1914.1126379816305,13.922132477520902,42.0,54.74982907853768,13.09092949060863,844.1354343752898,0.3512872323254718,243.6074828713835,57.83459474703506,0.48286843333144064,0.0,0.0,0.0,0.0,"[0, 0, 0, 0, 0, 0, 0, 0, 0, 0, 0, 0, 0, 0, 0, 0, 0, 0, 0, 0, 0, 0, 0, 0, 0, 0, 0, 0, 0, 0]",0,test
SYN-1234,378.71837576698715,3804.0423269173225,3.688661258631817,47.0,28.94248491462785,6.529611133095536,778.9504600100264,0.6478826365541172,1919.2955041783302,87.0485099703324,0.3062724238031842,0.0,0.0,0.0,0.0,"[0, 0, 0, 0, 0, 0, 0, 0, 0, 0, 0, 0, 0, 0, 0, 0, 0, 0, 0, 0, 0, 0, 0, 0, 0, 0, 0, 0, 0, 0]",0,train
SYN-1235,517.80213085498,10042.764733814638,10.57710264638085,14.0,176.20605903161538,1.5969826541967191,788.1421668564606,0.02246252281365535,1581.9931460678317,765.6629096592427,1.8189746865963474,29.0,5.0,1.0,35.0,"[10, 10, 3, 3, 3, 10, 10, 3, 10, 35, 3, 3, 3, 10, 10, 3, 10, 10, 10, 10, 10, 10, 3, 10, 3, 3, 0, 10, 35, 35]",1,test
SYN-1236,772.2218036475825,18126.917990933292,11.761813187564131,45.0,242.74334381624715,19.830534708055506,863.2998243823075,0.5580365174724568,3548.218604870609,500.1047633605236,0.9619620990600558,3.0,0.0,0.0,3.0,"[0, 0, 3, 0, 0, 0, 0, 0, 0, 3, 0, 0, 0, 0, 0, 0, 0, 0, 0, 0, 0, 0, 3, 0, 0, 0, 0, 0, 0, 0]",0,train
SYN-1237,224.83239460113546,4007.2639182540247,9.735845233014086,42.0,74.93776898296177,14.356424326423339,742.486067585121,0.3757297824507381,523.8273139129411,112.9711700875375,0.8357734187008935,1.0,0.0,0.0,3.0,"[0, 0, 0, 0, 0, 0, 0, 0, 0, 0, 0, 0, 0, 0, 0, 0, 0, 3, 0, 0, 0, 0, 0, 0, 0, 0, 0, 0, 0, 0]",0,train
SYN-1238,155.92814943705582,3348.588725521591,7.548533163233137,46.0,11.029839703440613,0.45164347621687195,770.5527365683856,0.4494849270798675,11.822254281472533,84.06181599126921,0.6098427771894765,5.0,0.0,0.0,35.0,"[0, 0, 3, 0, 3, 0, 0, 0, 0, 0, 0, 3, 0, 10, 0, 0, 0, 0, 35, 0, 0, 0, 0, 0, 0, 0, 0, 0, 0, 0]",0,test
SYN-1239,615.1910139781279,11782.106349394746,10.527288466906347,24.0,34.05131354158069,18.99356221422858,841.2149658051758,0.40065278575183927,478.1430041620085,546.5563000814899,0.9437842888318151,2.0,0.0,0.0,3.0,"[0, 0, 0, 0, 0, 0, 0, 0, 0, 3, 0, 3, 0, 0, 0, 0, 0, 0, 0, 0, 0, 0, 0, 0, 0, 0, 0, 0, 0, 0]",1,train
SYN-1240,454.0452583121318,5126.483087776059,12.636096314740204,52.0,144.39899369299647,10.203182742389686,760.4238304929912,0.6785732353348343,1037.1696012618725,128.5338260522719,0.6011136880051761,1.0,0.0,0.0,3.0,"[0, 3, 0, 0, 0, 0, 0, 0, 0, 0, 0, 0, 0, 0, 0, 0, 0, 0, 0, 0, 0, 0, 0, 0, 0, 0, 0, 0, 0, 0]",0,test
SYN-1241,397.88308594269336,2554.045454238115,4.6597232843312035,20.0,76.49713763336052,2.552096467600251,630.4337087150601,0.4986093109553692,1806.8422965318957,132.97291805244564,0.5264613226508852,3.0,0.0,0.0,35.0,"[0, 0, 3, 3, 0, 0, 0, 0, 0, 0, 0, 0, 0, 0, 0, 0, 0, 0, 35, 0, 0, 0, 0, 0, 0, 0, 0, 0, 0, 0]",0,train
SYN-1242,407.9015323739724,5894.663023164094,11.354591193433823,116.0,97.0852887034368,1.5614218132628954,886.0746333750535,0.22416203804121615,697.0513741934066,83.92373525290013,0.4437566657395741,3.0,2.0,1.0,35.0,"[0, 0, 0, 0, 0, 0, 0, 0, 0, 0, 0, 0, 0, 0, 0, 10, 0, 0, 0, 0, 0, 0, 0, 0, 0, 0, 10, 0, 0, 35]",0,validation
SYN-1243,288.2246007106274,3441.1678037762385,6.751092567321979,26.0,59.43574968314997,2.62751481267514,904.7627982180595,0.41510078802562966,180.14790989632638,142.6396525002581,0.7011039366007774,1.0,0.0,0.0,3.0,"[0, 0, 0, 0, 3, 0, 0, 0, 0, 0, 0, 0, 0, 0, 0, 0, 0, 0, 0, 0, 0, 0, 0, 0, 0, 0, 0, 0, 0, 0]",1,train
SYN-1244,586.8093244339744,1897.6223163575905,9.610166132838469,115.0,116.02936302018253,5.041174053703519,604.2436341188327,0.8476548720226011,1162.5686817382996,25.311300994580726,0.2408630165362452,4.0,1.0,1.0,65.0,"[0, 0, 65, 0, 0, 0, 0, 0, 0, 0, 3, 0, 3, 0, 0, 0, 0, 0, 0, 0, 0, 0, 0, 0, 0, 0, 0, 0, 0, 10]",0,train
SYN-1245,357.72470611003365,1820.297985249586,7.936214696627925,117.0,69.77021620325714,16.396431715929655,866.077154049337,0.047591053563740646,133.05573372349585,22.394923109935903,0.25764264457832464,0.0,0.0,0.0,0.0,"[0, 0, 0, 0, 0, 0, 0, 0, 0, 0, 0, 0, 0, 0, 0, 0, 0, 0, 0, 0, 0, 0, 0, 0, 0, 0, 0, 0, 0, 0]",0,validation
SYN-1246,205.09684138296623,1225.1526942604025,4.615859863836468,34.0,45.0952996724351,5.572904036367183,928.0503991817102,0.35298933535841376,243.94525707372802,38.51071459332238,0.4076416472433356,0.0,0.0,0.0,0.0,"[0, 0, 0, 0, 0, 0, 0, 0, 0, 0, 0, 0, 0, 0, 0, 0, 0, 0, 0, 0, 0, 0, 0, 0, 0, 0, 0, 0, 0, 0]",0,test
SYN-1247,192.04745865646197,3804.1228276990905,10.81427578721728,49.0,38.19308840509753,7.6272399955155645,823.7498696887465,0.44233048137230097,328.5213017890355,96.37750231734273,0.7007152901885706,3.0,0.0,0.0,35.0,"[35, 0, 0, 0, 0, 0, 0, 10, 0, 0, 0, 0, 0, 0, 0, 0, 0, 35, 0, 0, 0, 0, 0, 0, 0, 0, 0, 0, 0, 0]",0,train
SYN-1248,419.37453441492266,7099.708094803016,13.22395043847551,92.0,72.46353590415087,5.881290304722073,841.2851203674217,0.6099973174520266,450.2414434352262,123.17958577698877,0.46651168734907816,2.0,0.0,0.0,35.0,"[10, 0, 0, 0, 0, 0, 0, 0, 0, 35, 0, 0, 0, 0, 0, 0, 0, 0, 0, 0, 0, 0, 0, 0, 0, 0, 0, 0, 0, 0]",0,train
SYN-1249,494.69178410779324,3660.6781517908225,11.785347944320517,81.0,156.25021014319773,10.906842169172554,696.0046033562437,0.18904619866843725,423.44413320244786,65.73842107534466,0.4487412937712568,0.0,0.0,0.0,0.0,"[0, 0, 0, 0, 0, 0, 0, 0, 0, 0, 0, 0, 0, 0, 0, 0, 0, 0, 0, 0, 0, 0, 0, 0, 0, 0, 0, 0, 0, 0]",0,train
SYN-1250,639.9853877715294,6032.0217729046,14.670978526020003,23.0,26.97022265037613,16.31726041924972,764.4387939854432,0.392942430242663,876.7613387100336,302.45031899900215,0.5147313484710049,0.0,0.0,0.0,0.0,"[0, 0, 0, 0, 0, 0, 0, 0, 0, 0, 0, 0, 0, 0, 0, 0, 0, 0, 0, 0, 0, 0, 0, 0, 0, 0, 0, 0, 0, 0]",0,train
SYN-1251,288.613766527448,4018.735899451303,9.737130505868954,19.0,41.26496052643433,19.61659031000825,742.6107312199607,0.4522416017067406,757.986424029772,229.09105456677062,0.9367398455939328,2.0,0.0,0.0,3.0,"[0, 0, 0, 0, 0, 0, 3, 0, 0, 0, 0, 0, 0, 0, 0, 0, 0, 0, 3, 0, 0, 0, 0, 0, 0, 0, 0, 0, 0, 0]",0,train
SYN-1252,246.96624589645754,3532.420678951715,9.623568683912774,101.0,19.446142603031056,16.6014541544109,968.4507105758032,0.40725069842199024,293.67558971010845,51.16306964878261,0.28590632697804824,0.0,0.0,0.0,0.0,"[0, 0, 0, 0, 0, 0, 0, 0, 0, 0, 0, 0, 0, 0, 0, 0, 0, 0, 0, 0, 0, 0, 0, 0, 0, 0, 0, 0, 0, 0]",0,test
SYN-1253,150.2858023281509,3598.2544405777144,15.999657825765885,112.0,27.307992098483968,5.135271629834913,714.3897829697719,0.6707153902391813,434.60370505222994,62.05284335747734,0.5946059712336687,2.0,0.0,0.0,35.0,"[0, 0, 0, 10, 0, 0, 0, 0, 0, 0, 0, 0, 0, 0, 0, 0, 0, 0, 0, 35, 0, 0, 0, 0, 0, 0, 0, 0, 0, 0]",0,validation
SYN-1254,312.51008322867597,4274.361433822969,7.288174190264867,99.0,79.52324774021733,19.046341865478098,721.9094428813297,0.3642711451570075,22.156043871737484,57.57560296489247,0.4387021669466874,0.0,0.0,0.0,0.0,"[0, 0, 0, 0, 0, 0, 0, 0, 0, 0, 0, 0, 0, 0, 0, 0, 0, 0, 0, 0, 0, 0, 0, 0, 0, 0, 0, 0, 0, 0]",0,train
SYN-1255,507.08592583085573,12121.76563741896,14.07391888960902,103.0,144.02096715175875,9.806709105827249,791.4809071942157,0.22760073935791203,403.2065894615933,203.3571450551478,0.685047828211226,2.0,0.0,0.0,10.0,"[0, 0, 10, 3, 0, 0, 0, 0, 0, 0, 0, 0, 0, 0, 0, 0, 0, 0, 0, 0, 0, 0, 0, 0, 0, 0, 0, 0, 0, 0]",0,train
SYN-1256,313.1321622250757,4598.89028390041,9.744465961929931,58.0,36.36527589525779,16.392027784756785,852.6768346769893,0.5790476769823867,165.98790023908973,99.73958625931448,0.4346562843862129,1.0,0.0,0.0,10.0,"[0, 0, 0, 0, 0, 0, 0, 10, 0, 0, 0, 0, 0, 0, 0, 0, 0, 0, 0, 0, 0, 0, 0, 0, 0, 0, 0, 0, 0, 0]",0,validation
SYN-1257,1046.2782840082316,17472.533718002524,6.821725120216996,62.0,319.9457278726854,0.6571317877161564,710.4522071419354,0.811435354417351,862.2924488584373,335.1821487271535,0.6261506968204308,4.0,1.0,0.0,35.0,"[0, 0, 0, 0, 0, 0, 10, 0, 0, 0, 35, 0, 0, 0, 0, 0, 0, 0, 0, 0, 0, 0, 10, 0, 0, 35, 0, 0, 0, 0]",1,train
SYN-1258,532.414952084297,8281.658003435228,11.870804392808118,45.0,109.18623328875685,1.0942721694919744,791.3047332167752,0.44250606204194937,381.2706729356331,228.9224362344891,0.6350472844528854,2.0,1.0,0.0,10.0,"[0, 0, 3, 0, 0, 0, 0, 0, 0, 0, 0, 0, 0, 0, 0, 0, 0, 0, 0, 0, 0, 0, 0, 0, 10, 0, 0, 0, 0, 0]",0,validation
SYN-1259,215.03539368435148,2926.1846474170156,8.589315750824568,73.0,14.046533878974426,1.0767136728252868,807.162763957306,0.5356424599975553,547.9169395229943,51.60515607720461,0.30530643737908825,2.0,0.0,0.0,35.0,"[0, 0, 0, 0, 0, 0, 0, 35, 0, 0, 0, 0, 0, 0, 0, 0, 0, 0, 0, 0, 0, 0, 0, 10, 0, 0, 0, 0, 0, 0]",0,validation
SYN-1260,200.06061281486762,1962.5803484593926,11.045853283469025,99.0,18.909172733058046,9.82096139688839,866.1222800255136,0.23674186895660915,87.42340622154519,30.295039448073542,0.24594652335022213,0.0,0.0,0.0,0.0,"[0, 0, 0, 0, 0, 0, 0, 0, 0, 0, 0, 0, 0, 0, 0, 0, 0, 0, 0, 0, 0, 0, 0, 0, 0, 0, 0, 0, 0, 0]",0,test
SYN-1261,262.4647055863036,5670.658623636369,4.76766673438594,91.0,91.8240621440705,17.103268979567304,731.1657517913441,0.1762462182092496,539.8289690296172,74.37955079120334,0.6332417631696495,3.0,2.0,0.0,10.0,"[0, 0, 10, 0, 0, 0, 0, 0, 0, 0, 0, 0, 0, 0, 0, 0, 0, 0, 0, 0, 0, 0, 0, 0, 0, 10, 3, 0, 0, 0]",0,train
SYN-1262,320.2959813721753,5457.193602736219,15.904905558120811,64.0,47.820199136645,4.54821435310998,683.0116235029288,0.5903881990176789,38.241499404746904,127.01775265690867,0.5458637072014859,13.0,0.0,0.0,35.0,"[10, 0, 35, 10, 0, 0, 10, 10, 3, 3, 0, 3, 10, 0, 10, 0, 0, 10, 10, 0, 0, 0, 0, 10, 0, 0, 0, 0, 0, 0]",1,test
SYN-1263,232.95796162888354,2587.249642155147,13.734294613927885,81.0,34.260402997560014,6.694253021841581,723.4586485351126,0.6227915455462142,269.33496940533877,49.17274547581281,0.358146799920438,2.0,0.0,0.0,65.0,"[0, 0, 0, 0, 0, 0, 0, 0, 0, 0, 0, 0, 0, 0, 0, 0, 0, 10, 0, 0, 0, 0, 0, 65, 0, 0, 0, 0, 0, 0]",0,train
SYN-1264,242.750183633625,5356.999020734249,8.127853599067127,109.0,14.653465469586196,12.802779085602609,883.8798861288535,0.16478275878101276,1010.91943632178,69.66004948960887,0.3473262664404272,0.0,0.0,0.0,0.0,"[0, 0, 0, 0, 0, 0, 0, 0, 0, 0, 0, 0, 0, 0, 0, 0, 0, 0, 0, 0, 0, 0, 0, 0, 0, 0, 0, 0, 0, 0]",0,test
SYN-1265,625.1776630074834,3666.2679169786556,14.960096904218707,117.0,155.11300283060987,13.095557228932371,822.2636513064915,0.6429608761119987,518.8151662950864,59.72089732960306,0.3436365578493827,0.0,0.0,0.0,0.0,"[0, 0, 0, 0, 0, 0, 0, 0, 0, 0, 0, 0, 0, 0, 0, 0, 0, 0, 0, 0, 0, 0, 0, 0, 0, 0, 0, 0, 0, 0]",0,test
SYN-1266,291.6257790319355,1909.6185944232661,7.236199338230719,107.0,97.6524949882373,15.842787107033963,880.1831617340401,0.2708674564249705,965.3598329802538,24.271408838870414,0.4180834226378732,0.0,0.0,0.0,0.0,"[0, 0, 0, 0, 0, 0, 0, 0, 0, 0, 0, 0, 0, 0, 0, 0, 0, 0, 0, 0, 0, 0, 0, 0, 0, 0, 0, 0, 0, 0]",0,train
SYN-1267,598.3388231297023,13384.06850264503,8.984273441509917,63.0,87.52534753083702,15.583520663196053,959.8408214010814,0.47890466454298053,2018.2480302136905,267.25202075343344,0.5929372365118369,0.0,0.0,0.0,0.0,"[0, 0, 0, 0, 0, 0, 0, 0, 0, 0, 0, 0, 0, 0, 0, 0, 0, 0, 0, 0, 0, 0, 0, 0, 0, 0, 0, 0, 0, 0]",0,train
SYN-1268,186.6462764617131,1058.5053991595505,8.228514228411134,74.0,21.5422815141568,18.245057056550863,712.5713065900435,0.4921643688981327,494.72701293571157,18.286825507132626,0.21339352585187848,0.0,0.0,0.0,0.0,"[0, 0, 0, 0, 0, 0, 0, 0, 0, 0, 0, 0, 0, 0, 0, 0, 0, 0, 0, 0, 0, 0, 0, 0, 0, 0, 0, 0, 0, 0]",0,validation
SYN-1269,131.58991660872732,1762.0713725307226,14.417819863878748,95.0,44.3894716631107,3.0375403614555774,738.278548658695,0.6790411297422968,199.7689081095712,31.204897575487745,0.5744693148744261,4.0,0.0,0.0,10.0,"[0, 0, 0, 10, 0, 0, 0, 0, 0, 0, 0, 3, 10, 0, 0, 0, 0, 0, 0, 0, 10, 0, 0, 0, 0, 0, 0, 0, 0, 0]",0,train
SYN-1270,286.73979058441915,4449.409522296445,13.710818031415291,37.0,27.183335740621285,5.809036956820468,878.4899212134044,0.3569984514063524,544.3740219456784,148.1343611570059,0.6114173988210815,0.0,0.0,0.0,0.0,"[0, 0, 0, 0, 0, 0, 0, 0, 0, 0, 0, 0, 0, 0, 0, 0, 0, 0, 0, 0, 0, 0, 0, 0, 0, 0, 0, 0, 0, 0]",0,test
SYN-1271,687.7060326082199,10667.28914283945,15.695418627403797,53.0,59.15552100688457,9.452030319686868,844.3360133153976,0.18787607939656004,769.4268925100092,280.28958700711524,0.49359041788045316,1.0,1.0,0.0,10.0,"[0, 0, 0, 0, 0, 0, 0, 0, 0, 0, 0, 0, 0, 0, 0, 0, 0, 0, 0, 0, 0, 0, 0, 0, 0, 0, 0, 0, 10, 0]",0,train
SYN-1272,382.4265053401446,1511.1753764888385,4.478283321869975,38.0,18.565351993584475,2.635599128991095,795.4584337644558,0.5767244869540841,275.9443923290833,42.72821183828193,0.16027540710691482,0.0,0.0,0.0,0.0,"[0, 0, 0, 0, 0, 0, 0, 0, 0, 0, 0, 0, 0, 0, 0, 0, 0, 0, 0, 0, 0, 0, 0, 0, 0, 0, 0, 0, 0, 0]",0,validation
SYN-1273,311.79328324466206,4257.799110382125,10.918397202081763,96.0,18.43344119143991,18.170956464537074,808.2850490292225,0.34706362990367773,5.299545043622021,66.69606370826912,0.27303187552282354,2.0,0.0,0.0,10.0,"[0, 0, 0, 0, 0, 0, 0, 3, 0, 0, 0, 10, 0, 0, 0, 0, 0, 0, 0, 0, 0, 0, 0, 0, 0, 0, 0, 0, 0, 0]",0,train
SYN-1274,377.97602650459805,4539.144043921398,13.286773265335379,117.0,82.05025379120801,8.22549463495273,796.2995551137082,0.6488266773570941,196.4885847067221,69.39216607147122,0.40066673345177606,1.0,0.0,0.0,10.0,"[0, 0, 0, 0, 0, 0, 0, 0, 0, 0, 10, 0, 0, 0, 0, 0, 0, 0, 0, 0, 0, 0, 0, 0, 0, 0, 0, 0, 0, 0]",1,train
SYN-1275,511.20365695621797,6543.761315365249,6.466113500128769,31.0,59.354748041231844,19.210932442142845,795.635692681027,0.21802209263232525,406.44973709184086,229.77686464657322,0.5655898754898143,0.0,0.0,0.0,0.0,"[0, 0, 0, 0, 0, 0, 0, 0, 0, 0, 0, 0, 0, 0, 0, 0, 0, 0, 0, 0, 0, 0, 0, 0, 0, 0, 0, 0, 0, 0]",0,train
SYN-1276,567.3448534558196,4877.3274004023115,6.309764767937706,114.0,101.0529390105267,18.865727307942567,819.0981471047329,0.3336139356046637,2160.729618510703,56.98894098632957,0.2785640497735886,1.0,0.0,0.0,3.0,"[0, 0, 0, 0, 0, 0, 3, 0, 0, 0, 0, 0, 0, 0, 0, 0, 0, 0, 0, 0, 0, 0, 0, 0, 0, 0, 0, 0, 0, 0]",0,train
SYN-1277,367.8927712729255,5569.0037266011705,9.67305377278974,48.0,15.836952275334008,2.4590337200189993,694.83267819859,0.6088739477630292,734.0262223603838,140.371517720802,0.42460325995438203,4.0,1.0,0.0,35.0,"[10, 0, 0, 0, 0, 35, 0, 0, 0, 0, 0, 0, 0, 0, 0, 0, 0, 3, 0, 0, 0, 0, 0, 0, 0, 0, 10, 0, 0, 0]",0,validation
SYN-1278,222.8929745000493,2848.179232970586,11.153818279689302,38.0,6.933360102562587,12.619922977588525,942.8868719958675,0.2285213172607888,431.51176969287536,89.31059689043259,0.43179448436574164,0.0,0.0,0.0,0.0,"[0, 0, 0, 0, 0, 0, 0, 0, 0, 0, 0, 0, 0, 0, 0, 0, 0, 0, 0, 0, 0, 0, 0, 0, 0, 0, 0, 0, 0, 0]",1,validation
SYN-1279,243.42359618276907,1805.1341630579539,11.484567109301379,17.0,18.66677248648062,1.8086964046852638,680.0665197527732,0.43851821774262545,106.39106915658515,115.56268188648494,0.5514233479328866,8.0,0.0,0.0,65.0,"[0, 0, 0, 0, 0, 0, 0, 3, 0, 0, 0, 0, 3, 35, 0, 3, 0, 10, 35, 10, 65, 0, 0, 0, 0, 0, 0, 0, 0, 0]",0,train
SYN-1280,209.28392547619802,1235.738209514153,6.70924644291531,68.0,12.70365599153383,7.185984675372115,850.258275108739,0.4353370596446694,570.7646748234387,21.895671352259416,0.16532243107093406,0.0,0.0,0.0,0.0,"[0, 0, 0, 0, 0, 0, 0, 0, 0, 0, 0, 0, 0, 0, 0, 0, 0, 0, 0, 0, 0, 0, 0, 0, 0, 0, 0, 0, 0, 0]",0,train
SYN-1281,100.0,303.92039207336785,5.228809534986169,79.0,6.164921383760536,9.643542352573892,740.1562043113826,0.5575407623543889,217.0618920683685,4.555442841831072,0.10720364225591608,1.0,0.0,0.0,3.0,"[0, 0, 0, 0, 0, 0, 0, 0, 0, 0, 0, 3, 0, 0, 0, 0, 0, 0, 0, 0, 0, 0, 0, 0, 0, 0, 0, 0, 0, 0]",0,train
SYN-1282,322.820846027892,4151.536395913776,14.171351834628057,50.0,46.72616597368848,0.16746753472451248,623.0425048129272,0.7618293745019521,1357.7755581392119,110.41839490951355,0.48678566708676735,6.0,2.0,1.0,10.0,"[0, 0, 0, 0, 0, 0, 0, 0, 0, 0, 0, 0, 0, 0, 0, 10, 0, 0, 3, 0, 3, 3, 0, 0, 0, 10, 0, 0, 0, 10]",0,train
SYN-1283,385.546981792343,2102.092169927492,5.305839418940892,70.0,133.5411792754233,9.97556984225074,815.7807563964273,0.4157795565170505,252.86435208938892,34.982280925967515,0.43710226810220026,1.0,0.0,0.0,35.0,"[0, 0, 0, 0, 0, 0, 0, 0, 0, 35, 0, 0, 0, 0, 0, 0, 0, 0, 0, 0, 0, 0, 0, 0, 0, 0, 0, 0, 0, 0]",0,train
SYN-1284,220.2789718534602,3043.765959241806,12.54048526915633,13.0,63.986728269899764,11.403989206275433,863.4310501880822,0.27975646256816294,333.70063842455147,251.61955887860896,1.4327572191432991,5.0,1.0,0.0,65.0,"[0, 0, 0, 35, 0, 0, 0, 0, 3, 3, 0, 0, 0, 0, 0, 0, 0, 0, 0, 0, 0, 0, 0, 35, 65, 0, 0, 0, 0, 0]",0,train
SYN-1285,400.2171083552149,5571.4323026757675,9.891169944328723,116.0,16.729846388217624,2.2776798883346028,707.9442353333845,0.6949034629062517,556.7359184520994,74.77913497937189,0.2286483497511311,2.0,1.0,0.0,10.0,"[0, 0, 0, 0, 0, 0, 0, 0, 0, 0, 0, 0, 0, 0, 0, 0, 0, 0, 0, 0, 0, 10, 0, 0, 0, 3, 0, 0, 0, 0]",0,validation
SYN-1286,148.85664101620463,2501.9861192557723,6.89333815836962,105.0,46.00253363107091,17.996907274949336,738.6661346847569,0.26831070663638773,207.753418816307,31.7991265715737,0.5226616674372967,1.0,0.0,0.0,10.0,"[0, 0, 10, 0, 0, 0, 0, 0, 0, 0, 0, 0, 0, 0, 0, 0, 0, 0, 0, 0, 0, 0, 0, 0, 0, 0, 0, 0, 0, 0]",0,test
SYN-1287,267.7478498299209,4631.299770340077,11.238480011635533,63.0,24.29268282535766,6.3072750274795775,940.4624937567419,0.13806380468269658,300.9516527270615,97.65398519660502,0.4554533980363457,1.0,1.0,1.0,65.0,"[0, 0, 0, 0, 0, 0, 0, 0, 0, 0, 0, 0, 0, 0, 0, 0, 0, 0, 0, 0, 0, 0, 0, 0, 0, 0, 0, 0, 0, 65]",0,train
SYN-1288,297.4197126877968,5617.514486112277,5.206338417573502,116.0,33.5542136601234,7.465817163590367,857.0666378138305,0.3382728315573602,423.5995104172954,61.733640915984815,0.3203817719914632,1.0,0.0,0.0,3.0,"[0, 0, 0, 0, 0, 0, 0, 0, 0, 0, 0, 0, 0, 0, 0, 0, 0, 0, 0, 0, 0, 0, 3, 0, 0, 0, 0, 0, 0, 0]",0,train
SYN-1289,523.2746646200409,5235.003795270574,6.290808099444719,26.0,172.0803306022067,11.031501913297348,688.8843148648043,0.6187913988400624,512.8984660237098,215.90624425048495,0.7414587425791304,6.0,1.0,0.0,35.0,"[0, 0, 35, 0, 3, 0, 0, 0, 0, 0, 0, 0, 0, 0, 3, 0, 3, 10, 0, 0, 0, 0, 0, 0, 0, 0, 0, 0, 3, 0]",0,test
SYN-1290,511.31904851716746,10398.992046998654,11.904286711269542,27.0,34.225805740907525,1.8417294762078407,593.4225431598331,0.9675329057360105,343.30311666784615,440.9238759946925,0.9292626259740192,22.0,5.0,1.0,35.0,"[35, 35, 35, 0, 3, 10, 35, 3, 10, 3, 0, 0, 3, 3, 0, 0, 10, 0, 3, 3, 10, 0, 3, 10, 0, 10, 3, 35, 3, 10]",1,test
SYN-1291,495.04607765323766,1809.4491653741638,11.060628555124664,14.0,147.47653580859048,0.1983323290931116,767.99043312558,0.4196873177475515,170.615769896609,138.358595979277,0.5773909635702333,5.0,3.0,0.0,35.0,"[0, 0, 0, 0, 0, 0, 0, 0, 0, 10, 0, 0, 0, 0, 0, 0, 0, 0, 35, 0, 0, 0, 0, 0, 35, 3, 0, 35, 0, 0]",0,train
SYN-1292,232.13510487180622,4060.1355580331783,3.96023993653317,57.0,60.352969175563096,14.604100145300226,765.5106212731683,0.26952721836614113,418.87501542609425,78.2571278947017,0.5971095890335524,1.0,1.0,1.0,3.0,"[0, 0, 0, 0, 0, 0, 0, 0, 0, 0, 0, 0, 0, 0, 0, 0, 0, 0, 0, 0, 0, 0, 0, 0, 0, 0, 0, 0, 0, 3]",0,train
SYN-1293,276.1365885884785,4549.975627089473,7.534967541307914,47.0,8.22540108794709,16.94468246100909,766.5741095684199,0.4771334816258547,1198.8426264459279,112.09600028986391,0.4357314689547493,0.0,0.0,0.0,0.0,"[0, 0, 0, 0, 0, 0, 0, 0, 0, 0, 0, 0, 0, 0, 0, 0, 0, 0, 0, 0, 0, 0, 0, 0, 0, 0, 0, 0, 0, 0]",0,train
SYN-1294,524.6993518865307,4554.929895536195,8.746304151812659,36.0,47.967191824310675,18.115204052973755,923.6462357285444,0.17045631707748646,468.2578442421887,144.30833665865336,0.3664489536563116,0.0,0.0,0.0,0.0,"[0, 0, 0, 0, 0, 0, 0, 0, 0, 0, 0, 0, 0, 0, 0, 0, 0, 0, 0, 0, 0, 0, 0, 0, 0, 0, 0, 0, 0, 0]",0,train
SYN-1295,441.1538354421038,7796.733135677066,7.241298025862783,64.0,141.1653325938805,16.071454470337862,698.4068289581138,0.03768345701994329,56.78192210135246,147.22144391594844,0.6537102328960172,1.0,0.0,0.0,10.0,"[0, 0, 0, 0, 0, 0, 0, 0, 0, 0, 0, 0, 0, 0, 0, 0, 0, 0, 0, 0, 0, 0, 0, 10, 0, 0, 0, 0, 0, 0]",0,train
SYN-1296,320.95632023825414,6579.936583429686,12.297907554726065,82.0,102.47541138850946,9.815172187772292,892.4378174795537,0.49721192284232074,118.94282072775,119.0144767396811,0.690093555296786,1.0,0.0,0.0,3.0,"[0, 0, 0, 0, 0, 0, 0, 3, 0, 0, 0, 0, 0, 0, 0, 0, 0, 0, 0, 0, 0, 0, 0, 0, 0, 0, 0, 0, 0, 0]",0,train
SYN-1297,240.48368523840162,2573.3027828630843,15.065280762062342,28.0,41.190645873304014,2.252962061052608,845.5628602175433,0.1864147010104753,393.41030616600295,109.57107456267751,0.6269103880644754,2.0,0.0,0.0,35.0,"[0, 0, 0, 0, 35, 0, 0, 0, 0, 3, 0, 0, 0, 0, 0, 0, 0, 0, 0, 0, 0, 0, 0, 0, 0, 0, 0, 0, 0, 0]",0,test
SYN-1298,276.2132062584345,4294.215521442164,11.130177498896915,67.0,45.45429100442144,4.103380547482063,984.8523073357733,0.1402659139422683,556.8945320983587,86.34442627713595,0.47716298241816146,0.0,0.0,0.0,0.0,"[0, 0, 0, 0, 0, 0, 0, 0, 0, 0, 0, 0, 0, 0, 0, 0, 0, 0, 0, 0, 0, 0, 0, 0, 0, 0, 0, 0, 0, 0]",0,train
SYN-1299,595.183750123888,5513.180147233207,13.399742035186359,110.0,183.88084424214617,4.676312971850887,721.9685638177799,0.22734945869703338,346.16714699947994,87.29654089382154,0.45561960500353366,2.0,0.0,0.0,3.0,"[0, 0, 0, 0, 0, 0, 0, 3, 0, 3, 0, 0, 0, 0, 0, 0, 0, 0, 0, 0, 0, 0, 0, 0, 0, 0, 0, 0, 0, 0]",0,test
SYN-1300,330.08801001596123,5291.870343329643,12.670189210152465,18.0,42.838919769096066,12.607181368712915,817.1047184469919,0.6315032721412427,928.234147492981,324.35898009075726,1.1124242284416743,5.0,1.0,1.0,35.0,"[0, 0, 0, 10, 10, 0, 0, 0, 3, 0, 0, 0, 0, 0, 35, 0, 0, 0, 0, 0, 0, 0, 0, 0, 0, 0, 0, 0, 0, 35]",1,train
SYN-1301,177.16402888393537,2310.355766198875,15.744017717758261,97.0,52.20489770192156,12.09713233074542,712.587432624758,0.5685715002420575,410.5515122814724,42.241755782346246,0.5331028769171997,1.0,0.0,0.0,3.0,"[0, 0, 3, 0, 0, 0, 0, 0, 0, 0, 0, 0, 0, 0, 0, 0, 0, 0, 0, 0, 0, 0, 0, 0, 0, 0, 0, 0, 0, 0]",0,train
SYN-1302,671.0220336812451,13716.147787588992,4.400587302280444,96.0,164.0348458113907,11.05688325203144,690.9724666314944,0.528570533719715,1156.5731549147874,169.75790243594284,0.4974393261218822,2.0,0.0,0.0,10.0,"[0, 0, 0, 0, 0, 0, 0, 0, 0, 0, 0, 0, 3, 0, 10, 0, 0, 0, 0, 0, 0, 0, 0, 0, 0, 0, 0, 0, 0, 0]",0,train
SYN-1303,258.6144610747666,6127.114096126357,6.61606416650022,27.0,59.07126210773632,18.85443458857019,746.8706499025515,0.33554870190223846,331.9411284533308,244.86348512749402,1.1752426603373949,4.0,0.0,0.0,35.0,"[0, 0, 0, 0, 3, 3, 0, 0, 0, 0, 0, 0, 0, 0, 0, 0, 35, 0, 0, 0, 35, 0, 0, 0, 0, 0, 0, 0, 0, 0]",0,test
SYN-1304,512.1540546373758,3456.9741260531086,11.419530753807686,106.0,89.39052003966795,2.6080447374453564,820.1957212225274,0.6391415855484627,1369.7676334528467,51.92380625522024,0.2759215220798047,0.0,0.0,0.0,0.0,"[0, 0, 0, 0, 0, 0, 0, 0, 0, 0, 0, 0, 0, 0, 0, 0, 0, 0, 0, 0, 0, 0, 0, 0, 0, 0, 0, 0, 0, 0]",0,test
SYN-1305,704.3935366507294,8507.668109566011,12.949064190927288,45.0,116.36817936066657,0.4216336684522881,803.2900893811584,0.43491625704312614,469.3585989327998,239.6609558579885,0.505440661638539,2.0,0.0,0.0,3.0,"[0, 0, 0, 0, 0, 0, 0, 0, 0, 0, 0, 0, 3, 0, 0, 0, 0, 0, 0, 0, 0, 0, 3, 0, 0, 0, 0, 0, 0, 0]",0,test
SYN-1306,321.16182667894435,6274.50424859708,15.546901475039126,95.0,24.715521223682984,4.638079752464385,750.0903811583086,0.4621320757438525,97.50482665030518,115.20457446661185,0.43566851371215004,2.0,0.0,0.0,35.0,"[0, 0, 0, 0, 0, 0, 3, 0, 0, 35, 0, 0, 0, 0, 0, 0, 0, 0, 0, 0, 0, 0, 0, 0, 0, 0, 0, 0, 0, 0]",0,train
SYN-1307,472.3835512324308,7123.976993584853,9.793029580818548,48.0,118.05595557688245,10.863222294038188,878.3090526267673,0.1064695961922162,25.868066518809066,179.97518775221656,0.6309092316011999,1.0,0.0,0.0,65.0,"[0, 0, 0, 0, 0, 65, 0, 0, 0, 0, 0, 0, 0, 0, 0, 0, 0, 0, 0, 0, 0, 0, 0, 0, 0, 0, 0, 0, 0, 0]",0,test
SYN-1308,418.5579527741575,4623.92421242554,15.57788381846481,118.0,99.64786080506951,8.797262402745613,909.0524814110121,0.2399756552211823,1014.583572784766,76.78701415830609,0.42153033718266264,0.0,0.0,0.0,0.0,"[0, 0, 0, 0, 0, 0, 0, 0, 0, 0, 0, 0, 0, 0, 0, 0, 0, 0, 0, 0, 0, 0, 0, 0, 0, 0, 0, 0, 0, 0]",0,train
SYN-1309,601.0510411993471,10367.931110274463,13.118467082991552,109.0,25.577192703447952,6.898089074807039,852.2846811724705,0.6084931433958456,824.2531008042681,163.2492558189825,0.3141604216268274,2.0,1.0,0.0,35.0,"[0, 0, 0, 0, 0, 0, 0, 0, 0, 35, 0, 0, 0, 0, 0, 0, 0, 0, 0, 0, 0, 0, 0, 0, 0, 10, 0, 0, 0, 0]",0,test
SYN-1310,147.27005537187216,1090.2615262667314,4.480604932065706,111.0,18.010336080186406,14.332939321765672,825.354598082174,0.2283480231717465,2.9340554652631727,12.01587021676411,0.20388534669272196,0.0,0.0,0.0,0.0,"[0, 0, 0, 0, 0, 0, 0, 0, 0, 0, 0, 0, 0, 0, 0, 0, 0, 0, 0, 0, 0, 0, 0, 0, 0, 0, 0, 0, 0, 0]",0,train
SYN-1311,439.12507512301835,6683.384065311522,3.0792612876896444,79.0,62.05465268779766,6.391148658823096,904.1240309468618,0.3919324200589823,1235.2983726669065,93.5723957576265,0.3544025546749434,0.0,0.0,0.0,0.0,"[0, 0, 0, 0, 0, 0, 0, 0, 0, 0, 0, 0, 0, 0, 0, 0, 0, 0, 0, 0, 0, 0, 0, 0, 0, 0, 0, 0, 0, 0]",0,train
SYN-1312,306.0808097595272,1432.8107198220182,6.9643945602594055,100.0,19.34150176706813,14.960649792322114,833.4779553023966,0.3899459866539504,415.830781764499,18.926208480336943,0.12502485953781342,0.0,0.0,0.0,0.0,"[0, 0, 0, 0, 0, 0, 0, 0, 0, 0, 0, 0, 0, 0, 0, 0, 0, 0, 0, 0, 0, 0, 0, 0, 0, 0, 0, 0, 0, 0]",0,validation
SYN-1313,367.06253687524594,1443.2141876640746,10.231705305247932,26.0,119.76304197449153,1.889712588252308,709.2146895636354,0.6575558872708499,637.8586858630341,62.123454900800546,0.49551909716438886,5.0,0.0,0.0,10.0,"[10, 0, 0, 0, 3, 0, 0, 0, 0, 0, 0, 0, 0, 0, 0, 0, 0, 0, 0, 3, 0, 10, 3, 0, 0, 0, 0, 0, 0, 0]",0,validation
SYN-1314,245.92775614842373,3785.8421240413545,5.647150935258163,34.0,64.43233932307893,2.71013299769842,751.909056809172,0.7586085478956861,453.90114809242107,120.75499513822015,0.7530151836522827,14.0,3.0,0.0,35.0,"[0, 0, 0, 10, 0, 0, 3, 10, 10, 3, 3, 0, 35, 3, 0, 3, 10, 0, 0, 0, 0, 0, 0, 3, 0, 3, 3, 0, 35, 0]",0,validation
SYN-1315,938.6364130726436,13279.99367671925,12.311478205817034,112.0,193.80176634008944,0.7678478913339659,851.198012812622,0.5264645830845257,1485.8408528946939,200.00783222720605,0.41955499816819647,1.0,0.0,0.0,35.0,"[0, 0, 0, 0, 0, 0, 35, 0, 0, 0, 0, 0, 0, 0, 0, 0, 0, 0, 0, 0, 0, 0, 0, 0, 0, 0, 0, 0, 0, 0]",0,test
SYN-1316,394.4161401066036,7096.380087249966,10.14966829501278,115.0,42.3051723800093,7.22106873982129,793.0486009104094,0.7663819658383746,1734.8328336204756,96.74961837887689,0.35255857105974964,5.0,0.0,0.0,65.0,"[0, 3, 0, 3, 0, 0, 0, 0, 0, 0, 0, 0, 0, 0, 0, 65, 0, 3, 10, 0, 0, 0, 0, 0, 0, 0, 0, 0, 0, 0]",0,test
SYN-1317,490.97467734765917,4191.519192320761,13.28180646667622,24.0,55.198076460390936,4.763010903567444,664.1977640426792,0.5582058653798816,1094.073534923484,199.82772887341252,0.5194276142946975,3.0,0.0,0.0,35.0,"[0, 0, 0, 0, 0, 0, 0, 0, 0, 0, 10, 0, 0, 0, 35, 0, 0, 0, 0, 0, 0, 0, 0, 10, 0, 0, 0, 0, 0, 0]",0,validation
SYN-1318,384.4632022778467,1329.5193013174564,3.0451908340967995,33.0,17.20731749990359,5.062972786974555,767.3711758481727,0.3089953860680861,642.2371001363832,42.05000677809569,0.1541300283796075,0.0,0.0,0.0,0.0,"[0, 0, 0, 0, 0, 0, 0, 0, 0, 0, 0, 0, 0, 0, 0, 0, 0, 0, 0, 0, 0, 0, 0, 0, 0, 0, 0, 0, 0, 0]",0,train
SYN-1319,472.31248769129644,10225.130550960954,6.281472881725797,38.0,84.37472273715821,10.004234912759875,830.1808302935482,0.46342313008460334,382.7545439548786,297.432394358921,0.8083781967366241,6.0,1.0,0.0,10.0,"[0, 0, 10, 0, 0, 0, 0, 0, 0, 0, 3, 10, 0, 0, 0, 0, 0, 0, 3, 0, 0, 0, 3, 0, 3, 0, 0, 0, 0, 0]",0,train
SYN-1320,438.81058138008746,5303.162751486411,9.714432083102668,116.0,116.533013280225,8.366475948855317,757.5621491842695,0.6698891591708559,557.5014344344438,70.66548385299745,0.42660433698857303,2.0,0.0,0.0,10.0,"[0, 0, 0, 0, 0, 0, 0, 0, 0, 0, 0, 0, 0, 0, 0, 0, 0, 10, 3, 0, 0, 0, 0, 0, 0, 0, 0, 0, 0, 0]",0,train
SYN-1321,280.9099806780815,3710.8815033963056,8.469229989686447,96.0,59.63872855802874,9.515846054446799,964.6994536736856,0.2749055964056734,157.4699702488915,53.34886545401596,0.4022199344405877,0.0,0.0,0.0,0.0,"[0, 0, 0, 0, 0, 0, 0, 0, 0, 0, 0, 0, 0, 0, 0, 0, 0, 0, 0, 0, 0, 0, 0, 0, 0, 0, 0, 0, 0, 0]",0,train
SYN-1322,223.49038236163645,2378.6768188045153,11.17343992987766,50.0,31.10040383850642,10.289839746667402,837.943173203991,0.4899179666111972,198.6136348798251,59.72110546616032,0.4063777078232644,0.0,0.0,0.0,0.0,"[0, 0, 0, 0, 0, 0, 0, 0, 0, 0, 0, 0, 0, 0, 0, 0, 0, 0, 0, 0, 0, 0, 0, 0, 0, 0, 0, 0, 0, 0]",0,test
SYN-1323,485.0386060140748,11108.534116280107,7.85978046732911,45.0,130.06769409251638,0.26808909403677417,950.8590579540821,0.04383976224680533,856.7461149760757,285.8220046232804,0.8574362814817437,0.0,0.0,0.0,0.0,"[0, 0, 0, 0, 0, 0, 0, 0, 0, 0, 0, 0, 0, 0, 0, 0, 0, 0, 0, 0, 0, 0, 0, 0, 0, 0, 0, 0, 0, 0]",0,train
SYN-1324,863.5113538382417,10381.000660946494,14.569458580255203,43.0,98.83638974196272,17.2196051124918,634.7058304018226,0.6119892083138269,776.1925019978268,311.3262967466868,0.47499397045042646,2.0,0.0,0.0,3.0,"[0, 0, 0, 0, 0, 0, 0, 0, 0, 0, 0, 3, 0, 0, 0, 0, 0, 0, 3, 0, 0, 0, 0, 0, 0, 0, 0, 0, 0, 0]",0,train
SYN-1325,698.0624439175002,4068.33796336499,5.866876900330316,81.0,38.30218874744676,2.0011500663475656,897.9346610232718,0.23659371371995347,144.20516801214916,60.94736663012304,0.1421786206124842,1.0,0.0,0.0,3.0,"[0, 0, 0, 0, 0, 0, 0, 0, 0, 0, 0, 0, 0, 0, 0, 0, 3, 0, 0, 0, 0, 0, 0, 0, 0, 0, 0, 0, 0, 0]",0,train
SYN-1326,377.3570572650814,3952.5764251931932,6.187463634455043,86.0,112.69874984106791,3.8184696956812525,954.6081684840441,0.1023472758407351,533.2047540386876,57.01749656830734,0.4497497612457661,0.0,0.0,0.0,0.0,"[0, 0, 0, 0, 0, 0, 0, 0, 0, 0, 0, 0, 0, 0, 0, 0, 0, 0, 0, 0, 0, 0, 0, 0, 0, 0, 0, 0, 0, 0]",0,train
SYN-1327,381.25424753676964,1458.397163579581,14.958055692182764,66.0,60.36996256616736,9.69311623707074,927.2049169115064,0.244154897490093,199.84497682487185,32.548879319838306,0.24371883719680845,0.0,0.0,0.0,0.0,"[0, 0, 0, 0, 0, 0, 0, 0, 0, 0, 0, 0, 0, 0, 0, 0, 0, 0, 0, 0, 0, 0, 0, 0, 0, 0, 0, 0, 0, 0]",0,test
SYN-1328,206.6584765442702,4027.141681430179,15.528697958016176,25.0,21.687946677442586,18.245369659548697,846.3566616704334,0.6964932125193968,619.2637656929772,189.57602964644346,1.0222855595213356,9.0,1.0,0.0,35.0,"[0, 0, 0, 0, 0, 0, 0, 0, 0, 35, 10, 0, 0, 0, 0, 10, 3, 10, 0, 0, 10, 0, 3, 3, 0, 0, 3, 0, 0, 0]",0,validation
SYN-1329,321.53187391339134,2516.39887926136,11.984121097967328,30.0,83.63390128303635,11.45023820304419,890.6693659366296,0.37782799348029117,1781.844289130514,97.48685995312593,0.56330577442207,0.0,0.0,0.0,0.0,"[0, 0, 0, 0, 0, 0, 0, 0, 0, 0, 0, 0, 0, 0, 0, 0, 0, 0, 0, 0, 0, 0, 0, 0, 0, 0, 0, 0, 0, 0]",0,train
SYN-1330,323.83563804900575,7757.080446729538,11.689601515902577,54.0,79.1361876500694,13.856549715226787,778.4344743919676,0.26033992579200455,724.929559726632,185.4117850074716,0.8169205040289826,1.0,0.0,0.0,10.0,"[0, 0, 0, 0, 0, 0, 10, 0, 0, 0, 0, 0, 0, 0, 0, 0, 0, 0, 0, 0, 0, 0, 0, 0, 0, 0, 0, 0, 0, 0]",0,train
SYN-1331,392.9617120967069,5569.5053355520395,6.715126734693355,59.0,13.50395608471555,1.4415598112186845,768.6151417582196,0.5674274934440412,857.4627406088092,111.09914677129929,0.31708713347968703,2.0,0.0,0.0,3.0,"[0, 0, 0, 0, 0, 0, 0, 0, 0, 0, 0, 0, 3, 0, 0, 3, 0, 0, 0, 0, 0, 0, 0, 0, 0, 0, 0, 0, 0, 0]",0,validation
SYN-1332,569.6763733108049,7923.471306965976,7.005628352369169,111.0,139.0474144824036,14.739945037046349,871.448115366841,0.31199372784801405,183.71353203654144,97.19305129538323,0.41469240580370426,0.0,0.0,0.0,0.0,"[0, 0, 0, 0, 0, 0, 0, 0, 0, 0, 0, 0, 0, 0, 0, 0, 0, 0, 0, 0, 0, 0, 0, 0, 0, 0, 0, 0, 0, 0]",0,test
SYN-1333,270.64728190675254,2679.726333974491,11.081949902440991,78.0,13.348085835497258,0.47025142203291015,799.9491351658354,0.1659287650881184,35.50773263395361,48.35360775412146,0.2279782496056144,2.0,0.0,0.0,3.0,"[0, 0, 0, 0, 0, 0, 0, 0, 0, 3, 3, 0, 0, 0, 0, 0, 0, 0, 0, 0, 0, 0, 0, 0, 0, 0, 0, 0, 0, 0]",0,test
SYN-1334,383.4935849612679,1418.9427057075095,14.553810737485305,92.0,38.83211116552324,12.126427153567365,906.8167345025407,0.3608209622890496,123.73015214608002,25.680073295929233,0.16822233015440943,0.0,0.0,0.0,0.0,"[0, 0, 0, 0, 0, 0, 0, 0, 0, 0, 0, 0, 0, 0, 0, 0, 0, 0, 0, 0, 0, 0, 0, 0, 0, 0, 0, 0, 0, 0]",0,train
SYN-1335,279.7994915492544,2235.5528318225943,8.935006538099401,57.0,34.03033046457009,0.3365302912229651,947.7500056341727,0.14108172881592762,741.8548880066204,48.27363593615044,0.2941533808549905,2.0,0.0,0.0,10.0,"[0, 10, 0, 0, 0, 0, 0, 0, 0, 0, 0, 0, 0, 0, 0, 0, 10, 0, 0, 0, 0, 0, 0, 0, 0, 0, 0, 0, 0, 0]",0,train
SYN-1336,505.4830200102719,3791.1998098730264,3.471467033543475,70.0,55.77058589688038,14.713857284858813,880.2957956344858,0.36747647755397,246.68438637511733,59.90674543738428,0.22884513772967882,0.0,0.0,0.0,0.0,"[0, 0, 0, 0, 0, 0, 0, 0, 0, 0, 0, 0, 0, 0, 0, 0, 0, 0, 0, 0, 0, 0, 0, 0, 0, 0, 0, 0, 0, 0]",0,train
SYN-1337,227.09957292655693,3699.2950333645686,3.1159374814801506,72.0,27.312334617903403,16.01004351894494,859.0474918172531,0.31804599171409376,1167.1395828991292,56.39796859134294,0.36860616746433916,0.0,0.0,0.0,0.0,"[0, 0, 0, 0, 0, 0, 0, 0, 0, 0, 0, 0, 0, 0, 0, 0, 0, 0, 0, 0, 0, 0, 0, 0, 0, 0, 0, 0, 0, 0]",0,validation
SYN-1338,409.3625429061175,9560.77931278949,10.296334233757324,22.0,17.84831192098518,18.237304142801744,793.4713931196903,0.28238400086521787,262.12988275119216,478.74388864783816,1.2130865639133743,18.0,3.0,0.0,65.0,"[3, 0, 0, 35, 10, 65, 10, 10, 0, 35, 0, 3, 10, 0, 35, 0, 10, 3, 10, 10, 0, 0, 0, 3, 10, 65, 35, 0, 0, 0]",0,validation
SYN-1339,237.93162540292616,2754.9884424976567,6.4467560804466935,85.0,73.14493355753419,5.909622157863517,865.668526261209,0.4061759914279716,339.28418034780265,40.458700633155665,0.47746336367982767,1.0,0.0,0.0,3.0,"[0, 0, 0, 0, 0, 0, 0, 0, 0, 0, 0, 0, 0, 0, 0, 0, 0, 0, 0, 0, 0, 0, 0, 3, 0, 0, 0, 0, 0, 0]",0,train
SYN-1340,374.78998316364175,6050.851273617451,3.434365865317327,78.0,30.70819155972167,12.408162536245296,811.4392344761516,0.4430296906638281,725.5465349982411,86.6660798137572,0.3131734481874629,0.0,0.0,0.0,0.0,"[0, 0, 0, 0, 0, 0, 0, 0, 0, 0, 0, 0, 0, 0, 0, 0, 0, 0, 0, 0, 0, 0, 0, 0, 0, 0, 0, 0, 0, 0]",0,test
SYN-1341,478.47371982660786,10086.606615750741,5.752831065687477,68.0,149.96675495092356,2.8458215756464056,732.0110742456551,0.7448218345841986,1200.6315567466193,174.1736365537613,0.6774465933513523,7.0,0.0,0.0,35.0,"[0, 0, 0, 0, 0, 35, 35, 10, 0, 10, 0, 0, 0, 0, 10, 0, 0, 0, 10, 3, 0, 0, 0, 0, 0, 0, 0, 0, 0, 0]",1,validation
SYN-1342,409.77855087737737,4670.536347965685,7.978672155625414,82.0,127.945638498717,15.98759637569264,849.6034327390361,0.46785670719671746,68.84530159628235,74.07321738561667,0.49299519326180163,0.0,0.0,0.0,0.0,"[0, 0, 0, 0, 0, 0, 0, 0, 0, 0, 0, 0, 0, 0, 0, 0, 0, 0, 0, 0, 0, 0, 0, 0, 0, 0, 0, 0, 0, 0]",0,train
SYN-1343,386.0361260401692,5481.3621270314925,13.94469941439339,25.0,93.11117331637764,8.301210198596461,872.3791918052474,0.4392729387737957,81.1881457188967,253.90532357723356,0.8989223377956658,0.0,0.0,0.0,0.0,"[0, 0, 0, 0, 0, 0, 0, 0, 0, 0, 0, 0, 0, 0, 0, 0, 0, 0, 0, 0, 0, 0, 0, 0, 0, 0, 0, 0, 0, 0]",0,validation
SYN-1344,626.7146882919102,9448.225563135633,3.827198025349723,78.0,23.394453844084588,17.506480007307307,800.0673087854261,0.6029016165927431,1222.2540180596297,137.01397404530783,0.25595128195667505,1.0,0.0,0.0,3.0,"[0, 0, 0, 0, 0, 0, 0, 0, 0, 3, 0, 0, 0, 0, 0, 0, 0, 0, 0, 0, 0, 0, 0, 0, 0, 0, 0, 0, 0, 0]",0,test
SYN-1345,336.1991943425992,6549.6230681435,11.475129486889077,26.0,27.945103096236803,7.627327494821694,877.2370064865049,0.3968853517589509,629.030655101662,285.71703848222444,0.932965179145635,8.0,2.0,1.0,35.0,"[35, 3, 10, 0, 0, 0, 35, 3, 0, 10, 0, 0, 0, 0, 0, 0, 0, 0, 0, 0, 0, 0, 0, 0, 35, 0, 0, 0, 0, 10]",0,train
SYN-1346,246.79751250411448,3828.7823907517795,5.875274097176424,43.0,22.745231692237525,15.64758884736187,747.1902718783842,0.6747592778710984,543.0650584720514,98.96006699291486,0.49313827133133437,2.0,0.0,0.0,10.0,"[0, 0, 3, 0, 0, 0, 0, 0, 0, 0, 0, 0, 0, 0, 0, 0, 0, 10, 0, 0, 0, 0, 0, 0, 0, 0, 0, 0, 0, 0]",0,validation
SYN-1347,259.6580474828366,2914.7010211425054,6.128893400105593,34.0,87.67597026584563,12.416106320298292,777.4999201015042,0.48373297902288487,376.4785043371618,93.60329125273485,0.6981461320992297,4.0,0.0,0.0,35.0,"[0, 0, 35, 35, 0, 0, 0, 0, 35, 0, 0, 0, 0, 0, 0, 0, 0, 0, 0, 0, 0, 3, 0, 0, 0, 0, 0, 0, 0, 0]",0,train
SYN-1348,426.3178505359498,5841.24245057677,12.035548303290433,71.0,119.98791646373802,12.094366568390384,833.4585087516614,0.15580468087580707,746.9453399477596,115.4062920605433,0.5521565851121484,1.0,0.0,0.0,3.0,"[0, 0, 0, 0, 0, 0, 0, 0, 0, 0, 3, 0, 0, 0, 0, 0, 0, 0, 0, 0, 0, 0, 0, 0, 0, 0, 0, 0, 0, 0]",0,validation
SYN-1349,371.8941387625233,4759.761483674036,7.847481103996967,56.0,116.85550064122131,18.597786841727814,755.0880108476854,0.7765999560788617,307.59467549277946,101.78148551584096,0.5879011346739054,6.0,1.0,0.0,65.0,"[0, 0, 0, 0, 0, 0, 0, 0, 65, 0, 0, 0, 0, 10, 35, 0, 0, 10, 0, 0, 3, 0, 0, 0, 0, 0, 0, 10, 0, 0]",0,validation
SYN-1350,694.0436067353223,15936.756156513964,3.478895616618207,21.0,15.265550117976385,16.163192507132237,811.8754504736874,0.49390225427771783,3516.419283957907,783.3276752182758,1.1506384002191385,4.0,0.0,0.0,35.0,"[35, 0, 3, 0, 0, 0, 0, 0, 0, 0, 0, 0, 0, 0, 0, 3, 0, 10, 0, 0, 0, 0, 0, 0, 0, 0, 0, 0, 0, 0]",0,train
SYN-1351,631.6003581816938,7537.5431023963865,12.088400251555202,12.0,157.92433745090378,5.808022358940404,840.0232525246946,0.1736241476560023,805.8733755464879,670.0133249945861,1.3108568602288782,9.0,1.0,1.0,65.0,"[0, 0, 0, 0, 10, 0, 0, 35, 0, 0, 0, 0, 10, 0, 10, 0, 0, 35, 3, 65, 0, 0, 0, 3, 0, 0, 0, 0, 0, 35]",1,validation
SYN-1352,143.722235119824,2030.566245571634,3.9631734042016062,87.0,32.51952899909064,13.047359343391404,788.1434591319984,0.5887115590679305,413.28072628159595,26.89157287290881,0.413374463752719,1.0,1.0,0.0,3.0,"[0, 0, 0, 0, 0, 0, 0, 0, 0, 0, 0, 0, 0, 0, 0, 0, 0, 0, 0, 0, 0, 0, 0, 0, 0, 0, 0, 0, 3, 0]",0,train
SYN-1353,210.1116881200671,4211.743981135149,12.721778615961775,77.0,28.572033804845614,10.53657733547782,836.8331757148396,0.1804497791853054,75.5961461784182,80.30150778231007,0.5181698484328988,2.0,0.0,0.0,10.0,"[0, 0, 0, 0, 0, 0, 0, 0, 0, 0, 0, 0, 0, 10, 0, 10, 0, 0, 0, 0, 0, 0, 0, 0, 0, 0, 0, 0, 0, 0]",0,test
SYN-1354,247.9400239901378,4647.171230049356,11.926865482548587,73.0,59.40839523516563,3.582130693330172,714.5608464121726,0.5011144009307942,662.1718121894114,89.82500505425992,0.6018931428971772,1.0,0.0,0.0,65.0,"[0, 0, 0, 0, 0, 0, 0, 0, 0, 0, 0, 0, 0, 0, 0, 65, 0, 0, 0, 0, 0, 0, 0, 0, 0, 0, 0, 0, 0, 0]",0,test
SYN-1355,447.26987623125103,5142.990320502866,7.931698030201071,49.0,87.62936486418764,11.936437163068964,734.3011276533077,0.6887082709749996,230.35452353097904,123.21530221923669,0.4714036832974903,2.0,0.0,0.0,10.0,"[0, 0, 0, 0, 0, 0, 0, 0, 0, 0, 0, 10, 0, 0, 0, 0, 0, 0, 0, 0, 0, 0, 0, 10, 0, 0, 0, 0, 0, 0]",0,train
SYN-1356,605.3722665766902,7236.2460452897,4.693420321926007,22.0,72.94343680588734,18.502289142673433,795.1681299504999,0.3005922165495389,83.3167356394441,343.91675443940346,0.6886014015848244,4.0,0.0,0.0,65.0,"[0, 0, 0, 65, 10, 0, 3, 0, 0, 0, 0, 0, 0, 0, 0, 0, 0, 0, 0, 0, 10, 0, 0, 0, 0, 0, 0, 0, 0, 0]",0,test
SYN-1357,373.3903528668324,6056.465482970671,13.949622620887391,108.0,59.01243838380641,18.352571953498607,930.9248712834326,0.24632204842960345,184.2691186472215,98.74596292218402,0.4225026171531917,0.0,0.0,0.0,0.0,"[0, 0, 0, 0, 0, 0, 0, 0, 0, 0, 0, 0, 0, 0, 0, 0, 0, 0, 0, 0, 0, 0, 0, 0, 0, 0, 0, 0, 0, 0]",0,train
SYN-1358,373.9704224831249,3607.1159321895593,6.933302632897661,104.0,103.2089775590946,8.469406944767755,996.6739387618272,0.23413837182074348,41.7642585280337,46.238832818911774,0.39962467990299444,0.0,0.0,0.0,0.0,"[0, 0, 0, 0, 0, 0, 0, 0, 0, 0, 0, 0, 0, 0, 0, 0, 0, 0, 0, 0, 0, 0, 0, 0, 0, 0, 0, 0, 0, 0]",0,validation
SYN-1359,239.8398389030293,1831.2800459435177,14.960535295706306,52.0,5.946325355481152,8.509353087515503,705.6425276954889,0.4457738629854218,751.6308277715385,48.06877535946226,0.22521321295909683,0.0,0.0,0.0,0.0,"[0, 0, 0, 0, 0, 0, 0, 0, 0, 0, 0, 0, 0, 0, 0, 0, 0, 0, 0, 0, 0, 0, 0, 0, 0, 0, 0, 0, 0, 0]",0,train
SYN-1360,268.6055039499431,3466.874407536281,8.420792640182363,74.0,81.2791131394193,17.731831280945162,786.0573639348818,0.3518785605225607,320.1991385709628,60.222375801672754,0.5268004075131015,1.0,0.0,0.0,10.0,"[0, 0, 0, 0, 10, 0, 0, 0, 0, 0, 0, 0, 0, 0, 0, 0, 0, 0, 0, 0, 0, 0, 0, 0, 0, 0, 0, 0, 0, 0]",0,train
SYN-1361,212.59596079115985,4724.331905929865,7.3685019225073205,81.0,52.04651997276287,12.081968028806656,878.2547867590066,0.2334831973943763,5.161087551784092,74.20247514939568,0.5938447496948316,1.0,0.0,0.0,35.0,"[0, 0, 0, 0, 35, 0, 0, 0, 0, 0, 0, 0, 0, 0, 0, 0, 0, 0, 0, 0, 0, 0, 0, 0, 0, 0, 0, 0, 0, 0]",0,train
SYN-1362,290.5307620230191,4333.295879138971,3.7552525955769647,16.0,75.67639604344676,10.444393518678421,694.0941204251338,0.4481832474597369,675.086513605243,278.09128711051306,1.217659984404441,14.0,5.0,0.0,35.0,"[3, 35, 0, 0, 0, 0, 3, 35, 0, 0, 0, 3, 0, 0, 0, 0, 3, 0, 10, 3, 0, 0, 10, 0, 10, 3, 10, 3, 3, 0]",0,train
SYN-1363,810.4077410322175,13046.749368387469,14.393610305930423,65.0,273.3875936338751,12.864832662179552,942.4829122811856,0.327559273838635,159.9859156166168,290.17355870407994,0.695404453590419,2.0,0.0,0.0,10.0,"[0, 0, 0, 0, 0, 0, 0, 10, 0, 0, 0, 0, 0, 0, 0, 0, 0, 0, 0, 0, 0, 10, 0, 0, 0, 0, 0, 0, 0, 0]",1,validation
SYN-1364,426.45235947859913,6544.530350653753,4.9991139046980875,61.0,15.787744148313024,1.2673395857998937,671.7279293199144,0.7840634334963666,640.6595264109433,121.71827502261424,0.3224416892406191,4.0,1.0,0.0,10.0,"[0, 0, 0, 0, 0, 0, 0, 0, 0, 10, 10, 0, 0, 0, 0, 0, 0, 0, 0, 0, 0, 0, 0, 10, 3, 0, 0, 0, 0, 0]",0,validation
SYN-1365,468.32490253673194,9339.301898176338,7.26713004253682,25.0,37.75214617561847,13.876169936065676,868.7480509740151,0.038564964402649664,664.4424639732151,403.69238489429466,0.9426031557979975,3.0,0.0,0.0,35.0,"[0, 0, 0, 0, 10, 3, 0, 35, 0, 0, 0, 0, 0, 0, 0, 0, 0, 0, 0, 0, 0, 0, 0, 0, 0, 0, 0, 0, 0, 0]",0,train
SYN-1366,176.99034801261791,762.9580213780156,15.848179431425018,67.0,33.479200051911356,15.341871998294481,789.9013216798436,0.4161869775564791,77.37958965927596,17.22939194312649,0.286504843707199,0.0,0.0,0.0,0.0,"[0, 0, 0, 0, 0, 0, 0, 0, 0, 0, 0, 0, 0, 0, 0, 0, 0, 0, 0, 0, 0, 0, 0, 0, 0, 0, 0, 0, 0, 0]",0,train
SYN-1367,267.59535890499,4702.587459786884,5.652819226638231,51.0,75.03831002817277,10.897514162748811,957.3510625582388,0.3540818502132202,182.1669338806076,103.9428416861664,0.6688499847184817,0.0,0.0,0.0,0.0,"[0, 0, 0, 0, 0, 0, 0, 0, 0, 0, 0, 0, 0, 0, 0, 0, 0, 0, 0, 0, 0, 0, 0, 0, 0, 0, 0, 0, 0, 0]",0,test
SYN-1368,466.80465174465684,2002.0112576018385,12.186448600118965,42.0,156.32495018761674,10.296196692181638,767.9757032962468,0.7090465248495984,497.42286231938795,58.79100491687207,0.46082650269337444,2.0,1.0,0.0,10.0,"[0, 0, 0, 0, 0, 0, 0, 0, 0, 0, 0, 0, 0, 0, 0, 10, 0, 0, 0, 0, 0, 0, 0, 0, 0, 0, 10, 0, 0, 0]",0,train
SYN-1369,346.45034583519504,2555.6801663509195,12.753484420897783,102.0,34.83215037222247,16.113313728253875,777.1620488894278,0.1642371825322272,583.6362442448797,41.1640789773811,0.21935677150616745,0.0,0.0,0.0,0.0,"[0, 0, 0, 0, 0, 0, 0, 0, 0, 0, 0, 0, 0, 0, 0, 0, 0, 0, 0, 0, 0, 0, 0, 0, 0, 0, 0, 0, 0, 0]",0,validation
SYN-1370,597.1247614289866,12830.666891089884,7.440683141325897,49.0,141.6132069518595,6.419569506172849,854.3178651740225,0.4231326587892816,2371.662734879386,304.44506956300154,0.7470101816702317,3.0,0.0,0.0,10.0,"[0, 0, 0, 0, 0, 0, 0, 0, 0, 10, 0, 0, 10, 0, 0, 0, 3, 0, 0, 0, 0, 0, 0, 0, 0, 0, 0, 0, 0, 0]",0,train
SYN-1371,555.3675341401769,6436.141031329414,7.018010622865795,97.0,160.0817953366172,15.395424874459236,829.5500194951707,0.600669166533313,1781.311763454212,87.13104298140105,0.44513375939548677,1.0,0.0,0.0,3.0,"[0, 0, 0, 0, 0, 0, 0, 0, 0, 0, 0, 0, 0, 0, 0, 0, 0, 0, 3, 0, 0, 0, 0, 0, 0, 0, 0, 0, 0, 0]",0,train
SYN-1372,363.2958277408065,5342.212825593182,6.7653328897282705,66.0,110.27366528102552,2.705029348236645,863.4329311575245,0.27125346065206507,574.3420305132854,97.15882235987277,0.570974043194603,2.0,1.0,1.0,10.0,"[0, 0, 0, 0, 0, 0, 0, 0, 0, 0, 0, 0, 0, 0, 0, 0, 0, 0, 0, 3, 0, 0, 0, 0, 0, 0, 0, 0, 0, 10]",0,train
SYN-1373,409.4976423058592,4094.1423467903105,3.9509483099035285,96.0,113.67117924706375,7.004308600350464,878.6620343977299,0.6342941675637634,107.13490268176179,49.81126138389344,0.3992268177916638,3.0,0.0,0.0,35.0,"[3, 10, 0, 0, 0, 0, 0, 0, 35, 0, 0, 0, 0, 0, 0, 0, 0, 0, 0, 0, 0, 0, 0, 0, 0, 0, 0, 0, 0, 0]",0,train
SYN-1374,613.8081965650298,14658.273174067735,10.22349450539013,27.0,185.02290275213377,8.040884242506598,748.5904130835158,0.1965561765668605,17.951775385200573,610.0311822602906,1.2952809842906563,20.0,5.0,1.0,65.0,"[35, 65, 35, 3, 3, 0, 10, 0, 3, 10, 10, 3, 10, 35, 0, 35, 0, 35, 0, 0, 0, 0, 0, 35, 10, 0, 10, 35, 3, 65]",1,train
SYN-1375,336.3546892444614,7082.197533274143,3.781702718781866,104.0,53.45733658598312,8.214623211550226,880.8625726228042,0.15241271420776303,312.1946780836672,79.97232581018682,0.3966933319582583,0.0,0.0,0.0,0.0,"[0, 0, 0, 0, 0, 0, 0, 0, 0, 0, 0, 0, 0, 0, 0, 0, 0, 0, 0, 0, 0, 0, 0, 0, 0, 0, 0, 0, 0, 0]",0,train
SYN-1376,381.7858421378359,7119.998138494988,14.490849787324874,117.0,25.502512247908253,19.67425917469332,782.9133960582928,0.4695459448087567,348.0130253607674,113.95730085737061,0.36528283061614886,0.0,0.0,0.0,0.0,"[0, 0, 0, 0, 0, 0, 0, 0, 0, 0, 0, 0, 0, 0, 0, 0, 0, 0, 0, 0, 0, 0, 0, 0, 0, 0, 0, 0, 0, 0]",0,validation
SYN-1377,472.5603288252751,4455.7294769781465,4.843147015676975,37.0,124.66813262080817,11.650766691277752,698.8289609688029,0.514719937206222,1016.4352914790271,129.88278938766297,0.5386633335076018,3.0,0.0,0.0,10.0,"[0, 0, 0, 0, 0, 0, 10, 0, 10, 0, 0, 0, 0, 0, 0, 10, 0, 0, 0, 0, 0, 0, 0, 0, 0, 0, 0, 0, 0, 0]",0,validation
SYN-1378,238.62417296516887,2782.3580340146964,9.58918213510951,102.0,23.46049141835088,10.3197982741484,763.8085641710659,0.6936835003754181,9.39126767162045,39.9916786400647,0.26590839171887865,2.0,0.0,0.0,10.0,"[0, 0, 0, 0, 0, 0, 0, 0, 0, 0, 3, 0, 0, 0, 0, 0, 0, 0, 10, 0, 0, 0, 0, 0, 0, 0, 0, 0, 0, 0]",0,test
SYN-1379,356.5276551108552,6145.605222749438,5.540600773640151,40.0,71.70179879952089,1.8535176631752281,696.0972473489621,0.6695956284554184,3077.4608362577537,168.6176531708829,0.6740555705157886,2.0,0.0,0.0,10.0,"[0, 0, 0, 0, 0, 0, 0, 0, 0, 10, 0, 0, 0, 0, 0, 0, 0, 0, 0, 0, 10, 0, 0, 0, 0, 0, 0, 0, 0, 0]",0,train
SYN-1380,886.9800444607431,20485.44976795778,11.224352080076383,72.0,33.97721328117354,14.402238798763037,734.3076346115566,0.4533263976659638,5100.865146173915,392.27972272752095,0.480571055313703,2.0,0.0,0.0,10.0,"[0, 0, 0, 0, 0, 10, 0, 0, 0, 0, 3, 0, 0, 0, 0, 0, 0, 0, 0, 0, 0, 0, 0, 0, 0, 0, 0, 0, 0, 0]",0,train
SYN-1381,186.59870491463198,4260.465804407331,8.76258191933814,82.0,23.26434880313388,1.7578439747376184,759.1707089167054,0.6394555508217015,76.13629369802513,69.23926969949932,0.495735586937504,1.0,0.0,0.0,10.0,"[0, 0, 0, 0, 0, 0, 10, 0, 0, 0, 0, 0, 0, 0, 0, 0, 0, 0, 0, 0, 0, 0, 0, 0, 0, 0, 0, 0, 0, 0]",1,train
SYN-1382,311.9857653696038,7045.1875893980905,15.80079679392095,30.0,108.96846922966418,9.284204304811274,865.5719598449314,0.5539228179526368,183.37657034428983,285.79150116697826,1.2653140438281776,9.0,1.0,0.0,35.0,"[10, 0, 0, 3, 35, 0, 35, 3, 0, 0, 35, 10, 0, 0, 0, 0, 0, 10, 0, 0, 0, 0, 0, 0, 10, 0, 0, 0, 0, 0]",0,test
SYN-1383,404.3592269296264,8662.829604550996,10.002622777479335,98.0,65.62849115440005,13.488612843468186,998.0,0.27896843539755084,2393.783380207326,129.71071190727116,0.4830833329683547,1.0,0.0,0.0,10.0,"[0, 0, 0, 0, 0, 0, 0, 0, 0, 0, 0, 10, 0, 0, 0, 0, 0, 0, 0, 0, 0, 0, 0, 0, 0, 0, 0, 0, 0, 0]",0,train
SYN-1384,472.1584637134806,8436.99745883714,7.205328428853962,94.0,32.08354198575328,1.69335460685756,851.9216505415701,0.4027276387990349,352.36138198017636,117.71739932478312,0.3172683597205194,0.0,0.0,0.0,0.0,"[0, 0, 0, 0, 0, 0, 0, 0, 0, 0, 0, 0, 0, 0, 0, 0, 0, 0, 0, 0, 0, 0, 0, 0, 0, 0, 0, 0, 0, 0]",0,train
SYN-1385,578.391208001715,10849.809936427488,8.21366153615227,57.0,182.1582237733245,9.447074867153644,737.4112512097346,0.447507605863642,1561.7509018439403,230.53041510196667,0.7135112587570099,6.0,3.0,1.0,10.0,"[0, 0, 0, 0, 0, 10, 0, 0, 0, 0, 0, 0, 0, 0, 0, 0, 0, 0, 0, 10, 0, 0, 0, 3, 3, 0, 0, 0, 3, 10]",0,train
SYN-1386,217.66048494030034,5198.109744682833,13.381999371078376,28.0,26.55412179526033,8.75405805343333,990.0,0.25594117803660965,464.49122793199274,217.1613863580707,1.1197048845139577,5.0,3.0,1.0,65.0,"[0, 0, 0, 0, 0, 10, 0, 0, 0, 0, 0, 0, 0, 0, 0, 0, 0, 0, 0, 0, 0, 0, 0, 35, 10, 0, 0, 3, 0, 65]",0,train
SYN-1387,635.677076968714,4963.361894129296,10.814599238203051,101.0,138.1158400316784,7.404704318806261,874.7924185266306,0.12928397927919838,410.8670704727161,75.06101493549191,0.3353540070749825,0.0,0.0,0.0,0.0,"[0, 0, 0, 0, 0, 0, 0, 0, 0, 0, 0, 0, 0, 0, 0, 0, 0, 0, 0, 0, 0, 0, 0, 0, 0, 0, 0, 0, 0, 0]",0,validation
SYN-1388,302.17302740795566,4086.311308098294,8.184903944759384,99.0,103.23013833628055,11.197047910237291,811.3551729590424,0.2032399612485309,1160.8346520302925,56.9037182224284,0.5299409346106744,0.0,0.0,0.0,0.0,"[0, 0, 0, 0, 0, 0, 0, 0, 0, 0, 0, 0, 0, 0, 0, 0, 0, 0, 0, 0, 0, 0, 0, 0, 0, 0, 0, 0, 0, 0]",0,test
SYN-1389,423.80270747627526,8419.41582514534,8.056790033601736,111.0,136.39863294478366,3.04318468747788,903.937237216493,0.19406918943017964,667.4749345768793,107.83602701919048,0.5762932979319075,1.0,0.0,0.0,65.0,"[0, 65, 0, 0, 0, 0, 0, 0, 0, 0, 0, 0, 0, 0, 0, 0, 0, 0, 0, 0, 0, 0, 0, 0, 0, 0, 0, 0, 0, 0]",0,test
SYN-1390,238.34232775928132,3861.1267259756128,11.976282980809287,69.0,58.77914335645467,7.01845649774172,749.3097598143992,0.272586863832127,233.5940252201731,77.68800197843751,0.5725678129346792,1.0,0.0,0.0,35.0,"[0, 0, 0, 0, 0, 0, 0, 0, 0, 0, 0, 0, 0, 0, 0, 0, 35, 0, 0, 0, 0, 0, 0, 0, 0, 0, 0, 0, 0, 0]",0,test
SYN-1391,584.2513401921162,6053.0313896940115,5.533720193501021,91.0,152.0276719370917,9.36541584805478,796.7412130335446,0.12915516684920653,672.2727520583448,81.59770249388598,0.3998713539179147,0.0,0.0,0.0,0.0,"[0, 0, 0, 0, 0, 0, 0, 0, 0, 0, 0, 0, 0, 0, 0, 0, 0, 0, 0, 0, 0, 0, 0, 0, 0, 0, 0, 0, 0, 0]",0,test
SYN-1392,420.93972903777916,5642.328707589774,5.1758413722235685,95.0,28.191519161016362,6.48913191594203,762.4618416131407,0.7380550441164948,301.30110320003104,72.51608813925057,0.23924471926295288,2.0,0.0,0.0,10.0,"[0, 0, 0, 0, 0, 0, 0, 0, 3, 0, 0, 0, 0, 0, 0, 0, 0, 0, 0, 10, 0, 0, 0, 0, 0, 0, 0, 0, 0, 0]",0,train
SYN-1393,541.7941207205598,9899.655924996914,3.291747242779134,19.0,62.407988952769074,17.172255469170924,884.2671890548578,0.33745150215585923,473.0922413408007,535.4445914936215,1.1034681949875642,2.0,0.0,0.0,35.0,"[0, 0, 0, 0, 0, 0, 0, 0, 0, 0, 0, 0, 0, 0, 0, 0, 0, 0, 0, 0, 0, 35, 0, 3, 0, 0, 0, 0, 0, 0]",0,validation
SYN-1394,226.29023124542843,3372.767307576621,10.442490358662816,120.0,58.98138624270989,5.338538016148906,806.063228484098,0.12484070858017506,256.83311021510474,45.40189383536612,0.46128054005506164,0.0,0.0,0.0,0.0,"[0, 0, 0, 0, 0, 0, 0, 0, 0, 0, 0, 0, 0, 0, 0, 0, 0, 0, 0, 0, 0, 0, 0, 0, 0, 0, 0, 0, 0, 0]",0,train
SYN-1395,344.18885027960005,5991.117844356551,4.56140876893096,31.0,52.39382850075307,6.705897076779721,708.7236778858595,0.7617682277922062,446.4727183967138,205.2387366732469,0.7485209499514975,6.0,2.0,0.0,10.0,"[0, 0, 0, 0, 0, 0, 0, 0, 0, 0, 10, 0, 0, 0, 0, 3, 3, 0, 0, 3, 0, 0, 0, 0, 0, 0, 0, 3, 3, 0]",0,train
SYN-1396,197.7361483992515,4180.743139576027,6.772000378849351,57.0,35.86401581007072,7.841929686782043,926.7669632494085,0.2551668673790804,1224.7806336929693,85.97938217666957,0.616191824171293,0.0,0.0,0.0,0.0,"[0, 0, 0, 0, 0, 0, 0, 0, 0, 0, 0, 0, 0, 0, 0, 0, 0, 0, 0, 0, 0, 0, 0, 0, 0, 0, 0, 0, 0, 0]",0,validation
SYN-1397,261.8180516273999,1847.1677458615598,14.41905417702264,59.0,63.443684019845115,18.988429597663007,739.7998065823182,0.558256507338372,243.06711049334874,43.886101217343644,0.4099403557930856,0.0,0.0,0.0,0.0,"[0, 0, 0, 0, 0, 0, 0, 0, 0, 0, 0, 0, 0, 0, 0, 0, 0, 0, 0, 0, 0, 0, 0, 0, 0, 0, 0, 0, 0, 0]",0,train
SYN-1398,457.4670327501838,7555.364481251034,4.311337106412079,79.0,51.91469536777073,6.708715103600311,766.9846232909782,0.30579488416061834,2043.1997004271598,110.02164399382302,0.3539847197033428,0.0,0.0,0.0,0.0,"[0, 0, 0, 0, 0, 0, 0, 0, 0, 0, 0, 0, 0, 0, 0, 0, 0, 0, 0, 0, 0, 0, 0, 0, 0, 0, 0, 0, 0, 0]",0,validation
SYN-1399,306.148781914797,4919.4782690315615,4.866444588656069,43.0,92.48732367188062,14.6751859245604,815.0980910837292,0.44446382205465707,984.4884695613543,124.90262926557492,0.7100794312418869,2.0,0.0,0.0,3.0,"[0, 0, 0, 0, 0, 0, 0, 0, 0, 0, 0, 0, 0, 0, 3, 0, 0, 3, 0, 0, 0, 0, 0, 0, 0, 0, 0, 0, 0, 0]",0,train
SYN-1400,361.302812868091,2865.582048416965,8.041504279945503,49.0,118.89618725910066,14.020756702049388,677.3097849370652,0.8041498899065307,151.8143397531576,68.801267919471,0.5195017821438844,2.0,1.0,0.0,10.0,"[0, 0, 0, 0, 0, 0, 0, 0, 0, 10, 0, 0, 0, 0, 0, 0, 0, 0, 0, 0, 0, 0, 0, 0, 0, 3, 0, 0, 0, 0]",0,train
SYN-1401,352.595650985903,6425.855834391227,9.31259991128314,92.0,71.20113748531641,14.991942517299657,767.4384691891019,0.7193008676310167,709.9250359520746,97.98178034009699,0.479821340258611,2.0,0.0,0.0,35.0,"[0, 0, 0, 0, 0, 0, 0, 0, 0, 0, 0, 0, 3, 0, 0, 35, 0, 0, 0, 0, 0, 0, 0, 0, 0, 0, 0, 0, 0, 0]",0,train
SYN-1402,260.68409047029996,4412.580384940912,8.224544632306355,69.0,25.88996303384367,10.41874851878255,750.5457717972126,0.43874744404620747,672.0023266312842,80.47419612390041,0.40801937304978064,1.0,0.0,0.0,3.0,"[0, 0, 0, 0, 3, 0, 0, 0, 0, 0, 0, 0, 0, 0, 0, 0, 0, 0, 0, 0, 0, 0, 0, 0, 0, 0, 0, 0, 0, 0]",0,train
SYN-1403,327.90401172151866,1998.7324936299312,13.814800961610171,88.0,10.645682635547901,3.5485962339457067,934.4633808907284,0.4120201883803988,860.1263587397162,36.24800421672366,0.14301040907086335,0.0,0.0,0.0,0.0,"[0, 0, 0, 0, 0, 0, 0, 0, 0, 0, 0, 0, 0, 0, 0, 0, 0, 0, 0, 0, 0, 0, 0, 0, 0, 0, 0, 0, 0, 0]",0,train
SYN-1404,421.90076663201285,9319.154783581618,5.1701207614663165,24.0,70.19777777401163,4.004576163578104,841.7092863705831,0.39324889724778156,923.4588153127407,409.5546476601668,1.137121483006511,10.0,0.0,0.0,65.0,"[0, 0, 3, 3, 10, 0, 0, 3, 0, 0, 0, 0, 0, 0, 0, 10, 65, 35, 0, 10, 0, 35, 10, 0, 0, 0, 0, 0, 0, 0]",0,train
SYN-1405,232.75208492615303,1754.9835573960481,14.120501695437309,109.0,55.17824890450555,5.012444952931379,889.9521141324394,0.4774560211986277,461.6777826435063,28.657965430663157,0.36019533127605724,0.0,0.0,0.0,0.0,"[0, 0, 0, 0, 0, 0, 0, 0, 0, 0, 0, 0, 0, 0, 0, 0, 0, 0, 0, 0, 0, 0, 0, 0, 0, 0, 0, 0, 0, 0]",0,train
SYN-1406,701.9912049202482,11838.357991242292,11.93460295637491,118.0,56.66550507413353,19.677816631205456,860.2582985069952,0.32364120380996153,296.3107364685634,170.89774515407254,0.32416823548958723,1.0,1.0,0.0,3.0,"[0, 0, 0, 0, 0, 0, 0, 0, 0, 0, 0, 0, 0, 0, 0, 0, 0, 0, 0, 0, 0, 0, 0, 0, 3, 0, 0, 0, 0, 0]",0,train
SYN-1407,243.22453075469906,4501.6285805132275,4.091056837556371,73.0,85.03306222502506,3.7943766088272346,893.4365382553883,0.17237883630749498,229.24431384012897,69.76212944266253,0.6364291923490409,3.0,0.0,0.0,65.0,"[0, 0, 0, 0, 0, 65, 0, 0, 35, 0, 0, 0, 0, 3, 0, 0, 0, 0, 0, 0, 0, 0, 0, 0, 0, 0, 0, 0, 0, 0]",0,train
SYN-1408,375.6571562624278,7383.808152017526,4.759777997305196,18.0,76.60657563085519,1.2735870238819502,748.7251376644961,0.180080504838172,1131.1711995508972,425.84233992432456,1.3375198826351582,19.0,1.0,1.0,65.0,"[0, 35, 35, 10, 35, 0, 65, 10, 35, 3, 0, 3, 0, 65, 0, 3, 3, 3, 10, 0, 3, 3, 10, 65, 0, 0, 0, 0, 0, 10]",1,test
SYN-1409,335.4031414852964,4077.326702329804,4.757379752635772,112.0,94.15020978539548,19.776464151120454,821.9344564691961,0.6147055500988873,1147.8480768128156,45.15405337810224,0.41533380560063904,1.0,0.0,0.0,10.0,"[0, 0, 0, 0, 0, 0, 0, 0, 0, 0, 0, 0, 0, 0, 0, 0, 0, 0, 0, 0, 10, 0, 0, 0, 0, 0, 0, 0, 0, 0]",0,train
SYN-1410,124.5515339726338,1038.3962297526816,3.5519030932375193,42.0,6.625655561143753,13.62135141572465,839.1442035196155,0.23482587634801913,64.66087320286476,26.328862443437597,0.26458540455890367,0.0,0.0,0.0,0.0,"[0, 0, 0, 0, 0, 0, 0, 0, 0, 0, 0, 0, 0, 0, 0, 0, 0, 0, 0, 0, 0, 0, 0, 0, 0, 0, 0, 0, 0, 0]",0,train
SYN-1411,242.7764424672042,2601.899242897279,11.177806564562191,85.0,74.10302984990075,6.4527470886432585,762.7929903847534,0.7996287623867261,839.3799809330343,44.44653457563706,0.48830752778475306,1.0,0.0,0.0,3.0,"[0, 3, 0, 0, 0, 0, 0, 0, 0, 0, 0, 0, 0, 0, 0, 0, 0, 0, 0, 0, 0, 0, 0, 0, 0, 0, 0, 0, 0, 0]",0,validation
SYN-1412,652.5716945698823,12432.018143505982,11.886148002797514,76.0,59.042532086877564,14.410611291562931,835.5602830099324,0.08462240244026671,221.7614250186317,233.57429429744707,0.44840563698857916,2.0,0.0,0.0,35.0,"[0, 0, 0, 0, 0, 0, 0, 0, 0, 0, 3, 0, 0, 0, 0, 0, 0, 0, 35, 0, 0, 0, 0, 0, 0, 0, 0, 0, 0, 0]",0,validation
SYN-1413,350.67681406611626,8372.75268651704,14.126650160128401,73.0,101.57335703731205,8.724356572573535,769.4075977113198,0.524595700867806,258.5136976982215,171.58550762151364,0.7789476056073801,13.0,3.0,0.0,35.0,"[0, 0, 0, 0, 0, 0, 0, 10, 3, 3, 3, 0, 35, 35, 3, 3, 0, 0, 0, 0, 35, 0, 0, 35, 3, 0, 0, 10, 10, 0]",0,validation
SYN-1414,215.43651285985527,3350.6385922300665,11.716685656085092,115.0,68.57228379896851,10.401316060513482,742.3670855782821,0.6214546201049758,1192.390885704885,48.620438216164295,0.5439779936067218,0.0,0.0,0.0,0.0,"[0, 0, 0, 0, 0, 0, 0, 0, 0, 0, 0, 0, 0, 0, 0, 0, 0, 0, 0, 0, 0, 0, 0, 0, 0, 0, 0, 0, 0, 0]",0,train
SYN-1415,281.53714026703346,1254.4736507545115,15.986729921473172,87.0,59.75439527186706,13.718792908916416,612.7978079293882,0.4753879891530091,393.3582696373534,24.440486471962707,0.29905426212673847,1.0,0.0,0.0,10.0,"[0, 0, 0, 0, 0, 0, 0, 0, 0, 0, 0, 0, 0, 0, 0, 10, 0, 0, 0, 0, 0, 0, 0, 0, 0, 0, 0, 0, 0, 0]",0,train
SYN-1416,188.5698547557432,3662.163407095736,5.180764025775235,39.0,34.85146199008836,16.845185863849863,575.0347624646948,0.7071473497558405,972.7641022095232,102.23077802851661,0.7269573400062764,8.0,2.0,0.0,10.0,"[0, 0, 0, 10, 0, 0, 0, 10, 3, 0, 0, 10, 10, 0, 0, 0, 3, 0, 0, 0, 0, 0, 0, 0, 0, 0, 0, 3, 3, 0]",0,train
SYN-1417,615.1632162811591,8041.913671710388,10.049176544095738,65.0,171.16343113442088,4.7196715841370995,830.7084142396617,0.5890416203163602,164.732122503613,160.93916132786336,0.5398609404345422,2.0,0.0,0.0,3.0,"[0, 0, 0, 0, 0, 0, 0, 0, 0, 0, 0, 0, 0, 0, 0, 0, 3, 0, 0, 0, 0, 0, 0, 3, 0, 0, 0, 0, 0, 0]",0,train
SYN-1418,421.056163769185,3945.048755772968,13.891619386636313,96.0,114.33848494272358,10.55393553127641,725.02868323702,0.32838544460512176,469.483739114026,68.28831219279498,0.4337350046148027,1.0,1.0,0.0,10.0,"[0, 0, 0, 0, 0, 0, 0, 0, 0, 0, 0, 0, 0, 0, 0, 0, 0, 0, 0, 0, 0, 0, 0, 0, 0, 0, 10, 0, 0, 0]",0,train
SYN-1419,488.91033068966397,10664.81743630406,11.027007238649627,33.0,43.169988364484226,1.4561035440030912,758.3922225990069,0.578768995086501,349.84890604322067,376.1207667847173,0.8576025680573041,5.0,0.0,0.0,35.0,"[0, 0, 0, 35, 0, 0, 0, 0, 0, 0, 0, 3, 3, 0, 0, 0, 0, 0, 0, 0, 0, 0, 10, 3, 0, 0, 0, 0, 0, 0]",1,train
SYN-1420,404.3647693348656,5730.7830232206625,13.750380593545442,75.0,30.749864469080514,0.5075198870712239,794.5251282959923,0.712900329182842,712.5002855734647,114.3010809995744,0.3587131136751783,7.0,0.0,0.0,65.0,"[0, 0, 0, 0, 0, 10, 0, 10, 0, 0, 35, 0, 0, 3, 0, 0, 0, 65, 0, 0, 3, 0, 0, 35, 0, 0, 0, 0, 0, 0]",1,train
SYN-1421,356.7449429232686,3684.5479780273718,3.8895136636534096,61.0,17.169731464208738,4.923044043679498,788.3458165518753,0.2776984267068993,116.1858896819241,66.66787989335764,0.2350071473209329,0.0,0.0,0.0,0.0,"[0, 0, 0, 0, 0, 0, 0, 0, 0, 0, 0, 0, 0, 0, 0, 0, 0, 0, 0, 0, 0, 0, 0, 0, 0, 0, 0, 0, 0, 0]",0,train
SYN-1422,329.8951441103887,4805.1377627930415,11.497060804565068,117.0,18.766931060554217,3.9956762086478914,676.974889636367,0.5898570147829464,152.86798796861777,68.47853888356344,0.2644642441748818,6.0,0.0,0.0,65.0,"[0, 65, 0, 0, 0, 0, 0, 0, 10, 3, 35, 10, 0, 0, 0, 0, 0, 0, 0, 0, 3, 0, 0, 0, 0, 0, 0, 0, 0, 0]",0,train
SYN-1423,449.2458731592342,8980.672978401346,6.708370352625465,29.0,55.25058638152243,4.673624632948126,788.8898400288064,0.5107706898881622,1452.3575070915858,336.32161828858796,0.8716211501653984,4.0,0.0,0.0,65.0,"[0, 10, 0, 0, 0, 0, 0, 0, 0, 0, 0, 0, 0, 0, 0, 0, 10, 35, 0, 0, 0, 65, 0, 0, 0, 0, 0, 0, 0, 0]",0,test
SYN-1424,393.4462724841768,5722.394192651098,14.447632936768363,29.0,96.69507263144666,3.0836106219482495,897.6216461620832,0.15378772370611993,1029.9574915245785,234.94599527214757,0.8429132288117734,5.0,1.0,0.0,65.0,"[0, 0, 10, 0, 0, 0, 3, 65, 0, 3, 0, 0, 0, 0, 0, 0, 0, 0, 0, 0, 0, 0, 0, 0, 0, 10, 0, 0, 0, 0]",1,train
SYN-1425,277.93504468762256,3691.875492702149,10.508168314566959,82.0,93.24976188823182,17.218787490738922,899.8889228981714,0.09130530244250394,255.39889768861258,63.294113375909426,0.5632390670276374,0.0,0.0,0.0,0.0,"[0, 0, 0, 0, 0, 0, 0, 0, 0, 0, 0, 0, 0, 0, 0, 0, 0, 0, 0, 0, 0, 0, 0, 0, 0, 0, 0, 0, 0, 0]",0,train
SYN-1426,149.6880233363084,1963.0018482167025,9.932233957523955,31.0,25.817146539063874,12.447442721445265,866.087315091604,0.08888658618292722,289.6493708409002,72.05368041421514,0.6538320486295006,1.0,0.0,0.0,35.0,"[0, 0, 0, 0, 0, 0, 0, 0, 0, 0, 0, 0, 0, 0, 0, 0, 0, 0, 0, 0, 35, 0, 0, 0, 0, 0, 0, 0, 0, 0]",0,train
SYN-1427,445.58221804410346,6342.4029847294105,12.633960009820983,78.0,74.89382790193095,13.186365677582465,752.0956824056881,0.5735123705866703,1111.3042371224644,119.62351540334883,0.4365464675837369,2.0,1.0,0.0,10.0,"[0, 0, 0, 0, 0, 0, 0, 0, 0, 0, 0, 0, 0, 0, 0, 10, 0, 0, 0, 0, 0, 0, 0, 0, 0, 0, 0, 3, 0, 0]",0,train
SYN-1428,453.6138071540981,7683.1481236621685,3.014741912044748,65.0,40.89368399806421,18.796232016721625,968.6233439426314,0.40855785027570285,1334.0135835170188,128.26404778871157,0.37291133805658355,0.0,0.0,0.0,0.0,"[0, 0, 0, 0, 0, 0, 0, 0, 0, 0, 0, 0, 0, 0, 0, 0, 0, 0, 0, 0, 0, 0, 0, 0, 0, 0, 0, 0, 0, 0]",0,train
SYN-1429,309.781184359755,1718.5873160192548,5.086647691251445,103.0,68.83476465383353,17.60131744362792,677.75452430176,0.6129928567268135,778.5222146435807,20.626746235258903,0.28878936296272606,2.0,1.0,1.0,35.0,"[0, 0, 0, 0, 0, 0, 0, 0, 0, 0, 0, 0, 0, 0, 0, 0, 0, 0, 0, 35, 0, 0, 0, 0, 0, 0, 0, 0, 0, 35]",0,train
SYN-1430,330.6257149833268,7681.747582383793,3.5761117245661356,42.0,73.05135782315608,4.913687807217128,889.836031378923,0.730019281110944,962.251743580007,194.85566322133732,0.810303037251666,6.0,1.0,0.0,35.0,"[0, 0, 10, 0, 0, 0, 0, 3, 0, 0, 0, 0, 0, 0, 10, 0, 0, 0, 3, 0, 0, 10, 0, 0, 35, 0, 0, 0, 0, 0]",0,test
SYN-1431,410.2739486658428,1617.218946715417,13.276068637521261,75.0,70.97988322348533,19.378580559832393,844.9261858760956,0.20494103127579802,333.3336365610693,31.84456632612859,0.2506238816380752,1.0,0.0,0.0,35.0,"[0, 0, 0, 0, 0, 35, 0, 0, 0, 0, 0, 0, 0, 0, 0, 0, 0, 0, 0, 0, 0, 0, 0, 0, 0, 0, 0, 0, 0, 0]",0,train
SYN-1432,626.2079337412976,13723.041180658707,6.62706345522977,66.0,79.74286437655596,12.478770122501217,851.1187478569723,0.3505636493781303,1407.7042778567056,248.68214935776186,0.5244663889391068,0.0,0.0,0.0,0.0,"[0, 0, 0, 0, 0, 0, 0, 0, 0, 0, 0, 0, 0, 0, 0, 0, 0, 0, 0, 0, 0, 0, 0, 0, 0, 0, 0, 0, 0, 0]",0,test
SYN-1433,522.415874674416,11219.972760095201,5.75035267440617,46.0,145.81633568488263,0.15297678632413492,766.8079122828113,0.38060336887320007,1758.892656511505,272.36370792689627,0.800473461631311,3.0,1.0,0.0,65.0,"[0, 0, 0, 0, 0, 0, 0, 0, 65, 0, 0, 0, 0, 0, 0, 0, 0, 0, 0, 0, 0, 0, 35, 0, 10, 0, 0, 0, 0, 0]",0,train
SYN-1434,572.8673114248586,8017.28398969973,7.729417781391638,34.0,87.79154804330138,15.90045254287565,819.8618862117781,0.6503506662570395,104.63089545865738,263.3201489414346,0.6129023073623049,1.0,0.0,0.0,10.0,"[0, 0, 0, 10, 0, 0, 0, 0, 0, 0, 0, 0, 0, 0, 0, 0, 0, 0, 0, 0, 0, 0, 0, 0, 0, 0, 0, 0, 0, 0]",0,train
SYN-1435,299.64646324743813,3202.9662867036272,15.949115402010051,85.0,74.37700963056515,16.03530255401479,811.4992926406431,0.19535520811915508,521.7345104318283,63.11722322545919,0.45885484969827983,0.0,0.0,0.0,0.0,"[0, 0, 0, 0, 0, 0, 0, 0, 0, 0, 0, 0, 0, 0, 0, 0, 0, 0, 0, 0, 0, 0, 0, 0, 0, 0, 0, 0, 0, 0]",0,validation
SYN-1436,539.7598986245407,11537.844407695658,9.886320083648119,22.0,160.76346746121538,14.25820128783178,878.0501905089207,0.43648276049156204,1449.5422511796498,575.5617910171362,1.3641718481767808,4.0,1.0,0.0,35.0,"[0, 35, 0, 0, 0, 0, 0, 0, 0, 3, 0, 0, 0, 0, 0, 0, 0, 0, 0, 0, 0, 0, 0, 35, 3, 0, 0, 0, 0, 0]",0,train
SYN-1437,722.0627334341084,12033.011754119221,11.525078018639167,42.0,110.60218925187598,5.875956470980414,763.998274486272,0.5939823721114922,3710.491374458926,349.51372086210273,0.6372242864905677,0.0,0.0,0.0,0.0,"[0, 0, 0, 0, 0, 0, 0, 0, 0, 0, 0, 0, 0, 0, 0, 0, 0, 0, 0, 0, 0, 0, 0, 0, 0, 0, 0, 0, 0, 0]",0,test
SYN-1438,361.31202452920024,5465.476195126251,7.235296042886345,118.0,118.60697829958728,16.22918859555373,869.3428607205047,0.10956609758250925,529.1616328230803,64.86568262072507,0.507795612834592,0.0,0.0,0.0,0.0,"[0, 0, 0, 0, 0, 0, 0, 0, 0, 0, 0, 0, 0, 0, 0, 0, 0, 0, 0, 0, 0, 0, 0, 0, 0, 0, 0, 0, 0, 0]",0,train
SYN-1439,1394.462813833565,32274.50106964937,13.75982047053823,23.0,53.91480169638074,13.884826348428987,816.132895901363,0.5120951920322667,5170.925387366763,1604.3848952314675,1.189203240471476,6.0,1.0,1.0,65.0,"[0, 0, 0, 3, 0, 0, 0, 0, 3, 0, 3, 0, 10, 0, 0, 0, 0, 0, 0, 0, 0, 0, 0, 65, 0, 0, 0, 0, 0, 3]",0,train
SYN-1440,362.7181943928766,3474.081520328739,10.321916894015615,74.0,42.79859246895581,2.3028753631986643,857.7570025616562,0.22743035029187753,690.1378768443328,63.657820614088095,0.2934962037436041,1.0,0.0,0.0,10.0,"[0, 0, 0, 0, 0, 0, 0, 0, 10, 0, 0, 0, 0, 0, 0, 0, 0, 0, 0, 0, 0, 0, 0, 0, 0, 0, 0, 0, 0, 0]",0,test
SYN-1441,477.64701101145016,2650.374611833139,9.07909291805664,46.0,112.81308980190379,12.59306195317619,772.0189721991427,0.27465002066757305,656.6515423142946,68.43900555870154,0.3794687105374985,0.0,0.0,0.0,0.0,"[0, 0, 0, 0, 0, 0, 0, 0, 0, 0, 0, 0, 0, 0, 0, 0, 0, 0, 0, 0, 0, 0, 0, 0, 0, 0, 0, 0, 0, 0]",0,test
SYN-1442,257.34147749277815,5279.8145021760165,14.210437464039366,47.0,21.27364728604673,9.10744064235865,757.7733459848297,0.13772774042367533,700.4915868997683,147.13047533168012,0.6543994549905109,1.0,1.0,0.0,3.0,"[0, 0, 0, 0, 0, 0, 0, 0, 0, 0, 0, 0, 0, 0, 0, 0, 0, 0, 0, 0, 0, 0, 0, 0, 3, 0, 0, 0, 0, 0]",0,train
SYN-1443,386.08359684757187,7344.313071758052,9.836365080406836,69.0,13.89961355473839,18.06774321078002,834.7996670380188,0.3648984389267111,489.0719554940763,139.78656318981226,0.39806450727101694,2.0,1.0,0.0,10.0,"[0, 0, 0, 0, 0, 0, 0, 0, 0, 0, 0, 3, 0, 0, 0, 0, 0, 0, 0, 0, 0, 0, 0, 0, 10, 0, 0, 0, 0, 0]",0,train
SYN-1444,371.1890085384127,3836.7311658519448,8.444988286837276,118.0,30.448410359444626,7.618810482617649,821.263192076641,0.5461463612391416,360.25043895795915,47.97049274314726,0.21126407651824816,2.0,0.0,0.0,35.0,"[0, 0, 0, 0, 0, 0, 0, 0, 0, 0, 0, 0, 0, 0, 0, 3, 0, 0, 0, 0, 0, 35, 0, 0, 0, 0, 0, 0, 0, 0]",0,train
SYN-1445,343.6231871875691,5692.249380339607,3.932620735747074,112.0,24.516207744246856,7.322723387236447,729.0012478837432,0.7256497681636681,233.9507375625802,60.80254698903177,0.24829161102771213,0.0,0.0,0.0,0.0,"[0, 0, 0, 0, 0, 0, 0, 0, 0, 0, 0, 0, 0, 0, 0, 0, 0, 0, 0, 0, 0, 0, 0, 0, 0, 0, 0, 0, 0, 0]",0,train
SYN-1446,152.82375038053752,2316.807266758424,4.589178258889864,109.0,47.512243920610366,18.880204873692197,738.5760351386509,0.46395699403295004,602.6403428835357,26.032142296178534,0.48123662738062833,0.0,0.0,0.0,0.0,"[0, 0, 0, 0, 0, 0, 0, 0, 0, 0, 0, 0, 0, 0, 0, 0, 0, 0, 0, 0, 0, 0, 0, 0, 0, 0, 0, 0, 0, 0]",0,train
SYN-1447,618.315826015986,2096.4097454910707,6.010535033549235,40.0,81.35457054735285,17.86079932258312,963.9843235424796,0.4548448435064122,1514.6320621816315,57.966377713257025,0.22532327719686712,0.0,0.0,0.0,0.0,"[0, 0, 0, 0, 0, 0, 0, 0, 0, 0, 0, 0, 0, 0, 0, 0, 0, 0, 0, 0, 0, 0, 0, 0, 0, 0, 0, 0, 0, 0]",0,test
SYN-1448,310.8581365618586,4354.740969160944,10.18107227708592,103.0,31.494079901320127,12.270529547155062,710.4066449409997,0.5106970344856593,97.04042180586131,63.57744061164997,0.30583571517373337,2.0,0.0,0.0,65.0,"[0, 0, 0, 0, 0, 10, 0, 0, 0, 0, 0, 0, 0, 0, 0, 0, 0, 0, 0, 0, 65, 0, 0, 0, 0, 0, 0, 0, 0, 0]",0,train
SYN-1449,382.6577093587611,3937.8934470489908,6.625934919006477,87.0,85.86021423443043,8.186701852293872,677.1730637367758,0.6771110726672771,146.85191713286426,57.12448533342705,0.3736621426168682,1.0,0.0,0.0,10.0,"[10, 0, 0, 0, 0, 0, 0, 0, 0, 0, 0, 0, 0, 0, 0, 0, 0, 0, 0, 0, 0, 0, 0, 0, 0, 0, 0, 0, 0, 0]",0,validation
SYN-1450,485.7241588262222,5928.955547849908,11.853254000676058,40.0,60.677439650843745,6.214081874975303,919.3003290374356,0.18651896606782434,2439.2969262984684,180.15089377268305,0.49581296101371825,1.0,0.0,0.0,3.0,"[0, 0, 0, 0, 0, 0, 0, 0, 0, 0, 0, 0, 0, 3, 0, 0, 0, 0, 0, 0, 0, 0, 0, 0, 0, 0, 0, 0, 0, 0]",0,train
SYN-1451,426.4391381003969,6280.578007401203,14.976278094177445,114.0,13.305374635080444,4.469600269906204,784.6066529803551,0.2652031257471047,43.60181745266013,103.56936654320121,0.2740713286751971,0.0,0.0,0.0,0.0,"[0, 0, 0, 0, 0, 0, 0, 0, 0, 0, 0, 0, 0, 0, 0, 0, 0, 0, 0, 0, 0, 0, 0, 0, 0, 0, 0, 0, 0, 0]",0,test
SYN-1452,888.4221356433567,5198.649502820344,8.432131906513437,16.0,165.5710932710343,2.2271790987317774,817.6145948164143,0.2984544364807931,1115.933636984966,344.6616709836782,0.5743134302762775,4.0,1.0,0.0,65.0,"[3, 10, 0, 0, 0, 3, 0, 0, 0, 0, 0, 0, 0, 0, 0, 0, 0, 0, 0, 0, 0, 0, 0, 0, 65, 0, 0, 0, 0, 0]",0,train
SYN-1453,204.08107247368062,4387.453434389945,7.24834555448897,37.0,26.47806434375661,5.864678402293286,899.7300566764047,0.17390538636872258,221.7313484949473,132.68001041005488,0.7798767069608445,2.0,0.0,0.0,10.0,"[0, 0, 3, 0, 0, 0, 0, 10, 0, 0, 0, 0, 0, 0, 0, 0, 0, 0, 0, 0, 0, 0, 0, 0, 0, 0, 0, 0, 0, 0]",0,train
SYN-1454,438.42304928226395,4142.286053780366,6.243597202802258,69.0,46.83715730986158,19.83310903882361,920.8557599960913,0.06986646450824445,272.76121711154184,71.60706824640323,0.2701596682705623,0.0,0.0,0.0,0.0,"[0, 0, 0, 0, 0, 0, 0, 0, 0, 0, 0, 0, 0, 0, 0, 0, 0, 0, 0, 0, 0, 0, 0, 0, 0, 0, 0, 0, 0, 0]",0,validation
SYN-1455,495.3617861824374,9289.564603427558,13.828447925281992,106.0,132.42398343925677,3.8502160506194127,859.8834210109976,0.5567049411761268,23.62369395097496,152.24378363914752,0.5746663852943303,0.0,0.0,0.0,0.0,"[0, 0, 0, 0, 0, 0, 0, 0, 0, 0, 0, 0, 0, 0, 0, 0, 0, 0, 0, 0, 0, 0, 0, 0, 0, 0, 0, 0, 0, 0]",0,train
SYN-1456,303.361310740105,4163.399584442533,7.944892876704566,23.0,24.961715613003378,18.179919739235043,749.0464404983129,0.39633246366524927,535.8777318417774,195.74685466834572,0.7275435675791697,6.0,1.0,0.0,35.0,"[0, 0, 0, 0, 35, 0, 0, 0, 35, 0, 0, 0, 3, 0, 0, 0, 0, 10, 0, 0, 0, 3, 0, 0, 0, 0, 3, 0, 0, 0]",0,train
SYN-1457,618.6854085301966,6953.692386035644,6.345696443633022,12.0,45.8150881069563,5.548803233226232,804.5552703268401,0.30259340043440835,372.42349378333284,599.5849406559348,1.0431796513451967,2.0,0.0,0.0,35.0,"[3, 0, 0, 0, 35, 0, 0, 0, 0, 0, 0, 0, 0, 0, 0, 0, 0, 0, 0, 0, 0, 0, 0, 0, 0, 0, 0, 0, 0, 0]",0,validation
SYN-1458,442.96562367308957,1749.5536014188935,12.415412328393318,116.0,132.66386061570626,12.499455948018447,789.5899758023374,0.18090636347662722,1528.2999196847732,25.97050604298678,0.3581189107707506,0.0,0.0,0.0,0.0,"[0, 0, 0, 0, 0, 0, 0, 0, 0, 0, 0, 0, 0, 0, 0, 0, 0, 0, 0, 0, 0, 0, 0, 0, 0, 0, 0, 0, 0, 0]",0,test
SYN-1459,344.4029592836162,6889.068889595689,9.43968826457931,55.0,95.29341567918618,16.25313114448233,859.5576785242349,0.08275020753062266,137.55086294048573,154.78414389530315,0.726119078926236,1.0,0.0,0.0,3.0,"[0, 0, 0, 0, 0, 0, 0, 0, 0, 0, 0, 0, 3, 0, 0, 0, 0, 0, 0, 0, 0, 0, 0, 0, 0, 0, 0, 0, 0, 0]",0,train
SYN-1460,454.1839553417143,2154.6761784786863,5.0708470086518425,68.0,75.10038923616366,14.370870661475676,984.7272591329345,0.3703098558115233,451.7791728715859,36.52309895917115,0.24576713219944696,0.0,0.0,0.0,0.0,"[0, 0, 0, 0, 0, 0, 0, 0, 0, 0, 0, 0, 0, 0, 0, 0, 0, 0, 0, 0, 0, 0, 0, 0, 0, 0, 0, 0, 0, 0]",0,train
SYN-1461,353.26410801720016,2324.9951658321584,15.107737575324798,71.0,120.23901521025263,18.647542480252707,791.5764029022316,0.28849919393526,34.163260164959134,49.72652126134591,0.4811288002780148,1.0,0.0,0.0,3.0,"[0, 0, 0, 0, 0, 0, 0, 0, 3, 0, 0, 0, 0, 0, 0, 0, 0, 0, 0, 0, 0, 0, 0, 0, 0, 0, 0, 0, 0, 0]",0,test
SYN-1462,264.48418734957005,2858.9043265558366,5.451798974890167,62.0,82.4471407052012,18.476429996714447,803.8609627451065,0.4913135724808204,417.19152246164515,53.01405361678302,0.5121712404792824,5.0,3.0,1.0,35.0,"[0, 0, 0, 0, 3, 0, 0, 0, 0, 0, 0, 0, 0, 0, 0, 0, 0, 35, 0, 0, 0, 0, 0, 0, 3, 10, 0, 0, 0, 3]",0,train
SYN-1463,347.34193995518626,3950.0883967034933,12.134193806858825,33.0,84.64461573490617,7.849857985673079,722.2843443144034,0.4600259573060291,1307.0373822240747,141.37823453486016,0.6507214484347257,1.0,0.0,0.0,3.0,"[0, 0, 0, 0, 0, 0, 0, 0, 0, 0, 0, 3, 0, 0, 0, 0, 0, 0, 0, 0, 0, 0, 0, 0, 0, 0, 0, 0, 0, 0]",0,train
SYN-1464,572.6997078540936,8247.236547430526,11.003856114262861,73.0,70.88296331959504,11.8211489488597,664.1431767217446,0.41288613908266864,555.7425382813531,155.47483769552298,0.39524692943057527,3.0,1.0,1.0,35.0,"[0, 35, 0, 0, 0, 0, 0, 0, 0, 0, 3, 0, 0, 0, 0, 0, 0, 0, 0, 0, 0, 0, 0, 0, 0, 0, 0, 0, 0, 10]",0,train
SYN-1465,482.875142716656,11158.042895211998,14.19504933845177,23.0,96.81568027828253,15.750981076802752,843.9448481689903,0.35656464022572854,404.599268936532,556.9628437693099,1.353928720309424,9.0,2.0,1.0,65.0,"[0, 10, 3, 0, 0, 0, 0, 0, 3, 0, 0, 10, 0, 0, 0, 35, 0, 0, 3, 0, 0, 0, 65, 0, 0, 0, 0, 0, 10, 3]",1,train
SYN-1466,278.866190847446,1056.0132219775335,15.459934976879707,120.0,13.787910805343436,16.664379625417546,705.6649679626336,0.31732966666147167,25.9530075416653,17.33583932717968,0.11160818756099909,1.0,0.0,0.0,10.0,"[0, 0, 10, 0, 0, 0, 0, 0, 0, 0, 0, 0, 0, 0, 0, 0, 0, 0, 0, 0, 0, 0, 0, 0, 0, 0, 0, 0, 0, 0]",0,test
SYN-1467,353.202183451449,4007.4395567282613,7.848359946394999,111.0,74.77439832069098,4.312304079064047,784.1555136059455,0.8438077624585476,399.6516256652905,50.89277398448662,0.35579387159267584,6.0,0.0,0.0,35.0,"[0, 0, 0, 0, 0, 0, 0, 0, 0, 0, 0, 0, 0, 0, 3, 10, 0, 35, 10, 3, 0, 10, 0, 0, 0, 0, 0, 0, 0, 0]",1,test
SYN-1468,402.924903871013,6155.966355472897,12.765605177435356,48.0,35.21684959498401,4.030428444302581,822.2263121373801,0.2669411664554832,1581.795451861118,164.4339012809051,0.49550362600521375,0.0,0.0,0.0,0.0,"[0, 0, 0, 0, 0, 0, 0, 0, 0, 0, 0, 0, 0, 0, 0, 0, 0, 0, 0, 0, 0, 0, 0, 0, 0, 0, 0, 0, 0, 0]",0,train
SYN-1469,198.45885429177451,1651.716074858997,8.816901848338283,103.0,20.326249475983882,8.158258795854781,876.6913887294306,0.5312867580843207,98.65011523357092,22.918266939688085,0.2179016732208572,0.0,0.0,0.0,0.0,"[0, 0, 0, 0, 0, 0, 0, 0, 0, 0, 0, 0, 0, 0, 0, 0, 0, 0, 0, 0, 0, 0, 0, 0, 0, 0, 0, 0, 0, 0]",0,train
SYN-1470,320.83393988752135,4115.260930000466,12.400320234427234,84.0,89.66961012706975,3.4108012592642156,784.865554460703,0.45658726675287603,731.3416499615911,73.52955507647012,0.5086717610386063,1.0,1.0,0.0,10.0,"[0, 0, 0, 0, 0, 0, 0, 0, 0, 0, 0, 0, 0, 0, 0, 0, 0, 0, 0, 0, 0, 0, 0, 0, 10, 0, 0, 0, 0, 0]",0,train
SYN-1471,249.55314459262303,3612.859320734579,14.133321371286083,56.0,33.30117649903494,5.72641492681983,802.1966893435649,0.5947266185075918,1166.0036816102424,88.47882849101434,0.487992267894865,1.0,0.0,0.0,3.0,"[0, 0, 0, 0, 0, 0, 0, 0, 0, 0, 0, 0, 0, 0, 0, 0, 0, 0, 0, 0, 3, 0, 0, 0, 0, 0, 0, 0, 0, 0]",1,train
SYN-1472,164.16521616854314,3107.5140194967703,15.101611628190598,80.0,28.851091858254946,2.3748068582665005,735.336966349414,0.31701644834504467,24.487861439263945,61.848757483556206,0.5524912734783752,13.0,2.0,0.0,35.0,"[0, 0, 3, 3, 35, 35, 0, 0, 3, 10, 3, 10, 0, 0, 3, 0, 0, 0, 0, 0, 0, 35, 10, 0, 0, 0, 10, 35, 0, 0]",0,train
SYN-1473,344.4076458983111,6914.205194758293,14.248465036986438,95.0,47.671705754353546,14.976357962857376,716.6062389125348,0.46636845242350694,293.38890596475227,121.77662484996362,0.49199932876736435,4.0,0.0,0.0,10.0,"[0, 3, 0, 0, 0, 0, 3, 0, 10, 0, 0, 0, 0, 0, 0, 3, 0, 0, 0, 0, 0, 0, 0, 0, 0, 0, 0, 0, 0, 0]",1,train
SYN-1474,341.30723765567404,1565.9475988031377,7.616682174891307,105.0,22.857168524021443,6.81481291867957,793.2300234868364,0.4867356691593057,468.50120782834836,20.477055439453807,0.12696544105282861,0.0,0.0,0.0,0.0,"[0, 0, 0, 0, 0, 0, 0, 0, 0, 0, 0, 0, 0, 0, 0, 0, 0, 0, 0, 0, 0, 0, 0, 0, 0, 0, 0, 0, 0, 0]",0,train
SYN-1475,373.50359559258544,8547.602832467932,7.671320697072829,100.0,61.96979362455056,7.133953166087339,912.7631248545205,0.14229020653367666,596.7147880211082,115.95264515436538,0.47636071212816977,0.0,0.0,0.0,0.0,"[0, 0, 0, 0, 0, 0, 0, 0, 0, 0, 0, 0, 0, 0, 0, 0, 0, 0, 0, 0, 0, 0, 0, 0, 0, 0, 0, 0, 0, 0]",0,train
SYN-1476,162.73175929722385,3774.7793291238418,10.96786904725818,63.0,16.649929210207397,16.125961319538426,918.6819646281244,0.3098992022096838,124.70117002186186,79.08011062043313,0.5882689417484448,0.0,0.0,0.0,0.0,"[0, 0, 0, 0, 0, 0, 0, 0, 0, 0, 0, 0, 0, 0, 0, 0, 0, 0, 0, 0, 0, 0, 0, 0, 0, 0, 0, 0, 0, 0]",0,validation
SYN-1477,200.89211403503253,3100.040602726762,6.278861079615188,59.0,21.683639559509064,16.630471847650163,727.646342160784,0.4060389700052171,126.27851834416568,61.20625140146444,0.4126089834791562,2.0,0.0,0.0,3.0,"[0, 0, 0, 0, 0, 0, 0, 0, 3, 3, 0, 0, 0, 0, 0, 0, 0, 0, 0, 0, 0, 0, 0, 0, 0, 0, 0, 0, 0, 0]",0,validation
SYN-1478,529.4604160028581,2083.622855096844,11.916338252859436,110.0,11.524600192540559,19.905820946838045,853.0495527343533,0.4043350298914382,1379.5195402002826,31.219664928236753,0.08073174845340388,0.0,0.0,0.0,0.0,"[0, 0, 0, 0, 0, 0, 0, 0, 0, 0, 0, 0, 0, 0, 0, 0, 0, 0, 0, 0, 0, 0, 0, 0, 0, 0, 0, 0, 0, 0]",0,train
SYN-1479,483.02093043772953,4296.248940316253,4.712508495733918,43.0,24.86018327040937,0.9816131047155752,775.7329228191471,0.45064027889448477,1466.4945905750628,108.78154370608465,0.27667895644891305,2.0,0.0,0.0,65.0,"[0, 0, 0, 0, 0, 0, 0, 0, 0, 0, 0, 0, 0, 0, 0, 0, 0, 0, 0, 0, 3, 65, 0, 0, 0, 0, 0, 0, 0, 0]",0,train
SYN-1480,351.62409632746244,2971.7494637469013,4.053615224095061,117.0,93.59456918020973,0.6550651952229347,648.6125848526049,0.8896533571060001,84.36626025351492,30.790965044155516,0.35374576294261356,7.0,1.0,0.0,35.0,"[35, 0, 0, 0, 0, 0, 0, 0, 10, 3, 0, 0, 0, 35, 10, 0, 0, 0, 10, 0, 0, 0, 0, 0, 0, 3, 0, 0, 0, 0]",0,train
SYN-1481,580.0760484826991,8774.412321580756,4.683190051458036,18.0,105.00987452276595,1.9824768891819122,669.8847363647619,0.1014987371542192,966.2385474505074,505.739764518506,1.0528785676271337,8.0,3.0,1.0,35.0,"[0, 10, 10, 0, 0, 0, 0, 3, 0, 10, 0, 0, 0, 10, 0, 0, 0, 0, 0, 0, 0, 0, 0, 0, 35, 10, 0, 0, 0, 10]",0,train
SYN-1482,277.58778626720834,5020.149067577754,12.508063084076298,87.0,37.91842553755829,14.780034167752074,853.0860970261838,0.30873813027126346,293.96151073655346,88.04805895670884,0.45378972248083976,0.0,0.0,0.0,0.0,"[0, 0, 0, 0, 0, 0, 0, 0, 0, 0, 0, 0, 0, 0, 0, 0, 0, 0, 0, 0, 0, 0, 0, 0, 0, 0, 0, 0, 0, 0]",0,train
SYN-1483,504.63966321675457,7164.949329811918,9.795101017737984,19.0,129.10498732676217,4.083927694311875,822.5686803897329,0.3347486039252411,1361.4555501053783,408.63431959345064,1.0655906503513204,7.0,2.0,0.0,35.0,"[0, 0, 0, 0, 3, 3, 0, 0, 35, 10, 0, 3, 0, 0, 0, 0, 0, 0, 0, 0, 0, 0, 0, 0, 0, 10, 10, 0, 0, 0]",0,train
SYN-1484,246.776183056007,2221.271409189453,8.088386378858589,46.0,55.36088759605961,18.32873919127751,740.5580251712869,0.5861116650351899,434.33555207881244,56.32204610979116,0.45256771671723206,3.0,0.0,0.0,35.0,"[0, 0, 0, 0, 0, 0, 0, 0, 35, 0, 0, 0, 0, 3, 0, 0, 0, 0, 0, 0, 3, 0, 0, 0, 0, 0, 0, 0, 0, 0]",0,train
SYN-1485,515.0463352555845,5526.656670112351,3.2946129949426552,37.0,96.11084995463398,19.47152757931521,810.6211386186542,0.4527012956357496,496.35928455265747,157.28905117393273,0.4919943775598764,0.0,0.0,0.0,0.0,"[0, 0, 0, 0, 0, 0, 0, 0, 0, 0, 0, 0, 0, 0, 0, 0, 0, 0, 0, 0, 0, 0, 0, 0, 0, 0, 0, 0, 0, 0]",0,train
SYN-1486,269.4747207223978,2255.334261829537,14.228496342473763,75.0,59.00209169124126,3.84524308052955,770.3962545466264,0.3621308938095422,647.0792086775662,45.56477963688767,0.38803963150164866,1.0,0.0,0.0,35.0,"[0, 0, 35, 0, 0, 0, 0, 0, 0, 0, 0, 0, 0, 0, 0, 0, 0, 0, 0, 0, 0, 0, 0, 0, 0, 0, 0, 0, 0, 0]",0,validation
SYN-1487,275.5106717757529,2390.8087873167433,8.854510553549142,41.0,84.37216214414767,11.133775039419177,908.9889518774015,0.2654078129907267,789.3551999136646,67.79032886747024,0.5522925483462503,0.0,0.0,0.0,0.0,"[0, 0, 0, 0, 0, 0, 0, 0, 0, 0, 0, 0, 0, 0, 0, 0, 0, 0, 0, 0, 0, 0, 0, 0, 0, 0, 0, 0, 0, 0]",0,train
SYN-1488,374.3053689130067,5646.27958682367,11.126444707912308,116.0,34.688458733086115,18.56192661499868,756.4882540029796,0.7352631098458352,1673.6753986753383,79.66025321550886,0.30549578351137957,2.0,1.0,0.0,35.0,"[0, 0, 0, 0, 0, 0, 0, 0, 0, 0, 0, 0, 0, 0, 0, 0, 0, 0, 35, 0, 0, 0, 0, 0, 0, 0, 0, 0, 10, 0]",0,test
SYN-1489,536.0346058143817,2329.698166387203,13.998315797344802,102.0,153.67530929370986,10.581669188241298,952.9327821082494,0.0706182452888629,424.4381531647204,39.180022583626695,0.3597814950479495,0.0,0.0,0.0,0.0,"[0, 0, 0, 0, 0, 0, 0, 0, 0, 0, 0, 0, 0, 0, 0, 0, 0, 0, 0, 0, 0, 0, 0, 0, 0, 0, 0, 0, 0, 0]",0,train
SYN-1490,442.9246775951554,7410.728342190993,12.298595254311362,83.0,125.0024983498433,18.006511605628027,742.4106763111963,0.43791690069245315,709.3896507405944,133.0120269697944,0.582524610551209,0.0,0.0,0.0,0.0,"[0, 0, 0, 0, 0, 0, 0, 0, 0, 0, 0, 0, 0, 0, 0, 0, 0, 0, 0, 0, 0, 0, 0, 0, 0, 0, 0, 0, 0, 0]",0,test
SYN-1491,474.86765837865875,2562.180634596774,7.404330265962573,92.0,23.075229636739643,13.074221912754115,844.2832939832897,0.5728708766611534,31.21895204694054,36.58192304469441,0.12562900763787863,2.0,1.0,0.0,10.0,"[0, 0, 0, 0, 0, 0, 0, 0, 10, 0, 0, 0, 0, 0, 0, 0, 0, 0, 0, 0, 0, 0, 0, 0, 10, 0, 0, 0, 0, 0]",0,train
SYN-1492,302.65029734830483,6855.376556679541,8.205119383405847,49.0,51.991538493573195,6.2318158593189255,838.9419321082861,0.19486902091710198,1297.396849363682,165.1224388393053,0.7173757278123968,1.0,0.0,0.0,3.0,"[0, 0, 0, 0, 0, 0, 3, 0, 0, 0, 0, 0, 0, 0, 0, 0, 0, 0, 0, 0, 0, 0, 0, 0, 0, 0, 0, 0, 0, 0]",0,validation
SYN-1493,655.0039321589841,10805.719471268001,14.492113996246369,46.0,83.67902962137644,14.597510350780702,860.609163778252,0.11763541303524365,410.1548721962986,307.5464383374229,0.5972872050848089,0.0,0.0,0.0,0.0,"[0, 0, 0, 0, 0, 0, 0, 0, 0, 0, 0, 0, 0, 0, 0, 0, 0, 0, 0, 0, 0, 0, 0, 0, 0, 0, 0, 0, 0, 0]",0,validation
SYN-1494,193.509884969798,4301.623794515751,5.521358334383606,46.0,23.728973153246358,17.204360683411938,858.7579886617543,0.48414948028674176,586.3104457832264,103.97273116080406,0.6599234159742352,2.0,1.0,1.0,35.0,"[0, 35, 0, 0, 0, 0, 0, 0, 0, 0, 0, 0, 0, 0, 0, 0, 0, 0, 0, 0, 0, 0, 0, 0, 0, 0, 0, 0, 0, 10]",0,train
SYN-1495,100.0,2082.6583712136817,13.689686283891085,49.0,2.045002643129096,9.052271721852241,764.3385704962241,0.5982152845845659,151.5734408617615,55.71965114681582,0.5776465378994492,2.0,1.0,0.0,10.0,"[0, 0, 0, 0, 0, 0, 3, 0, 0, 0, 0, 0, 0, 0, 0, 0, 0, 0, 0, 0, 0, 0, 0, 0, 10, 0, 0, 0, 0, 0]",0,train
SYN-1496,470.842917451489,6383.046711230177,7.914893611420763,43.0,66.30442131684897,12.465234256127326,735.8271463222084,0.31664256419720815,745.7641214854934,170.9728893024511,0.5039415521074431,2.0,0.0,0.0,3.0,"[0, 0, 0, 0, 0, 0, 0, 0, 3, 3, 0, 0, 0, 0, 0, 0, 0, 0, 0, 0, 0, 0, 0, 0, 0, 0, 0, 0, 0, 0]",0,train
SYN-1497,552.1598129115305,4385.955845362153,8.899777206942534,34.0,83.23352487020743,9.642343477447366,728.3024679094912,0.7003714869426642,1874.6193003242936,146.42094220386483,0.4159202855838198,1.0,0.0,0.0,10.0,"[0, 0, 0, 0, 0, 0, 0, 0, 0, 0, 0, 0, 0, 10, 0, 0, 0, 0, 0, 0, 0, 0, 0, 0, 0, 0, 0, 0, 0, 0]",0,test
SYN-1498,324.72361247688923,2803.1883094929835,8.425056845273975,13.0,27.42665793066297,6.332748036811151,735.9377396873813,0.6053302753656427,481.3006645667724,226.37551650828385,0.7815944535200996,3.0,0.0,0.0,65.0,"[0, 0, 0, 0, 0, 0, 0, 0, 0, 0, 0, 0, 0, 0, 0, 65, 0, 0, 0, 3, 10, 0, 0, 0, 0, 0, 0, 0, 0, 0]",0,test
SYN-1499,599.2438209666342,3856.7607241755163,8.685511818333175,42.0,200.81651831034708,2.681464933644442,670.3670654424039,0.4362021944822954,1209.2595162228604,106.82057330553901,0.5133754923323862,10.0,0.0,0.0,35.0,"[0, 0, 0, 0, 3, 35, 0, 35, 3, 3, 3, 3, 10, 3, 0, 0, 0, 0, 0, 35, 0, 0, 0, 0, 0, 0, 0, 0, 0, 0]",0,train
SYN-1500,384.0305624892864,7630.213585429213,13.832205327434789,92.0,60.26235249500606,14.656832174895102,762.7383090131868,0.27452207055716893,2093.543019191885,134.97889699118545,0.5084002903848006,0.0,0.0,0.0,0.0,"[0, 0, 0, 0, 0, 0, 0, 0, 0, 0, 0, 0, 0, 0, 0, 0, 0, 0, 0, 0, 0, 0, 0, 0, 0, 0, 0, 0, 0, 0]",0,validation
SYN-1501,304.1863514262593,5458.951854595025,4.566569941882242,20.0,62.687155127982344,10.399802722139608,834.5101400223177,0.6129880427069802,766.5420300152465,283.985058756737,1.1396705087498293,3.0,0.0,0.0,35.0,"[0, 0, 0, 0, 35, 0, 0, 0, 0, 0, 3, 0, 0, 0, 0, 0, 0, 0, 0, 0, 3, 0, 0, 0, 0, 0, 0, 0, 0, 0]",0,validation
SYN-1502,534.5892765765585,11744.995437266887,7.262020454962217,31.0,41.65262184977236,2.1513045355205107,668.0205171242749,0.7777776728926686,1075.453691807968,416.6617590009308,0.8573205653987112,16.0,2.0,1.0,35.0,"[0, 0, 0, 35, 10, 3, 3, 35, 0, 0, 3, 3, 0, 10, 10, 0, 35, 3, 0, 3, 0, 10, 10, 0, 0, 0, 0, 10, 0, 35]",1,test
SYN-1503,947.7572947451783,10320.023827013323,5.595635993104034,85.0,312.5039205774841,18.781910014788288,649.1016170945425,0.6680979447478309,1419.6753157214653,147.33785697465564,0.4851893835074902,2.0,1.0,0.0,10.0,"[0, 0, 0, 0, 0, 0, 0, 0, 10, 0, 0, 0, 0, 0, 0, 0, 0, 0, 0, 0, 0, 0, 0, 0, 0, 0, 0, 0, 3, 0]",0,train
SYN-1504,242.98925468426424,4523.056047940589,15.952483825317032,115.0,67.67564908288925,19.64091791719582,806.0385922358373,0.2287520806813762,17.934654424652106,76.98836800350321,0.5953514992848807,4.0,0.0,0.0,35.0,"[0, 35, 35, 0, 0, 3, 10, 0, 0, 0, 0, 0, 0, 0, 0, 0, 0, 0, 0, 0, 0, 0, 0, 0, 0, 0, 0, 0, 0, 0]",0,test
SYN-1505,194.98821813847601,768.7450609715928,9.306196960967107,106.0,55.25577573202325,8.74849900320151,799.501771795557,0.39552438854112526,36.5263813035399,10.663621431526046,0.338068616621415,0.0,0.0,0.0,0.0,"[0, 0, 0, 0, 0, 0, 0, 0, 0, 0, 0, 0, 0, 0, 0, 0, 0, 0, 0, 0, 0, 0, 0, 0, 0, 0, 0, 0, 0, 0]",0,train
SYN-1506,272.9278002642808,1707.6745572371403,8.54876332805254,44.0,45.890370001032096,8.857984555886988,713.9393263090047,0.27508192767943795,2175.7323454727757,45.34771136614435,0.3342938362410462,0.0,0.0,0.0,0.0,"[0, 0, 0, 0, 0, 0, 0, 0, 0, 0, 0, 0, 0, 0, 0, 0, 0, 0, 0, 0, 0, 0, 0, 0, 0, 0, 0, 0, 0, 0]",0,train
SYN-1507,476.7966111525296,4331.4652951092885,10.699469368800942,49.0,114.64053984103377,15.12480646691748,1000.0,0.10580634097430755,410.8267406862795,109.49637083439112,0.47008914374125527,0.0,0.0,0.0,0.0,"[0, 0, 0, 0, 0, 0, 0, 0, 0, 0, 0, 0, 0, 0, 0, 0, 0, 0, 0, 0, 0, 0, 0, 0, 0, 0, 0, 0, 0, 0]",0,test
SYN-1508,339.5870124870932,1443.112159445406,12.05005487512135,12.0,102.30444927968377,12.78212995593485,875.5663057252118,0.11017186772569768,164.67966544775695,128.252561830559,0.6789335358312786,0.0,0.0,0.0,0.0,"[0, 0, 0, 0, 0, 0, 0, 0, 0, 0, 0, 0, 0, 0, 0, 0, 0, 0, 0, 0, 0, 0, 0, 0, 0, 0, 0, 0, 0, 0]",0,validation
SYN-1509,638.0480483828605,4747.130404930944,10.672750330800717,13.0,194.36441580194966,7.962765264535056,843.1899422586797,0.5574286139633279,1240.7815111141747,388.3006622763863,0.9131993735504821,3.0,1.0,0.0,35.0,"[10, 0, 0, 0, 0, 0, 0, 0, 0, 35, 0, 0, 0, 0, 0, 0, 0, 0, 0, 0, 0, 0, 0, 0, 0, 0, 0, 3, 0, 0]",0,test
SYN-1510,168.97826682018476,2358.6210138125207,15.823652906988185,58.0,43.39159432202322,5.018372801747553,755.2772547793804,0.48027208420323036,419.30039878691144,58.4348369747099,0.602600755782931,2.0,0.0,0.0,35.0,"[0, 0, 0, 0, 0, 0, 0, 0, 0, 0, 35, 0, 3, 0, 0, 0, 0, 0, 0, 0, 0, 0, 0, 0, 0, 0, 0, 0, 0, 0]",0,train
SYN-1511,303.23474296597584,1527.8507096863325,11.637222239909924,95.0,97.31839022365142,16.005447782042882,741.6337810038916,0.5221058845879614,230.69250748061637,24.68529523170739,0.40234072211523636,2.0,0.0,0.0,35.0,"[0, 0, 0, 0, 0, 0, 0, 0, 0, 0, 0, 0, 0, 0, 35, 0, 0, 0, 0, 0, 0, 3, 0, 0, 0, 0, 0, 0, 0, 0]",1,train
SYN-1512,302.2858598092597,2661.3658132957107,5.878752187657372,99.0,60.83727934516939,7.986706855482626,808.8822934474587,0.5747318694775109,329.38057843674835,33.99086033784371,0.31370352467974855,1.0,1.0,0.0,35.0,"[0, 0, 0, 0, 0, 0, 0, 0, 0, 0, 0, 0, 0, 0, 0, 0, 0, 0, 0, 0, 0, 0, 0, 0, 0, 0, 0, 0, 35, 0]",0,train
SYN-1513,312.97955973288583,3857.2739779930725,9.793535736744003,96.0,18.635242774370724,10.12318408856878,738.0578389481532,0.9038136884846936,909.4434213672349,58.11035881087179,0.24520962854807987,1.0,0.0,0.0,10.0,"[0, 0, 0, 0, 0, 0, 0, 0, 0, 0, 0, 0, 0, 0, 0, 0, 0, 0, 10, 0, 0, 0, 0, 0, 0, 0, 0, 0, 0, 0]",0,test
SYN-1514,133.47612140058487,500.73227928912223,7.135688575514846,55.0,42.297633401863386,13.741857104520289,724.0452408722529,0.6271115099216608,312.3379386023133,10.700812324913642,0.3970631238805595,3.0,2.0,0.0,3.0,"[0, 0, 0, 0, 0, 0, 0, 0, 0, 0, 0, 0, 0, 3, 0, 0, 0, 0, 0, 0, 0, 0, 0, 0, 3, 0, 0, 0, 3, 0]",0,test
SYN-1515,320.9876796059124,4000.5277710334763,11.591191818106656,101.0,31.91433243388282,10.471475391602807,688.3613632662762,0.5944600458094275,275.06972288537247,62.19986203054044,0.29320189042760303,0.0,0.0,0.0,0.0,"[0, 0, 0, 0, 0, 0, 0, 0, 0, 0, 0, 0, 0, 0, 0, 0, 0, 0, 0, 0, 0, 0, 0, 0, 0, 0, 0, 0, 0, 0]",0,train
SYN-1516,181.32616463383962,4191.792394170004,14.526253724308768,35.0,11.44668780961179,15.914616037652863,763.9436628466633,0.5735266614111373,1335.620400142364,147.63576433052938,0.8773276182253333,1.0,0.0,0.0,10.0,"[0, 0, 0, 0, 10, 0, 0, 0, 0, 0, 0, 0, 0, 0, 0, 0, 0, 0, 0, 0, 0, 0, 0, 0, 0, 0, 0, 0, 0, 0]",0,test
SYN-1517,255.10471076739844,3496.436989395768,6.490535848829278,70.0,33.26034605740556,17.77329347189369,814.9842380500003,0.2704913032223603,475.55200876655607,60.13345161410592,0.3660998551950179,0.0,0.0,0.0,0.0,"[0, 0, 0, 0, 0, 0, 0, 0, 0, 0, 0, 0, 0, 0, 0, 0, 0, 0, 0, 0, 0, 0, 0, 0, 0, 0, 0, 0, 0, 0]",0,train
SYN-1518,464.38831151254203,5187.141375471913,11.762413637152566,108.0,91.23123983732748,14.74467001874514,749.0771247045705,0.7280882861917366,329.8224881682865,78.0694250131099,0.3645670243056171,2.0,0.0,0.0,3.0,"[0, 0, 0, 3, 0, 0, 0, 0, 0, 0, 0, 0, 0, 0, 0, 0, 0, 0, 0, 0, 0, 0, 0, 3, 0, 0, 0, 0, 0, 0]",0,train
SYN-1519,549.7230416835862,9003.255176644083,12.104243663804269,64.0,50.297271404220055,2.5969740828206445,731.2911220608942,0.809328723167317,661.5797665322583,191.61944273727963,0.4400701731559289,0.0,0.0,0.0,0.0,"[0, 0, 0, 0, 0, 0, 0, 0, 0, 0, 0, 0, 0, 0, 0, 0, 0, 0, 0, 0, 0, 0, 0, 0, 0, 0, 0, 0, 0, 0]",0,train
SYN-1520,352.2962037481739,8068.124814986077,11.835789014324462,27.0,17.010310265956566,17.42488929939346,924.6257552094065,0.24487836580291508,444.4926069711262,341.8345510974817,1.0185884989551162,4.0,0.0,0.0,35.0,"[0, 0, 0, 0, 10, 35, 0, 0, 10, 0, 0, 0, 0, 0, 0, 0, 0, 0, 3, 0, 0, 0, 0, 0, 0, 0, 0, 0, 0, 0]",0,test
SYN-1521,254.02558516856146,5613.967920494957,15.968525937448486,99.0,26.279906484980906,4.0264333542338875,781.3697271218325,0.3134986537955155,260.15470446406675,102.35993836310287,0.5064050723974256,3.0,1.0,0.0,35.0,"[0, 0, 0, 35, 35, 0, 0, 0, 0, 0, 0, 0, 0, 0, 0, 0, 0, 0, 0, 0, 0, 0, 0, 0, 0, 35, 0, 0, 0, 0]",0,test
SYN-1522,292.1379808573002,6109.354263112412,13.687401544042304,47.0,15.378471420594412,1.0416249774259145,893.7290587006803,0.3789404090641146,215.61784001233576,168.6492495394632,0.6299342537386439,3.0,0.0,0.0,35.0,"[0, 0, 0, 0, 0, 10, 0, 0, 0, 0, 0, 0, 0, 0, 35, 0, 0, 0, 10, 0, 0, 0, 0, 0, 0, 0, 0, 0, 0, 0]",0,train
SYN-1523,333.32123887006753,6455.30772326965,10.912653370323664,76.0,69.23482920021858,2.064798635840006,824.0739509275006,0.2189983515621185,651.7226094056999,118.01525570864625,0.5617706376696178,0.0,0.0,0.0,0.0,"[0, 0, 0, 0, 0, 0, 0, 0, 0, 0, 0, 0, 0, 0, 0, 0, 0, 0, 0, 0, 0, 0, 0, 0, 0, 0, 0, 0, 0, 0]",0,test
SYN-1524,464.1673258528922,6303.119234265494,10.793914101200004,63.0,35.32205927895749,12.373599752621791,910.9140155769936,0.149242346287862,1519.0685093707389,131.49824207081528,0.3593969072322054,0.0,0.0,0.0,0.0,"[0, 0, 0, 0, 0, 0, 0, 0, 0, 0, 0, 0, 0, 0, 0, 0, 0, 0, 0, 0, 0, 0, 0, 0, 0, 0, 0, 0, 0, 0]",0,train
SYN-1525,383.31141826886636,5024.897455281703,4.644159376854102,27.0,23.394141877276983,12.821320848719074,740.7266141268733,0.6487407217610589,477.9785069017605,196.3597048585533,0.5733036801467996,1.0,0.0,0.0,10.0,"[0, 0, 10, 0, 0, 0, 0, 0, 0, 0, 0, 0, 0, 0, 0, 0, 0, 0, 0, 0, 0, 0, 0, 0, 0, 0, 0, 0, 0, 0]",0,test
SYN-1526,692.7877106339116,8588.425385478004,5.175566100616556,56.0,25.75363559992144,16.765276484138607,835.9961123877945,0.46920273522533396,471.687306384976,172.9592708578917,0.28683087677174257,0.0,0.0,0.0,0.0,"[0, 0, 0, 0, 0, 0, 0, 0, 0, 0, 0, 0, 0, 0, 0, 0, 0, 0, 0, 0, 0, 0, 0, 0, 0, 0, 0, 0, 0, 0]",0,train
SYN-1527,472.3089084469885,2011.9086447156944,13.662088295715646,51.0,36.501868659080294,6.200490294867604,784.5117302720502,0.5701910097802829,278.0679904955481,52.22218848409539,0.18785175455383982,1.0,0.0,0.0,10.0,"[0, 0, 10, 0, 0, 0, 0, 0, 0, 0, 0, 0, 0, 0, 0, 0, 0, 0, 0, 0, 0, 0, 0, 0, 0, 0, 0, 0, 0, 0]",0,test
SYN-1528,254.49558877202253,2302.813309978417,15.686667545846587,64.0,62.36857189355221,1.2244258705103994,912.0330515884195,0.10075685313960252,521.4364469675214,53.32908018060239,0.45461555004710397,0.0,0.0,0.0,0.0,"[0, 0, 0, 0, 0, 0, 0, 0, 0, 0, 0, 0, 0, 0, 0, 0, 0, 0, 0, 0, 0, 0, 0, 0, 0, 0, 0, 0, 0, 0]",0,validation
SYN-1529,450.5390148648524,4847.8297644058,5.230849031625378,100.0,32.226796605523106,16.23482108693619,805.2220450705371,0.4728502931619579,1510.2023030586506,59.9133750022361,0.2045109714536007,0.0,0.0,0.0,0.0,"[0, 0, 0, 0, 0, 0, 0, 0, 0, 0, 0, 0, 0, 0, 0, 0, 0, 0, 0, 0, 0, 0, 0, 0, 0, 0, 0, 0, 0, 0]",0,train
SYN-1530,396.89098686502916,8028.658364534574,14.957757701221842,78.0,97.41720925246251,11.123291050225902,775.1247542258939,0.24428044159788212,752.9218984764127,161.54496805210064,0.6524768409332221,0.0,0.0,0.0,0.0,"[0, 0, 0, 0, 0, 0, 0, 0, 0, 0, 0, 0, 0, 0, 0, 0, 0, 0, 0, 0, 0, 0, 0, 0, 0, 0, 0, 0, 0, 0]",0,validation
SYN-1531,246.9318330797833,1915.1576940349282,5.787157485311987,65.0,31.3972017877675,19.62748863781882,758.5250837114116,0.30199375133726813,63.51915420413025,34.393303630795955,0.2664318512441717,0.0,0.0,0.0,0.0,"[0, 0, 0, 0, 0, 0, 0, 0, 0, 0, 0, 0, 0, 0, 0, 0, 0, 0, 0, 0, 0, 0, 0, 0, 0, 0, 0, 0, 0, 0]",0,test
SYN-1532,172.11563332258694,3336.7836689925384,15.144247378147316,22.0,30.58557687768689,18.922290014648745,686.1071363742997,0.5423157074546835,202.19487815170783,174.64949792342398,1.1924255271829374,10.0,2.0,1.0,35.0,"[0, 0, 0, 10, 0, 3, 0, 0, 3, 0, 0, 35, 0, 0, 0, 0, 3, 10, 0, 0, 0, 10, 0, 35, 0, 0, 0, 0, 3, 3]",1,train
SYN-1533,441.69876417967373,5761.987017729476,10.765328144098792,42.0,57.89002351754643,12.427586309392005,755.2331378378444,0.49278970168779107,528.6932424232938,165.26236350319098,0.5052139718687638,1.0,0.0,0.0,3.0,"[0, 0, 0, 0, 0, 0, 0, 0, 0, 0, 0, 0, 0, 0, 0, 3, 0, 0, 0, 0, 0, 0, 0, 0, 0, 0, 0, 0, 0, 0]",0,train
SYN-1534,469.3273939881541,10519.180029578827,11.215625726715649,69.0,43.603100345947794,8.761691648102898,812.9412072059146,0.2536376923955416,1089.9992385029645,207.54455737030096,0.5351225198727432,2.0,0.0,0.0,10.0,"[0, 0, 0, 0, 0, 0, 0, 0, 0, 0, 0, 0, 0, 3, 0, 0, 10, 0, 0, 0, 0, 0, 0, 0, 0, 0, 0, 0, 0, 0]",0,train
SYN-1535,190.19198254498562,2492.6591467401586,15.103143749820108,38.0,10.164761957606332,3.3682625696328783,838.714129099509,0.14175884599241745,309.2535968795636,82.93238505241824,0.4894903863153356,1.0,1.0,0.0,10.0,"[0, 0, 0, 0, 0, 0, 0, 0, 0, 0, 0, 0, 0, 0, 0, 0, 0, 0, 0, 0, 0, 0, 0, 0, 0, 0, 0, 10, 0, 0]",0,train
SYN-1536,478.601029424616,7938.976995087144,6.722395118149372,53.0,67.64044638501537,18.317823832503418,859.6466801552734,0.15799728097745427,685.279324331029,173.54396831596023,0.5039362639711253,0.0,0.0,0.0,0.0,"[0, 0, 0, 0, 0, 0, 0, 0, 0, 0, 0, 0, 0, 0, 0, 0, 0, 0, 0, 0, 0, 0, 0, 0, 0, 0, 0, 0, 0, 0]",0,train
SYN-1537,955.2874757085559,12359.67725684829,9.559671645475333,20.0,213.97220416982717,11.80617314352589,872.449754256179,0.1588595540459688,306.32744910104736,670.974768360493,0.9263671879231299,2.0,1.0,1.0,10.0,"[0, 0, 0, 0, 0, 0, 0, 0, 0, 0, 0, 0, 0, 0, 0, 3, 0, 0, 0, 0, 0, 0, 0, 0, 0, 0, 0, 0, 0, 10]",0,validation
SYN-1538,227.51550009893978,2635.0357636874555,3.3504958547489534,45.0,77.39249943899988,16.211018495928954,644.5173879523957,0.6779519150432208,264.8762026270997,62.39357937771578,0.6144024418377069,9.0,1.0,0.0,35.0,"[0, 0, 0, 0, 3, 0, 0, 0, 0, 0, 0, 0, 10, 0, 3, 3, 0, 0, 0, 0, 10, 35, 3, 3, 0, 0, 0, 0, 3, 0]",0,train
SYN-1539,436.62539766223307,8074.103028496421,3.483150002001754,14.0,20.656721725886925,11.608248911941283,689.69981666745,0.6962699007793631,97.70313612761214,589.3555373070703,1.3971066783999901,18.0,3.0,0.0,35.0,"[0, 3, 0, 0, 35, 3, 35, 0, 3, 0, 10, 10, 10, 10, 3, 3, 0, 35, 10, 0, 3, 35, 0, 0, 0, 10, 10, 3, 0, 0]",1,validation
SYN-1540,259.1060781749314,4343.164180392036,4.504831164996569,39.0,50.99890295874183,11.834329414368675,685.6826763430051,0.34166085109607514,1003.6326301651122,119.92273881329581,0.6596589434565198,0.0,0.0,0.0,0.0,"[0, 0, 0, 0, 0, 0, 0, 0, 0, 0, 0, 0, 0, 0, 0, 0, 0, 0, 0, 0, 0, 0, 0, 0, 0, 0, 0, 0, 0, 0]",0,validation
SYN-1541,571.2320854872221,2666.1194386962775,14.005318708918196,118.0,160.5886091234206,19.72808101148993,782.6164026780611,0.643702107551703,381.53326726633094,41.7283296290159,0.3541764265217594,0.0,0.0,0.0,0.0,"[0, 0, 0, 0, 0, 0, 0, 0, 0, 0, 0, 0, 0, 0, 0, 0, 0, 0, 0, 0, 0, 0, 0, 0, 0, 0, 0, 0, 0, 0]",0,validation
SYN-1542,324.5773966794471,7649.5193513128825,3.3364737490296097,23.0,54.53551202583841,9.520145420237895,746.7558380707426,0.374744897124344,1048.894672586002,343.79746625147493,1.2272357297594179,17.0,2.0,0.0,65.0,"[0, 0, 10, 0, 35, 0, 10, 35, 3, 0, 0, 3, 10, 3, 35, 10, 0, 10, 10, 65, 0, 35, 0, 65, 0, 0, 0, 10, 65, 0]",0,validation
SYN-1543,504.9434978733586,10849.70947307921,3.012926167744819,34.0,94.1365734154952,11.670521161849647,891.3968712004031,0.15594991521371052,729.4307181608254,333.3236353087289,0.8465505755090097,1.0,0.0,0.0,3.0,"[0, 0, 0, 0, 0, 0, 0, 0, 0, 0, 0, 3, 0, 0, 0, 0, 0, 0, 0, 0, 0, 0, 0, 0, 0, 0, 0, 0, 0, 0]",0,train
SYN-1544,351.54184240746474,3673.599481781341,9.099463349625339,109.0,95.06685371530395,15.355615157716446,837.266220811342,0.2882910886056149,26.712158991628282,49.64881265102599,0.41165986209571337,0.0,0.0,0.0,0.0,"[0, 0, 0, 0, 0, 0, 0, 0, 0, 0, 0, 0, 0, 0, 0, 0, 0, 0, 0, 0, 0, 0, 0, 0, 0, 0, 0, 0, 0, 0]",0,test
SYN-1545,541.9161543732199,10035.81161621934,15.138514264898513,37.0,145.31716116714082,16.207492627439663,813.4749911740868,0.6018064134971316,1911.0028323966226,341.1249060316528,0.8976334498856422,3.0,0.0,0.0,35.0,"[0, 0, 0, 0, 10, 10, 0, 35, 0, 0, 0, 0, 0, 0, 0, 0, 0, 0, 0, 0, 0, 0, 0, 0, 0, 0, 0, 0, 0, 0]",0,test
SYN-1546,610.1877119051443,2316.025577028786,8.649653624196434,117.0,81.77827288871242,9.59962223532635,890.8962292904778,0.36866781472008825,298.03433448706676,29.368845315613157,0.18215233777373047,0.0,0.0,0.0,0.0,"[0, 0, 0, 0, 0, 0, 0, 0, 0, 0, 0, 0, 0, 0, 0, 0, 0, 0, 0, 0, 0, 0, 0, 0, 0, 0, 0, 0, 0, 0]",0,train
SYN-1547,870.9567217485616,5313.406962002766,4.538910394538939,26.0,292.3985605283775,17.31015366262867,700.3108682950667,0.5239745316571615,167.27480955304398,214.96120478558984,0.5825315456494499,3.0,1.0,0.0,35.0,"[0, 0, 0, 0, 0, 0, 0, 0, 35, 35, 0, 0, 0, 0, 0, 0, 0, 0, 0, 0, 0, 0, 0, 0, 3, 0, 0, 0, 0, 0]",0,train
SYN-1548,296.50405378043786,7056.859763038531,14.651326563441128,38.0,94.13711115493282,14.78983928842646,818.7428691911342,0.14755643052536518,233.74154289306193,233.2177659602544,1.1040485718201833,2.0,1.0,1.0,65.0,"[65, 0, 0, 0, 0, 0, 0, 0, 0, 0, 0, 0, 0, 0, 0, 0, 0, 0, 0, 0, 0, 0, 0, 0, 0, 0, 0, 0, 0, 35]",1,train
SYN-1549,261.3308881795495,2990.1855221482547,3.2212277571278025,109.0,88.87028928654773,14.28249094463521,808.5796574278961,0.16118212101331766,33.84257380896986,31.67823505282128,0.46128693465636245,2.0,0.0,0.0,10.0,"[0, 10, 0, 0, 0, 0, 10, 0, 0, 0, 0, 0, 0, 0, 0, 0, 0, 0, 0, 0, 0, 0, 0, 0, 0, 0, 0, 0, 0, 0]",0,validation
SYN-1550,541.6554894372788,8391.373187079567,14.386536686917339,83.0,113.65425317611178,2.569575465806928,799.1881216202457,0.3224375467756337,300.48042834718945,160.16730654220984,0.5055271571285883,4.0,1.0,0.0,35.0,"[0, 0, 0, 0, 0, 0, 0, 0, 0, 10, 35, 0, 0, 0, 0, 0, 0, 0, 0, 0, 0, 10, 0, 0, 0, 0, 3, 0, 0, 0]",0,train
SYN-1551,316.29275627023543,7571.142981079707,15.181348264154229,89.0,32.2532776751557,12.339622562454743,898.7002366144854,0.10745219588922772,437.1114620049726,142.24768606842485,0.5517071140082946,0.0,0.0,0.0,0.0,"[0, 0, 0, 0, 0, 0, 0, 0, 0, 0, 0, 0, 0, 0, 0, 0, 0, 0, 0, 0, 0, 0, 0, 0, 0, 0, 0, 0, 0, 0]",0,test
SYN-1552,432.137842213048,8655.128211515648,15.492053077088908,79.0,129.26293393734474,17.498583442218308,847.8221339606677,0.22638179544493137,522.1193152357565,175.4116382978341,0.7050402498306813,2.0,0.0,0.0,35.0,"[0, 0, 0, 35, 0, 0, 0, 0, 0, 0, 10, 0, 0, 0, 0, 0, 0, 0, 0, 0, 0, 0, 0, 0, 0, 0, 0, 0, 0, 0]",0,test
SYN-1553,182.3098736913666,4104.656587069137,9.948241915545815,50.0,58.43664835291211,6.111217481657418,851.6411252130746,0.06950578139644098,396.3366595750512,100.61443378008863,0.8724216572178598,0.0,0.0,0.0,0.0,"[0, 0, 0, 0, 0, 0, 0, 0, 0, 0, 0, 0, 0, 0, 0, 0, 0, 0, 0, 0, 0, 0, 0, 0, 0, 0, 0, 0, 0, 0]",0,test
SYN-1554,340.3504623191823,6777.837719602118,15.58898511849437,113.0,28.27186643628516,17.696103940969156,843.2448779419645,0.13800709572039688,186.5623686435792,114.73506425471136,0.4201755147224801,0.0,0.0,0.0,0.0,"[0, 0, 0, 0, 0, 0, 0, 0, 0, 0, 0, 0, 0, 0, 0, 0, 0, 0, 0, 0, 0, 0, 0, 0, 0, 0, 0, 0, 0, 0]",0,train
SYN-1555,468.32884497600264,3148.2119994504706,12.43865405981714,74.0,156.07944418470984,2.9886827267110516,864.8684111749366,0.4922499121646052,176.3953541568785,61.13530901322722,0.4638081884729249,7.0,0.0,0.0,35.0,"[0, 0, 0, 0, 0, 3, 0, 0, 0, 35, 10, 0, 0, 3, 0, 10, 35, 0, 0, 0, 0, 10, 0, 0, 0, 0, 0, 0, 0, 0]",0,train
SYN-1556,635.0134139743762,7661.137615716764,6.477145306534332,26.0,47.39196420357968,15.421061796503581,858.3809927292253,0.3727911301375038,1723.2447327408788,316.61176019993616,0.5732221027038082,1.0,1.0,1.0,3.0,"[0, 0, 0, 0, 0, 0, 0, 0, 0, 0, 0, 0, 0, 0, 0, 0, 0, 0, 0, 0, 0, 0, 0, 0, 0, 0, 0, 0, 0, 3]",0,test
SYN-1557,191.24804334525,3738.7910267196853,4.572510178218746,29.0,33.887198093868506,17.078918909841846,592.1883720932035,0.40292280663212354,218.92204829687194,136.42340415401884,0.8905220637496123,17.0,3.0,0.0,65.0,"[10, 10, 3, 0, 10, 35, 10, 0, 0, 3, 3, 0, 3, 0, 0, 0, 0, 10, 10, 0, 3, 10, 65, 0, 0, 35, 35, 0, 10, 0]",0,validation
SYN-1558,411.8982672971654,9219.764608129248,14.190138536051432,118.0,33.49852251668406,5.887393971391859,835.9307988867223,0.27772122303249835,184.7966596924094,145.32359262795745,0.43414146002131565,1.0,0.0,0.0,35.0,"[0, 0, 0, 0, 0, 0, 0, 0, 0, 35, 0, 0, 0, 0, 0, 0, 0, 0, 0, 0, 0, 0, 0, 0, 0, 0, 0, 0, 0, 0]",0,train
SYN-1559,323.88267674690127,2881.403030215074,3.835672312046531,66.0,50.68684975654717,1.8373177120998752,804.4997188497537,0.38024782281838887,83.77965782457757,48.493944543622355,0.3062244492244781,0.0,0.0,0.0,0.0,"[0, 0, 0, 0, 0, 0, 0, 0, 0, 0, 0, 0, 0, 0, 0, 0, 0, 0, 0, 0, 0, 0, 0, 0, 0, 0, 0, 0, 0, 0]",0,train
SYN-1560,324.75671619128406,2563.6287828421896,13.359606128611516,69.0,76.31416502242844,10.515235282154087,697.4935482050549,0.5330850000165034,88.0653846411514,53.43043592593443,0.3995132186025134,2.0,1.0,0.0,10.0,"[0, 0, 0, 0, 0, 0, 0, 0, 0, 0, 0, 3, 0, 0, 0, 0, 0, 0, 0, 0, 0, 0, 0, 0, 0, 10, 0, 0, 0, 0]",0,train
SYN-1561,365.32311349707055,3052.7611039328426,14.142561271236188,110.0,47.29269162170494,14.057239491818734,763.7405394139869,0.4381340876837786,72.53245278804934,49.66591208980586,0.26540506233884453,0.0,0.0,0.0,0.0,"[0, 0, 0, 0, 0, 0, 0, 0, 0, 0, 0, 0, 0, 0, 0, 0, 0, 0, 0, 0, 0, 0, 0, 0, 0, 0, 0, 0, 0, 0]",0,test
SYN-1562,379.4498337839447,1876.178338792109,10.54241277530128,40.0,93.37681277427315,8.86464250656234,807.6063756672937,0.3305398412286889,173.4275806038793,55.831236740721415,0.39322207108925045,2.0,0.0,0.0,35.0,"[0, 0, 0, 0, 0, 0, 0, 0, 0, 0, 0, 0, 0, 10, 0, 0, 35, 0, 0, 0, 0, 0, 0, 0, 0, 0, 0, 0, 0, 0]",0,test
SYN-1563,237.6846644159517,1220.031113520191,6.776180202377013,21.0,13.7902492338458,19.995550031453302,939.7313849273136,0.2749259532559336,463.9294748490291,61.773114821796796,0.3179143435329323,0.0,0.0,0.0,0.0,"[0, 0, 0, 0, 0, 0, 0, 0, 0, 0, 0, 0, 0, 0, 0, 0, 0, 0, 0, 0, 0, 0, 0, 0, 0, 0, 0, 0, 0, 0]",0,train
SYN-1564,436.3726431710155,7505.468826156567,5.540240705307989,86.0,27.388859846350726,13.066474179354524,891.7047981322717,0.006947399192872324,634.705255257806,105.94100130849162,0.30554129192418245,0.0,0.0,0.0,0.0,"[0, 0, 0, 0, 0, 0, 0, 0, 0, 0, 0, 0, 0, 0, 0, 0, 0, 0, 0, 0, 0, 0, 0, 0, 0, 0, 0, 0, 0, 0]",0,validation
SYN-1565,207.12387892292466,2830.03178839801,10.88386526391417,111.0,37.5942526554652,13.27246951220461,860.8979991205576,0.6210640667519568,319.27596759694234,40.553967495457925,0.3773018377084556,0.0,0.0,0.0,0.0,"[0, 0, 0, 0, 0, 0, 0, 0, 0, 0, 0, 0, 0, 0, 0, 0, 0, 0, 0, 0, 0, 0, 0, 0, 0, 0, 0, 0, 0, 0]",0,train
SYN-1566,369.99409989980825,4107.466754007384,15.652713279206981,43.0,60.54150437844277,16.008058969500777,908.1512231282786,0.41235297709909613,402.9764095298134,125.40815806210412,0.5025746694093249,0.0,0.0,0.0,0.0,"[0, 0, 0, 0, 0, 0, 0, 0, 0, 0, 0, 0, 0, 0, 0, 0, 0, 0, 0, 0, 0, 0, 0, 0, 0, 0, 0, 0, 0, 0]",0,train
SYN-1567,379.04379424377476,7532.508279257113,9.652580825271505,98.0,79.87912629873662,16.497369874319492,800.0112402187085,0.12098125724069994,141.16895884592012,111.39028269711945,0.5046103165399531,2.0,0.0,0.0,35.0,"[0, 35, 0, 0, 0, 35, 0, 0, 0, 0, 0, 0, 0, 0, 0, 0, 0, 0, 0, 0, 0, 0, 0, 0, 0, 0, 0, 0, 0, 0]",0,train
SYN-1568,456.3575655088789,8531.030055281153,15.826385745340149,84.0,148.36735611017943,11.315456728561298,846.8949975514352,0.2545841098044425,334.3943745832524,168.60138741001043,0.6945622631822521,1.0,0.0,0.0,35.0,"[0, 0, 0, 0, 0, 0, 35, 0, 0, 0, 0, 0, 0, 0, 0, 0, 0, 0, 0, 0, 0, 0, 0, 0, 0, 0, 0, 0, 0, 0]",0,train
SYN-1569,297.3887451860784,3064.757170284368,6.039874132782869,58.0,79.75654343138953,19.060190739157584,720.4333519452055,0.4200186060114875,495.8309220208113,61.06011471330004,0.4735103813581766,0.0,0.0,0.0,0.0,"[0, 0, 0, 0, 0, 0, 0, 0, 0, 0, 0, 0, 0, 0, 0, 0, 0, 0, 0, 0, 0, 0, 0, 0, 0, 0, 0, 0, 0, 0]",0,test
SYN-1570,185.06847878732074,2131.959720399889,5.259039013276611,57.0,30.22588305223786,1.24733431804402,858.5700343034733,0.2293737645644124,934.4906710240094,42.35026911188276,0.3921583655935519,2.0,1.0,0.0,10.0,"[0, 0, 10, 0, 0, 0, 0, 0, 0, 0, 0, 0, 0, 0, 0, 0, 0, 0, 0, 0, 0, 0, 0, 0, 0, 0, 0, 10, 0, 0]",0,validation
SYN-1571,151.95540788939843,3561.35208528299,15.99207026471238,99.0,44.05162037862834,2.525446558664508,767.2284281913571,0.5175889736050608,68.94029542325623,64.98409835313518,0.7175507620704474,7.0,2.0,0.0,35.0,"[0, 0, 0, 0, 0, 0, 0, 3, 0, 0, 35, 3, 3, 0, 0, 0, 0, 0, 0, 0, 0, 0, 3, 0, 0, 35, 0, 0, 3, 0]",0,train
SYN-1572,747.0927826827609,10669.357024372392,3.3515109070698577,29.0,193.37811686001584,4.381734897204456,757.2728687743814,0.7015392065774079,532.3666070868359,383.5225825096508,0.7721941808861468,14.0,2.0,1.0,65.0,"[3, 0, 0, 3, 10, 10, 0, 0, 3, 35, 3, 3, 3, 0, 0, 3, 0, 65, 0, 0, 0, 3, 0, 0, 0, 10, 0, 0, 0, 3]",1,train
SYN-1573,296.91167645239415,2305.6381565486727,14.177851362490156,18.0,62.577635343790966,1.8883846273124694,825.0304885579183,0.3533492359890557,283.4454921273322,142.94621541552812,0.6922053494661807,9.0,2.0,0.0,65.0,"[10, 0, 0, 10, 0, 3, 0, 10, 0, 0, 65, 0, 10, 0, 0, 0, 0, 0, 0, 0, 0, 35, 0, 0, 0, 0, 35, 35, 0, 0]",0,train
SYN-1574,296.7308485852434,2152.086566018833,6.445838549457097,99.0,7.052358918298013,17.872688398579925,952.7198152566339,0.2109140317279299,57.5801029741497,28.08511384286719,0.11841530103355966,0.0,0.0,0.0,0.0,"[0, 0, 0, 0, 0, 0, 0, 0, 0, 0, 0, 0, 0, 0, 0, 0, 0, 0, 0, 0, 0, 0, 0, 0, 0, 0, 0, 0, 0, 0]",0,train
SYN-1575,310.7155796847124,4621.317449100323,12.031739329846989,49.0,92.64793354853063,14.952493386278242,690.0056869263097,0.7789120761749314,1422.181982398016,119.83243866218062,0.6838420282185984,2.0,0.0,0.0,35.0,"[0, 0, 0, 0, 0, 35, 0, 0, 0, 0, 0, 0, 0, 3, 0, 0, 0, 0, 0, 0, 0, 0, 0, 0, 0, 0, 0, 0, 0, 0]",0,train
SYN-1576,170.673236689698,1526.9004009084554,9.811277999814681,48.0,26.956285733727515,3.689559891163088,766.5392548445097,0.3451005476878545,2.1604420113534264,38.58789865330516,0.38403317156396893,1.0,0.0,0.0,35.0,"[0, 0, 0, 0, 0, 0, 0, 0, 0, 35, 0, 0, 0, 0, 0, 0, 0, 0, 0, 0, 0, 0, 0, 0, 0, 0, 0, 0, 0, 0]",0,train
SYN-1577,1093.1399988126063,8620.232920013472,9.378928449438261,39.0,217.52271806542066,13.86410120219563,1000.0,0.10151106551899974,3282.879010036257,257.28326659780834,0.43435057282596384,0.0,0.0,0.0,0.0,"[0, 0, 0, 0, 0, 0, 0, 0, 0, 0, 0, 0, 0, 0, 0, 0, 0, 0, 0, 0, 0, 0, 0, 0, 0, 0, 0, 0, 0, 0]",0,train
SYN-1578,374.4966922009092,3455.785582649646,13.896636958031106,79.0,95.1920816191743,18.822338304482486,824.2535194646334,0.19853956331064335,434.7468909744663,66.99933754938688,0.43309172696657383,0.0,0.0,0.0,0.0,"[0, 0, 0, 0, 0, 0, 0, 0, 0, 0, 0, 0, 0, 0, 0, 0, 0, 0, 0, 0, 0, 0, 0, 0, 0, 0, 0, 0, 0, 0]",0,train
SYN-1579,147.10804390706963,2709.8969392998033,8.066588397716824,54.0,30.404932919096442,5.421498079022243,877.4138949752638,0.44332774024071286,1184.0280316304581,60.00793576531985,0.6146018007113974,1.0,0.0,0.0,35.0,"[0, 0, 0, 0, 0, 0, 0, 0, 0, 0, 0, 0, 0, 0, 0, 0, 0, 0, 0, 0, 0, 0, 0, 35, 0, 0, 0, 0, 0, 0]",0,train
SYN-1580,148.21296693725918,1403.4438395118557,13.488439586068738,78.0,15.900381885389843,1.155467024530743,756.8816053886405,0.5599689957224824,599.9655112569255,27.11329926027352,0.29021537072307385,6.0,2.0,0.0,35.0,"[0, 0, 0, 0, 0, 0, 0, 35, 35, 3, 0, 0, 3, 0, 0, 0, 0, 0, 0, 0, 0, 0, 0, 0, 0, 0, 0, 3, 10, 0]",0,train
SYN-1581,152.86981499068187,3243.894968332689,12.542242695918842,75.0,41.489838971514125,3.6160514866544236,884.8810954663727,0.2188671705590476,428.88946310419163,62.61124924673859,0.6809787022022507,0.0,0.0,0.0,0.0,"[0, 0, 0, 0, 0, 0, 0, 0, 0, 0, 0, 0, 0, 0, 0, 0, 0, 0, 0, 0, 0, 0, 0, 0, 0, 0, 0, 0, 0, 0]",0,train
SYN-1582,231.24772424827867,3366.2196174155015,3.9953600798921394,32.0,53.29429462785086,3.488146887334873,868.721468741011,0.24846387013738552,166.76383232626935,111.07256927841914,0.7107826225774998,4.0,1.0,0.0,65.0,"[0, 0, 35, 0, 0, 0, 0, 0, 0, 0, 0, 0, 0, 0, 10, 0, 0, 0, 0, 0, 0, 0, 65, 0, 0, 35, 0, 0, 0, 0]",0,train
SYN-1583,313.17019728943484,1101.9293758798035,15.167791514469602,51.0,94.86591620527429,18.02812919612576,746.6533804605947,0.7813217521314452,518.9497764840098,29.445308608556473,0.39694461953843313,1.0,1.0,0.0,10.0,"[0, 0, 0, 0, 0, 0, 0, 0, 0, 0, 0, 0, 0, 0, 0, 0, 0, 0, 0, 0, 0, 0, 0, 0, 0, 0, 10, 0, 0, 0]",0,train
SYN-1584,730.8489476131439,12760.7939672694,13.033789477152844,70.0,90.48274125477059,0.022938028710393077,814.3738442709621,0.21387810835029572,1509.7940172877954,261.23802926232923,0.48124960932867644,1.0,0.0,0.0,3.0,"[0, 0, 0, 0, 0, 0, 0, 0, 0, 0, 0, 0, 0, 0, 0, 0, 0, 0, 0, 3, 0, 0, 0, 0, 0, 0, 0, 0, 0, 0]",0,validation
SYN-1585,250.17623444009556,5418.371340603361,13.01839047839429,108.0,82.2279853406766,9.798138352020958,751.773166774428,0.4680260296222243,232.52300536296192,85.41607193879948,0.670103847612345,2.0,0.0,0.0,35.0,"[0, 0, 0, 0, 0, 0, 0, 0, 35, 0, 0, 0, 0, 0, 0, 0, 3, 0, 0, 0, 0, 0, 0, 0, 0, 0, 0, 0, 0, 0]",0,train
SYN-1586,517.3605236062048,6449.541507504366,12.339153849139567,72.0,60.705010448391555,19.90650445538983,626.2728979623512,0.8314349881804514,1271.7141793005273,127.23016524484844,0.3632576648547873,2.0,2.0,1.0,35.0,"[0, 0, 0, 0, 0, 0, 0, 0, 0, 0, 0, 0, 0, 0, 0, 0, 0, 0, 0, 0, 0, 0, 0, 0, 35, 0, 0, 0, 0, 10]",1,train
SYN-1587,340.6861795002062,1112.3547200863682,15.204941711349981,49.0,60.406558441931864,7.3235974458382564,845.5385218355941,0.15111795392157504,439.9639979131282,30.61193276770617,0.2671622645308479,0.0,0.0,0.0,0.0,"[0, 0, 0, 0, 0, 0, 0, 0, 0, 0, 0, 0, 0, 0, 0, 0, 0, 0, 0, 0, 0, 0, 0, 0, 0, 0, 0, 0, 0, 0]",0,train
SYN-1588,249.4840924700959,4499.967499899632,15.019688611910682,95.0,24.3202007235461,0.8778751184520428,716.8826548527294,0.44288191878646943,381.4073356930499,81.24703412036757,0.4231421482576784,4.0,1.0,1.0,35.0,"[0, 0, 0, 0, 0, 0, 3, 0, 0, 0, 3, 0, 0, 0, 0, 0, 0, 10, 0, 0, 0, 0, 0, 0, 0, 0, 0, 0, 0, 35]",0,test
SYN-1589,164.5335116149729,3443.987504212945,13.893104923693652,58.0,48.06579891299798,2.8995332210505653,844.7543950592279,0.010111100474547972,237.65622744348,81.86080743180453,0.7896665248891395,4.0,0.0,0.0,65.0,"[0, 0, 0, 0, 0, 65, 10, 3, 0, 0, 0, 0, 0, 0, 0, 0, 0, 0, 0, 0, 0, 10, 0, 0, 0, 0, 0, 0, 0, 0]",0,test
SYN-1590,173.26352950125587,953.9055986954174,9.94603463959015,99.0,56.72929242791972,11.796649606839383,738.0233090272001,0.32078622455573175,150.29122735791023,14.160942964540892,0.40914689661765646,4.0,0.0,0.0,35.0,"[0, 0, 0, 0, 0, 0, 3, 0, 0, 0, 0, 35, 0, 35, 0, 0, 0, 10, 0, 0, 0, 0, 0, 0, 0, 0, 0, 0, 0, 0]",0,train
SYN-1591,438.872046151187,7999.81892973585,8.488192517102341,110.0,77.58725357708614,0.6317123844115913,794.1739980781804,0.37065415581300565,685.6606440095854,104.8959394554791,0.41580044715288517,4.0,0.0,0.0,35.0,"[0, 35, 0, 10, 0, 0, 0, 0, 0, 0, 0, 0, 35, 0, 0, 0, 10, 0, 0, 0, 0, 0, 0, 0, 0, 0, 0, 0, 0, 0]",0,train
SYN-1592,240.17819696006146,4196.941568568757,3.3761329011088845,23.0,22.25728470830467,14.610786321338507,816.7711134682264,0.37619323481836925,1059.8874792603933,188.69980229522403,0.878335709375852,5.0,1.0,0.0,65.0,"[0, 0, 0, 0, 0, 0, 10, 3, 0, 0, 0, 0, 0, 0, 0, 0, 0, 0, 0, 3, 0, 0, 0, 35, 65, 0, 0, 0, 0, 0]",0,train
SYN-1593,716.2527925375535,14440.402469787838,6.487092264272938,42.0,240.84467124855183,11.170366871082148,673.365925491129,0.8787853868183224,482.4388256890336,385.25113870596255,0.874126867605459,12.0,2.0,0.0,35.0,"[0, 0, 3, 10, 3, 3, 0, 0, 3, 0, 0, 3, 3, 10, 0, 0, 0, 0, 0, 3, 0, 35, 0, 0, 3, 10, 0, 0, 0, 0]",1,validation
SYN-1594,246.03994809183743,3285.9273757292244,9.262060700144866,107.0,13.193001858066731,19.160783187329685,707.6006667398898,0.343403196054972,590.8695948058235,45.22845694894509,0.237447045734237,0.0,0.0,0.0,0.0,"[0, 0, 0, 0, 0, 0, 0, 0, 0, 0, 0, 0, 0, 0, 0, 0, 0, 0, 0, 0, 0, 0, 0, 0, 0, 0, 0, 0, 0, 0]",0,train
SYN-1595,510.4288220945253,10921.007346522947,12.475539219910544,98.0,46.092924561102386,15.679883014685952,705.5196285728617,0.6392048673155831,1303.4791894801776,178.2157207682854,0.43945137033787746,3.0,1.0,0.0,10.0,"[0, 0, 0, 10, 0, 0, 0, 0, 0, 0, 0, 0, 0, 0, 0, 0, 0, 0, 0, 3, 0, 0, 0, 0, 3, 0, 0, 0, 0, 0]",0,train
SYN-1596,358.46026786400756,6469.569787873809,9.754099707575097,67.0,60.38814190557017,8.112469563417879,817.9554934206527,0.4715722284702626,233.4612078368949,125.61172045837269,0.5188855754426523,2.0,0.0,0.0,3.0,"[0, 0, 0, 0, 0, 3, 0, 0, 3, 0, 0, 0, 0, 0, 0, 0, 0, 0, 0, 0, 0, 0, 0, 0, 0, 0, 0, 0, 0, 0]",0,validation
SYN-1597,129.37530790587863,2832.6910913289626,11.997318492233276,38.0,15.91965674066367,10.814239480312482,581.9504918861123,0.6965310632568649,88.8342830014778,89.9668621313159,0.8184445748257674,20.0,3.0,0.0,65.0,"[10, 3, 0, 35, 35, 3, 3, 10, 3, 35, 3, 10, 3, 65, 35, 0, 0, 0, 10, 0, 0, 3, 0, 35, 3, 35, 35, 0, 0, 0]",1,test
SYN-1598,345.379831199187,6342.355495394653,5.359598298246402,19.0,117.73926806383277,8.080319054549449,600.422768347161,0.9017506933887853,1267.3666439522253,348.91646213982864,1.351137756317138,23.0,6.0,1.0,35.0,"[0, 35, 10, 35, 0, 0, 3, 35, 0, 3, 3, 3, 35, 10, 3, 0, 10, 10, 3, 10, 10, 3, 0, 0, 35, 3, 10, 3, 3, 3]",1,train
SYN-1599,514.5267993363061,10730.659154300116,13.264173289447324,92.0,151.5938516615147,17.211145527306847,818.4090042040885,0.1868598761356247,281.9116163598349,186.41658894128588,0.6569345679152263,0.0,0.0,0.0,0.0,"[0, 0, 0, 0, 0, 0, 0, 0, 0, 0, 0, 0, 0, 0, 0, 0, 0, 0, 0, 0, 0, 0, 0, 0, 0, 0, 0, 0, 0, 0]",0,train
SYN-1600,657.8435793815165,6157.953660505443,3.2392062301836795,46.0,86.81860469460837,17.70602944946085,783.9594546494035,0.31302745871913923,1306.7450152400622,142.53207969266674,0.34864015029667583,0.0,0.0,0.0,0.0,"[0, 0, 0, 0, 0, 0, 0, 0, 0, 0, 0, 0, 0, 0, 0, 0, 0, 0, 0, 0, 0, 0, 0, 0, 0, 0, 0, 0, 0, 0]",0,validation
SYN-1601,360.5400182525802,7301.2261999022885,13.909824986893916,28.0,50.86959619786444,14.96062838218977,585.394569767885,0.7502556245248444,189.83891916652678,306.85455982327585,0.9921898760501332,27.0,3.0,0.0,65.0,"[10, 10, 10, 3, 35, 3, 3, 3, 10, 3, 3, 3, 10, 10, 3, 3, 65, 35, 10, 10, 10, 3, 3, 10, 0, 10, 3, 0, 10, 0]",0,train
SYN-1602,338.1556696729199,1467.9086524085276,9.862902116595318,89.0,64.52523450070497,14.411746813976624,843.8658681040105,0.21537867324473034,172.39553759885663,23.31952516774543,0.2597760958833486,0.0,0.0,0.0,0.0,"[0, 0, 0, 0, 0, 0, 0, 0, 0, 0, 0, 0, 0, 0, 0, 0, 0, 0, 0, 0, 0, 0, 0, 0, 0, 0, 0, 0, 0, 0]",0,validation
SYN-1603,131.50482759136415,437.3994454607251,15.918306235222412,41.0,39.966651657623004,3.485136815074541,849.5649819516564,0.637682656897482,81.05463961015822,13.899972426168025,0.4096170845619087,2.0,0.0,0.0,10.0,"[0, 0, 0, 0, 0, 0, 0, 0, 0, 0, 0, 0, 0, 10, 0, 0, 0, 0, 3, 0, 0, 0, 0, 0, 0, 0, 0, 0, 0, 0]",0,test
SYN-1604,428.96600144091144,3569.769566987976,11.156522560689856,55.0,70.86574800338013,4.670129457255678,855.0003221818745,0.3002975329188798,400.73471593999864,83.20205102262753,0.3591608624191397,3.0,0.0,0.0,3.0,"[0, 3, 0, 0, 0, 0, 0, 0, 0, 0, 0, 3, 0, 0, 0, 0, 0, 0, 0, 0, 0, 0, 3, 0, 0, 0, 0, 0, 0, 0]",0,train
SYN-1605,557.1212949540941,1746.7780648696198,14.942903315322226,15.0,162.47668213410086,1.1084721205064296,771.4643804443893,0.6715622512955105,2428.5262989155367,128.3875273020686,0.5220841710244377,2.0,1.0,0.0,65.0,"[0, 0, 0, 0, 0, 0, 0, 0, 0, 0, 0, 0, 0, 0, 0, 0, 0, 0, 0, 10, 0, 0, 0, 0, 0, 0, 0, 65, 0, 0]",0,train
SYN-1606,290.2031980704897,6020.754494180534,7.588801560395642,48.0,98.50217347985051,15.445632304296911,910.3430155906731,0.1462249063751976,1282.7547408905102,145.82487270744485,0.8419171387902793,4.0,0.0,0.0,35.0,"[0, 0, 0, 0, 0, 0, 0, 0, 0, 0, 35, 0, 0, 0, 0, 0, 0, 0, 3, 3, 3, 0, 0, 0, 0, 0, 0, 0, 0, 0]",0,train
SYN-1607,259.8388375422187,4084.432101083237,13.94742138912824,61.0,42.45615880736394,11.55104440707484,881.5734756761484,0.21658256158578665,257.55413606127536,93.84847275700804,0.5245737429156454,2.0,1.0,0.0,65.0,"[0, 0, 0, 0, 0, 0, 0, 0, 0, 0, 0, 0, 0, 0, 0, 0, 0, 0, 0, 65, 0, 0, 0, 0, 0, 0, 35, 0, 0, 0]",0,train
SYN-1608,233.66713753686645,4817.9792725455645,7.437622833282799,26.0,21.433967419596282,6.5401865109998365,792.0626551929499,0.5724410284425999,250.1702113578941,201.21114269187325,0.9528302201944938,1.0,0.0,0.0,3.0,"[0, 0, 0, 3, 0, 0, 0, 0, 0, 0, 0, 0, 0, 0, 0, 0, 0, 0, 0, 0, 0, 0, 0, 0, 0, 0, 0, 0, 0, 0]",0,train
SYN-1609,628.7830319757373,8418.82463299645,8.668689129649351,35.0,155.07040650437247,8.966420641852462,874.730476742995,0.530350585970099,399.315231366874,273.0894607499409,0.6809341942783764,2.0,0.0,0.0,35.0,"[0, 0, 0, 0, 0, 0, 0, 0, 0, 10, 0, 0, 0, 0, 0, 0, 35, 0, 0, 0, 0, 0, 0, 0, 0, 0, 0, 0, 0, 0]",0,train
SYN-1610,249.58730138367486,5814.491570487123,13.808835553040725,22.0,5.6482282850646195,0.7878450274275273,710.484964665287,0.27360092940955405,136.41164451070122,300.66961152962597,1.2272973749726452,23.0,3.0,1.0,65.0,"[10, 3, 3, 3, 10, 10, 0, 3, 0, 3, 10, 10, 3, 65, 10, 10, 10, 10, 35, 0, 3, 10, 3, 0, 35, 35, 0, 0, 0, 10]",1,train
SYN-1611,472.56082162300794,5501.4736762591665,6.803797424701426,12.0,32.45123342531501,2.185200504530118,834.7205665949707,0.4379185134846206,1896.1362878848727,475.5271557477136,1.074948167366857,5.0,1.0,0.0,35.0,"[0, 35, 0, 0, 0, 0, 0, 0, 10, 35, 0, 0, 0, 3, 0, 0, 0, 0, 0, 0, 0, 0, 0, 0, 0, 0, 3, 0, 0, 0]",0,validation
SYN-1612,310.7608690047148,6667.141644079151,12.815109747259807,71.0,28.16345280347799,14.937304682178652,867.7498387125001,0.3759373406830181,594.8126902253344,134.43710110019717,0.5232336826204724,0.0,0.0,0.0,0.0,"[0, 0, 0, 0, 0, 0, 0, 0, 0, 0, 0, 0, 0, 0, 0, 0, 0, 0, 0, 0, 0, 0, 0, 0, 0, 0, 0, 0, 0, 0]",0,validation
SYN-1613,472.88363524809233,10279.185351681324,5.162146767306777,14.0,52.067549487236704,2.2001189335969373,667.7053375981216,0.3783334026736485,555.2377746180417,758.1365187230081,1.7133265095654697,24.0,4.0,1.0,65.0,"[0, 10, 10, 35, 3, 3, 3, 10, 35, 3, 35, 10, 3, 65, 3, 10, 35, 3, 10, 10, 0, 3, 0, 0, 0, 3, 3, 10, 0, 10]",1,train
SYN-1614,324.01310058519186,6641.4771986848245,4.991189797683856,68.0,29.155296886783688,18.873462926906853,842.2768958163114,0.33217116940571906,304.3141366665555,112.3326646073257,0.4366735827612265,0.0,0.0,0.0,0.0,"[0, 0, 0, 0, 0, 0, 0, 0, 0, 0, 0, 0, 0, 0, 0, 0, 0, 0, 0, 0, 0, 0, 0, 0, 0, 0, 0, 0, 0, 0]",0,validation
SYN-1615,506.33033300492764,11095.370194917923,6.873430350848899,99.0,173.4240869984694,19.261469996267195,774.9889508758507,0.12607682000728052,83.03736764205969,147.15023789232822,0.633132767275228,1.0,0.0,0.0,35.0,"[0, 0, 0, 0, 0, 0, 0, 0, 0, 0, 0, 0, 0, 0, 0, 0, 0, 0, 0, 0, 0, 0, 0, 35, 0, 0, 0, 0, 0, 0]",0,validation
SYN-1616,719.461346671241,5284.622177143857,6.6357582831257105,93.0,215.54578799665458,6.923828258689904,729.9752234332334,0.12979537821537848,196.2109282145374,72.83579427023949,0.40082984805390864,0.0,0.0,0.0,0.0,"[0, 0, 0, 0, 0, 0, 0, 0, 0, 0, 0, 0, 0, 0, 0, 0, 0, 0, 0, 0, 0, 0, 0, 0, 0, 0, 0, 0, 0, 0]",0,train
SYN-1617,334.83922624141064,4606.764595577809,3.1605318543912433,51.0,55.88005650727268,0.07618037807729294,883.8295286252257,0.10776118704084832,191.04433547690843,96.6498067694337,0.45553164421284437,4.0,0.0,0.0,65.0,"[0, 0, 0, 0, 0, 10, 0, 0, 3, 0, 0, 0, 35, 0, 65, 0, 0, 0, 0, 0, 0, 0, 0, 0, 0, 0, 0, 0, 0, 0]",0,train
SYN-1618,305.7290287079651,1309.837000239907,15.44788799320279,78.0,21.097353290537026,0.38447300430756615,847.8334339961087,0.036618311338728914,797.4981747439248,26.71077133087791,0.15637417494653952,0.0,0.0,0.0,0.0,"[0, 0, 0, 0, 0, 0, 0, 0, 0, 0, 0, 0, 0, 0, 0, 0, 0, 0, 0, 0, 0, 0, 0, 0, 0, 0, 0, 0, 0, 0]",0,test
SYN-1619,313.8406382124173,5007.1926357226375,15.834201829007206,105.0,52.054887894305956,8.607155711101255,962.3282759463016,0.31544555093655174,148.56235787372225,88.38635407747017,0.44749221379266074,0.0,0.0,0.0,0.0,"[0, 0, 0, 0, 0, 0, 0, 0, 0, 0, 0, 0, 0, 0, 0, 0, 0, 0, 0, 0, 0, 0, 0, 0, 0, 0, 0, 0, 0, 0]",0,train
SYN-1620,636.0202373421375,3847.8911845557436,12.64280233278864,35.0,31.97923349879548,2.7431995299000467,745.7421707267634,0.25082682055032407,4139.4048092194225,132.02440537689614,0.2578591517166903,1.0,0.0,0.0,35.0,"[0, 0, 0, 0, 0, 0, 0, 0, 0, 0, 0, 0, 0, 0, 35, 0, 0, 0, 0, 0, 0, 0, 0, 0, 0, 0, 0, 0, 0, 0]",0,validation
SYN-1621,412.7715386247221,9107.922990135801,9.034479778299222,104.0,62.16691959715054,6.190606978709347,765.7028245775309,0.32074788628183115,1215.4120260449702,126.60388050646884,0.457325136157809,1.0,0.0,0.0,3.0,"[0, 0, 0, 0, 0, 0, 0, 0, 0, 0, 0, 0, 0, 0, 0, 0, 0, 0, 3, 0, 0, 0, 0, 0, 0, 0, 0, 0, 0, 0]",0,train
SYN-1622,456.3834996061751,7150.070080365919,5.925562114247899,55.0,104.19078388545176,9.35816728759804,757.1821167227993,0.355587594486033,230.04651316710095,148.771528601175,0.5542757630477753,0.0,0.0,0.0,0.0,"[0, 0, 0, 0, 0, 0, 0, 0, 0, 0, 0, 0, 0, 0, 0, 0, 0, 0, 0, 0, 0, 0, 0, 0, 0, 0, 0, 0, 0, 0]",0,train
SYN-1623,390.62788250796723,3529.60009286318,13.540116387504247,24.0,123.19732117225136,9.152682453872266,843.6734488794058,0.2791496941762535,167.3476176851302,168.7004623679846,0.7472528117198148,0.0,0.0,0.0,0.0,"[0, 0, 0, 0, 0, 0, 0, 0, 0, 0, 0, 0, 0, 0, 0, 0, 0, 0, 0, 0, 0, 0, 0, 0, 0, 0, 0, 0, 0, 0]",0,train
SYN-1624,312.5823035360835,4299.666047145199,6.623357853775834,55.0,35.59807872503972,14.078359416248013,775.0534949639326,0.61946675857869,440.1862511993911,90.85501486774898,0.40454335438151684,2.0,0.0,0.0,10.0,"[0, 0, 0, 0, 0, 0, 0, 0, 0, 0, 0, 0, 0, 0, 0, 0, 0, 0, 10, 0, 0, 10, 0, 0, 0, 0, 0, 0, 0, 0]",0,validation
SYN-1625,255.14875417923014,2687.561962091363,14.592899945760669,87.0,45.637222154020364,13.384274660399818,757.1405265432851,0.579066791069356,667.7169768976811,50.2330293643738,0.3757425813298299,2.0,0.0,0.0,35.0,"[0, 0, 0, 0, 0, 0, 0, 0, 35, 0, 0, 0, 0, 0, 0, 0, 0, 10, 0, 0, 0, 0, 0, 0, 0, 0, 0, 0, 0, 0]",0,test
SYN-1626,355.43266982648424,7089.2996921162385,9.514225940517928,80.0,58.89310886478066,10.884276634653556,778.4930288555765,0.23251159490485024,168.54416423192012,120.01065585237419,0.503340800958146,1.0,0.0,0.0,10.0,"[0, 0, 0, 0, 0, 0, 0, 0, 0, 10, 0, 0, 0, 0, 0, 0, 0, 0, 0, 0, 0, 0, 0, 0, 0, 0, 0, 0, 0, 0]",0,train
SYN-1627,112.634849266335,1338.0716890216725,11.143822440873791,24.0,26.977456611225588,16.395316025461025,856.9958298023855,0.1959554037454673,164.25982271126082,62.45401351352951,0.7939946713408967,1.0,0.0,0.0,3.0,"[0, 0, 0, 0, 0, 0, 0, 0, 0, 3, 0, 0, 0, 0, 0, 0, 0, 0, 0, 0, 0, 0, 0, 0, 0, 0, 0, 0, 0, 0]",0,train
SYN-1628,431.64803856676957,10248.178724085506,8.731059181060555,33.0,98.80820266847168,2.038072183323223,830.167713668523,0.26387922062300545,52.156878750258386,350.4466645912964,1.0407897803762982,16.0,2.0,0.0,65.0,"[10, 0, 3, 35, 10, 10, 10, 3, 3, 0, 0, 0, 0, 0, 0, 65, 0, 35, 10, 0, 0, 3, 35, 65, 10, 10, 0, 0, 0, 0]",0,train
SYN-1629,540.1826707667523,8662.068150187608,3.5746007936151023,99.0,17.66169863903158,13.479987310649575,710.1097246757598,0.3475889624020235,624.2468372565562,101.15958173090537,0.21996499850926038,0.0,0.0,0.0,0.0,"[0, 0, 0, 0, 0, 0, 0, 0, 0, 0, 0, 0, 0, 0, 0, 0, 0, 0, 0, 0, 0, 0, 0, 0, 0, 0, 0, 0, 0, 0]",0,train
SYN-1630,317.94304097006966,4107.765773324217,4.424660474975665,50.0,48.601145034070576,15.635994558892945,809.720140889995,0.46314142820439386,993.5775452552709,90.11193544974928,0.43628280103440903,1.0,0.0,0.0,35.0,"[0, 0, 0, 0, 0, 0, 0, 35, 0, 0, 0, 0, 0, 0, 0, 0, 0, 0, 0, 0, 0, 0, 0, 0, 0, 0, 0, 0, 0, 0]",0,test
SYN-1631,643.9882111983641,2792.668250889931,15.148525841019488,82.0,88.41716827774631,10.017501238342973,822.4203543772529,0.38612736834962863,2469.5952440220285,54.86851940349512,0.22249737679919415,0.0,0.0,0.0,0.0,"[0, 0, 0, 0, 0, 0, 0, 0, 0, 0, 0, 0, 0, 0, 0, 0, 0, 0, 0, 0, 0, 0, 0, 0, 0, 0, 0, 0, 0, 0]",0,validation
SYN-1632,565.3029605000274,4099.214794742749,15.832999296181116,110.0,96.13411709299125,13.105314278911141,940.7696208123942,0.09667820948213396,1426.1801192718008,70.83787550147017,0.29536727075826685,0.0,0.0,0.0,0.0,"[0, 0, 0, 0, 0, 0, 0, 0, 0, 0, 0, 0, 0, 0, 0, 0, 0, 0, 0, 0, 0, 0, 0, 0, 0, 0, 0, 0, 0, 0]",0,validation
SYN-1633,483.112396471073,7865.6697861393895,5.784814868073806,42.0,141.74612962547542,4.7584739065280885,907.6035247039189,0.10650854218858583,370.9099272762595,207.32562218493743,0.722547701860335,4.0,2.0,1.0,65.0,"[0, 65, 0, 0, 0, 0, 0, 0, 0, 0, 3, 0, 0, 0, 0, 0, 0, 0, 0, 0, 0, 0, 0, 0, 0, 0, 0, 0, 35, 10]",0,train
SYN-1634,300.66348897665904,1096.6714642492807,9.900917613462504,34.0,21.439542191143627,1.2891484679438503,844.6046694803779,0.20434408066585127,377.5077974758597,37.12249837932943,0.19477602940681407,0.0,0.0,0.0,0.0,"[0, 0, 0, 0, 0, 0, 0, 0, 0, 0, 0, 0, 0, 0, 0, 0, 0, 0, 0, 0, 0, 0, 0, 0, 0, 0, 0, 0, 0, 0]",0,test
SYN-1635,522.4265534264246,11013.60868233024,6.919663458036897,20.0,121.68541858372546,2.0368871032880365,694.119333069438,0.5302173490315684,238.07909789062893,584.6294638206288,1.3519888638352442,28.0,6.0,1.0,65.0,"[3, 65, 10, 35, 10, 10, 10, 35, 3, 10, 3, 3, 0, 3, 35, 3, 10, 0, 10, 10, 3, 3, 3, 10, 10, 10, 10, 3, 10, 10]",1,train
SYN-1636,248.245818402082,775.7417818057507,7.916830492167399,108.0,33.912237890704375,4.04028778996838,866.299297077957,0.1964956161427926,223.12789232746456,10.065750129977483,0.17715500024838696,0.0,0.0,0.0,0.0,"[0, 0, 0, 0, 0, 0, 0, 0, 0, 0, 0, 0, 0, 0, 0, 0, 0, 0, 0, 0, 0, 0, 0, 0, 0, 0, 0, 0, 0, 0]",0,train
SYN-1637,402.3689345547656,5587.914605194806,13.141158966128991,66.0,82.74544880173828,18.053417009373437,680.8117219007227,0.12197192678270759,1090.0049838890063,119.35910314425885,0.5022866692470491,0.0,0.0,0.0,0.0,"[0, 0, 0, 0, 0, 0, 0, 0, 0, 0, 0, 0, 0, 0, 0, 0, 0, 0, 0, 0, 0, 0, 0, 0, 0, 0, 0, 0, 0, 0]",0,train
SYN-1638,203.60657293653438,2456.346179870871,4.216097962711841,95.0,13.288460454762768,17.663958510035364,739.6230663040401,0.177473964039581,310.7342473113339,30.455933745333784,0.21484765235811906,1.0,1.0,0.0,10.0,"[0, 0, 0, 0, 0, 0, 0, 0, 0, 0, 0, 0, 0, 0, 0, 0, 0, 0, 0, 0, 0, 0, 0, 0, 0, 10, 0, 0, 0, 0]",0,validation
SYN-1639,447.7428148677194,2461.3385650165833,4.988061662688294,86.0,143.82688802831632,14.606262126426081,762.5425922370885,0.37139721912528917,705.8865347530843,34.098710465888296,0.3973834812888527,0.0,0.0,0.0,0.0,"[0, 0, 0, 0, 0, 0, 0, 0, 0, 0, 0, 0, 0, 0, 0, 0, 0, 0, 0, 0, 0, 0, 0, 0, 0, 0, 0, 0, 0, 0]",0,train
SYN-1640,306.28280383433304,6208.557151888948,12.676538258861264,36.0,21.7912768409574,1.2075548645765166,800.666775630821,0.05031314327395503,703.2533945114556,208.2248488051256,0.7509926210891607,1.0,0.0,0.0,3.0,"[0, 0, 0, 0, 0, 0, 0, 0, 0, 0, 0, 0, 0, 0, 0, 0, 0, 3, 0, 0, 0, 0, 0, 0, 0, 0, 0, 0, 0, 0]",0,train
SYN-1641,360.36528400164735,2328.5037401710383,10.991579708597964,80.0,22.030198936271013,17.57432000656734,807.2465856604637,0.4039728580432664,656.2441343974355,41.1886505028353,0.17542991027631097,0.0,0.0,0.0,0.0,"[0, 0, 0, 0, 0, 0, 0, 0, 0, 0, 0, 0, 0, 0, 0, 0, 0, 0, 0, 0, 0, 0, 0, 0, 0, 0, 0, 0, 0, 0]",0,train
SYN-1642,538.8753224320968,3514.9874445001306,9.032759842238143,120.0,62.187635225829375,2.0786017738476614,870.554739992701,0.3683631390591728,274.02761636924697,44.58871838180033,0.19814667542339442,0.0,0.0,0.0,0.0,"[0, 0, 0, 0, 0, 0, 0, 0, 0, 0, 0, 0, 0, 0, 0, 0, 0, 0, 0, 0, 0, 0, 0, 0, 0, 0, 0, 0, 0, 0]",0,train
SYN-1643,462.3187196154227,4085.0884834150775,6.662260736283676,74.0,154.36636470558267,10.107805660662535,773.9605994249091,0.5916470323196837,141.14290490304214,67.4691475597032,0.47983242480386373,0.0,0.0,0.0,0.0,"[0, 0, 0, 0, 0, 0, 0, 0, 0, 0, 0, 0, 0, 0, 0, 0, 0, 0, 0, 0, 0, 0, 0, 0, 0, 0, 0, 0, 0, 0]",0,test
SYN-1644,262.7402941669966,3529.5773404529,13.042061544479802,46.0,58.73478741631997,15.080169348489541,751.4325434205547,0.42068802106368075,137.38513619889582,97.90961684488755,0.596194827130874,2.0,0.0,0.0,35.0,"[0, 0, 0, 0, 0, 0, 0, 0, 0, 0, 0, 0, 0, 0, 0, 3, 0, 0, 0, 0, 0, 0, 35, 0, 0, 0, 0, 0, 0, 0]",0,train
SYN-1645,517.613837995767,7330.921334025359,14.830126286670966,61.0,140.71106943607953,6.81835998071644,657.8147888590937,0.5888919110253571,480.70239519299713,171.8239910898514,0.6037996621884881,2.0,0.0,0.0,35.0,"[0, 35, 0, 0, 0, 0, 35, 0, 0, 0, 0, 0, 0, 0, 0, 0, 0, 0, 0, 0, 0, 0, 0, 0, 0, 0, 0, 0, 0, 0]",0,train
SYN-1646,297.9856674599342,6334.401731118696,8.453321005937537,79.0,7.350022405980621,10.921624899606897,815.5684836730896,0.3062948442051622,177.7765955898393,104.82717607714822,0.3764516576899179,0.0,0.0,0.0,0.0,"[0, 0, 0, 0, 0, 0, 0, 0, 0, 0, 0, 0, 0, 0, 0, 0, 0, 0, 0, 0, 0, 0, 0, 0, 0, 0, 0, 0, 0, 0]",0,train
SYN-1647,405.4937843500148,5653.383802635482,4.086698218681651,13.0,36.891966671770476,4.043936870636806,942.8701797567379,0.21441458314914288,502.22324605257637,445.3131993995009,1.189180166705196,2.0,0.0,0.0,3.0,"[0, 0, 0, 0, 0, 0, 3, 0, 0, 0, 0, 0, 0, 0, 0, 0, 3, 0, 0, 0, 0, 0, 0, 0, 0, 0, 0, 0, 0, 0]",0,train
SYN-1648,451.65460734368054,6951.56148792094,5.955727905857364,19.0,99.88905627966253,19.30473975599569,794.1178074169637,0.610397400814021,1438.8655433679442,384.2999181923957,1.0720337324127442,4.0,2.0,0.0,10.0,"[0, 0, 0, 3, 0, 0, 0, 0, 0, 3, 0, 0, 0, 0, 0, 0, 0, 0, 0, 0, 0, 0, 0, 0, 0, 0, 0, 3, 10, 0]",0,train
SYN-1649,300.4670918720148,5700.760598425182,13.795062856964565,112.0,64.86578098625856,18.522711560815964,772.9379539633238,0.7105262013008457,149.87483454922338,90.76698625223976,0.5179694264315333,2.0,1.0,0.0,10.0,"[0, 0, 0, 0, 0, 10, 0, 0, 0, 0, 0, 0, 0, 0, 0, 0, 0, 0, 0, 0, 0, 0, 0, 0, 0, 0, 3, 0, 0, 0]",0,test
SYN-1650,192.0118441171584,3577.304582021309,6.342084841415065,100.0,18.025119157477455,18.729200497320946,811.6192776476663,0.1896746269401926,528.4639036704258,46.147311337159266,0.3342107919940664,0.0,0.0,0.0,0.0,"[0, 0, 0, 0, 0, 0, 0, 0, 0, 0, 0, 0, 0, 0, 0, 0, 0, 0, 0, 0, 0, 0, 0, 0, 0, 0, 0, 0, 0, 0]",0,train
SYN-1651,383.4457463631179,5716.254730656082,4.990007931404222,25.0,115.89615986642202,4.812957331310013,815.4330281131029,0.5417397450924273,736.7257484890354,241.21578998631895,0.931323279081471,2.0,0.0,0.0,3.0,"[3, 0, 0, 0, 0, 0, 0, 0, 0, 0, 0, 0, 0, 0, 0, 0, 0, 0, 0, 0, 0, 0, 3, 0, 0, 0, 0, 0, 0, 0]",0,train
SYN-1652,216.99304187364731,2995.1900012575898,15.490688682313504,116.0,30.733883151859658,14.933644626914145,898.377934745922,0.3260911407768707,416.834391775568,49.94511418279117,0.3718045363944404,1.0,1.0,0.0,3.0,"[0, 0, 0, 0, 0, 0, 0, 0, 0, 0, 0, 0, 0, 0, 0, 0, 0, 0, 0, 0, 0, 0, 0, 0, 0, 0, 0, 3, 0, 0]",0,validation
SYN-1653,333.45386793724117,3914.5822144622516,7.856310679184357,24.0,58.95864335427196,11.09073883398585,883.9238630100856,0.4858939408074745,554.8147735048526,176.7895224967841,0.7069888476909971,2.0,1.0,0.0,3.0,"[0, 0, 0, 0, 0, 0, 0, 0, 0, 0, 0, 0, 0, 0, 0, 0, 0, 0, 0, 3, 0, 0, 0, 0, 0, 0, 3, 0, 0, 0]",0,train
SYN-1654,387.00381867643387,5876.790097032218,11.266576795411002,109.0,123.53203422821197,2.8776499553475765,863.2453876864597,0.07037093500961743,1714.3239301831431,86.3607760901632,0.5423533313862785,0.0,0.0,0.0,0.0,"[0, 0, 0, 0, 0, 0, 0, 0, 0, 0, 0, 0, 0, 0, 0, 0, 0, 0, 0, 0, 0, 0, 0, 0, 0, 0, 0, 0, 0, 0]",0,validation
SYN-1655,390.6232791283191,5193.286135730599,9.813150758940331,106.0,12.952859372168303,15.579174598539272,720.4832219471299,0.5864142945110092,944.6235167584913,73.44568656135331,0.22118125198867075,5.0,0.0,0.0,65.0,"[0, 0, 0, 35, 0, 0, 35, 3, 0, 0, 3, 65, 0, 0, 0, 0, 0, 0, 0, 0, 0, 0, 0, 0, 0, 0, 0, 0, 0, 0]",0,test
SYN-1656,441.20367511352464,5122.684131079782,13.941287268613516,72.0,121.30841291162638,12.32334239530736,860.4696153559652,0.3376748144297038,784.9682560173295,105.39571111600046,0.5138309964650553,0.0,0.0,0.0,0.0,"[0, 0, 0, 0, 0, 0, 0, 0, 0, 0, 0, 0, 0, 0, 0, 0, 0, 0, 0, 0, 0, 0, 0, 0, 0, 0, 0, 0, 0, 0]",0,train
SYN-1657,100.0,1970.5773553052602,7.39220584208838,99.0,17.561659730570053,18.87922966013535,912.9416600118282,0.32942710423852983,202.10373752370637,26.64689234029822,0.44208552070868273,0.0,0.0,0.0,0.0,"[0, 0, 0, 0, 0, 0, 0, 0, 0, 0, 0, 0, 0, 0, 0, 0, 0, 0, 0, 0, 0, 0, 0, 0, 0, 0, 0, 0, 0, 0]",0,train
SYN-1658,155.06487577419645,763.1065124287907,12.642001289050548,63.0,38.68309952782102,9.211190741144454,962.751500358785,0.30474138286264607,144.57503982753389,16.635297353954765,0.3567435668818369,0.0,0.0,0.0,0.0,"[0, 0, 0, 0, 0, 0, 0, 0, 0, 0, 0, 0, 0, 0, 0, 0, 0, 0, 0, 0, 0, 0, 0, 0, 0, 0, 0, 0, 0, 0]",0,train
SYN-1659,302.29139977301537,6261.775478149799,5.827572168009665,41.0,52.70017022724073,17.80479553149757,927.5684184887386,0.18591878568458275,272.75733712880344,168.80434486983268,0.7327516272821416,3.0,1.0,0.0,35.0,"[0, 0, 0, 0, 0, 0, 0, 0, 0, 0, 0, 0, 0, 0, 0, 3, 0, 0, 0, 0, 3, 0, 0, 0, 0, 0, 0, 35, 0, 0]",0,train
SYN-1660,231.1985259595519,4246.877639963287,4.975110598493705,113.0,39.29819421334511,9.911061372750073,733.9339708191268,0.7814068166754417,284.7303590485276,47.14795509359513,0.373904413742084,0.0,0.0,0.0,0.0,"[0, 0, 0, 0, 0, 0, 0, 0, 0, 0, 0, 0, 0, 0, 0, 0, 0, 0, 0, 0, 0, 0, 0, 0, 0, 0, 0, 0, 0, 0]",0,test
SYN-1661,342.3878424281364,5099.393825484127,10.292823673250078,31.0,117.06909090642148,15.981579672592687,868.8692122502139,0.18615582544262135,393.49074250233355,188.03461803294238,0.8911055567149756,1.0,1.0,0.0,3.0,"[0, 0, 0, 0, 0, 0, 0, 0, 0, 0, 0, 0, 0, 0, 0, 0, 0, 0, 0, 0, 0, 0, 0, 0, 0, 3, 0, 0, 0, 0]",0,train
SYN-1662,332.22508429165066,4994.326968166752,6.257859157255323,52.0,111.99018112932127,15.102337596220401,834.5180463996735,0.4523747596819845,929.4814500155406,109.90369051274837,0.6679022209150093,3.0,1.0,0.0,35.0,"[0, 0, 0, 0, 0, 0, 0, 0, 0, 0, 0, 0, 0, 0, 0, 35, 3, 0, 0, 0, 0, 0, 0, 0, 0, 0, 3, 0, 0, 0]",0,train
SYN-1663,652.1473828906607,5816.192891417551,15.598745070005073,36.0,203.82657418399637,17.499195506170015,789.7903646618698,0.3905409258873105,117.66397919919649,203.32976445434676,0.6243317834591497,1.0,0.0,0.0,3.0,"[0, 0, 0, 0, 0, 0, 0, 0, 0, 0, 0, 3, 0, 0, 0, 0, 0, 0, 0, 0, 0, 0, 0, 0, 0, 0, 0, 0, 0, 0]",0,train
SYN-1664,736.6947354656342,12302.765808254717,8.649700288380338,50.0,141.88117911707894,16.47702527251529,745.3270102278698,0.5759517401603689,2088.9773794950697,293.92885859934074,0.5915747958222645,2.0,0.0,0.0,3.0,"[0, 0, 0, 0, 3, 0, 0, 0, 0, 3, 0, 0, 0, 0, 0, 0, 0, 0, 0, 0, 0, 0, 0, 0, 0, 0, 0, 0, 0, 0]",0,train
SYN-1665,412.4286365134178,6437.713479107538,15.009982572501986,94.0,135.4905497284877,19.040289421966435,856.5163557565024,0.66691980131668,900.1572991462554,116.84446093265059,0.6118270855155057,1.0,0.0,0.0,10.0,"[0, 10, 0, 0, 0, 0, 0, 0, 0, 0, 0, 0, 0, 0, 0, 0, 0, 0, 0, 0, 0, 0, 0, 0, 0, 0, 0, 0, 0, 0]",0,train
SYN-1666,437.5045972151441,2659.104684372236,5.258146862845,70.0,28.041954673361992,16.332950303133934,743.0636399862534,0.41112717128229614,1089.4213707337858,44.19290039657918,0.1651065052338627,0.0,0.0,0.0,0.0,"[0, 0, 0, 0, 0, 0, 0, 0, 0, 0, 0, 0, 0, 0, 0, 0, 0, 0, 0, 0, 0, 0, 0, 0, 0, 0, 0, 0, 0, 0]",0,train
SYN-1667,306.9820432960034,3084.5502329017936,14.338580000790119,80.0,27.212115007015193,1.0895525541063455,908.2396521516941,0.2768619109480319,48.58760992511741,60.09069987956235,0.2843906241199814,0.0,0.0,0.0,0.0,"[0, 0, 0, 0, 0, 0, 0, 0, 0, 0, 0, 0, 0, 0, 0, 0, 0, 0, 0, 0, 0, 0, 0, 0, 0, 0, 0, 0, 0, 0]",0,train
SYN-1668,675.8061680895279,4630.391224525375,9.24175319896873,100.0,156.40402003530914,2.5461283989058403,769.1780088965265,0.3165862624530384,1108.7454497911806,66.57021967771924,0.3299381542245553,1.0,0.0,0.0,10.0,"[0, 0, 0, 0, 0, 0, 0, 10, 0, 0, 0, 0, 0, 0, 0, 0, 0, 0, 0, 0, 0, 0, 0, 0, 0, 0, 0, 0, 0, 0]",0,validation
SYN-1669,333.39156137672353,7320.034903233586,7.656922116486141,12.0,20.922242134318182,5.269683059029311,944.0,0.21307708593625696,458.64953519498425,635.5977667547239,1.9692160358767812,28.0,6.0,1.0,65.0,"[10, 10, 3, 10, 10, 3, 3, 10, 10, 0, 10, 0, 65, 3, 10, 3, 10, 35, 65, 3, 10, 3, 35, 35, 10, 3, 10, 65, 3, 10]",1,train
SYN-1670,144.96675929436722,2662.3844352311335,14.372537040797695,38.0,12.771794751633356,16.14350443927552,693.2394017487159,0.591862533681077,466.9892809689519,87.62348578238424,0.6925400072588814,8.0,0.0,0.0,65.0,"[0, 10, 0, 0, 0, 10, 0, 3, 0, 35, 0, 0, 0, 0, 3, 0, 0, 0, 0, 3, 65, 0, 0, 10, 0, 0, 0, 0, 0, 0]",0,test
SYN-1671,601.4743313980734,6090.252166656773,9.196545333106503,44.0,67.86337527701777,16.094757165695402,800.4990767205732,0.2324628015174775,1206.1789412177848,163.58586360425846,0.38480318577069306,0.0,0.0,0.0,0.0,"[0, 0, 0, 0, 0, 0, 0, 0, 0, 0, 0, 0, 0, 0, 0, 0, 0, 0, 0, 0, 0, 0, 0, 0, 0, 0, 0, 0, 0, 0]",0,train
SYN-1672,300.08026542680557,3175.3494435102307,5.191864836830859,37.0,19.034609545886248,9.874156665319422,844.8751600796578,0.3352947196255808,19.46864265528804,93.05773410826708,0.3735412040332738,0.0,0.0,0.0,0.0,"[0, 0, 0, 0, 0, 0, 0, 0, 0, 0, 0, 0, 0, 0, 0, 0, 0, 0, 0, 0, 0, 0, 0, 0, 0, 0, 0, 0, 0, 0]",0,test
SYN-1673,969.2070764513636,15190.857049748665,3.836387784195021,59.0,195.10344167605064,9.285411899091873,748.7376863395683,0.5938777995844502,1449.7436759934342,282.9277130837946,0.4932188036741327,4.0,0.0,0.0,65.0,"[0, 0, 0, 0, 0, 3, 0, 0, 0, 0, 0, 0, 0, 10, 0, 0, 0, 65, 0, 0, 3, 0, 0, 0, 0, 0, 0, 0, 0, 0]",0,test
SYN-1674,368.07672808789107,5128.683518351596,9.742125212635703,24.0,66.09333707232119,6.6904643869191265,741.1514954105335,0.04095925141270379,51.125985955400886,236.05276316646,0.8208780321657101,5.0,1.0,1.0,35.0,"[0, 0, 0, 0, 3, 3, 0, 0, 0, 0, 0, 0, 0, 0, 0, 0, 10, 0, 0, 0, 0, 0, 0, 3, 0, 0, 0, 0, 0, 35]",0,validation
SYN-1675,388.76686306696956,3360.9287526137878,15.063595004418472,94.0,49.96164812166367,10.656942123653257,794.1659489021388,0.16293548621670867,1524.0204961967327,61.1046444548405,0.2856886816440724,0.0,0.0,0.0,0.0,"[0, 0, 0, 0, 0, 0, 0, 0, 0, 0, 0, 0, 0, 0, 0, 0, 0, 0, 0, 0, 0, 0, 0, 0, 0, 0, 0, 0, 0, 0]",0,train
SYN-1676,264.07006690826506,3320.4254301465585,10.999487777714178,51.0,61.68368161801676,18.154550905111723,849.5758497813376,0.0427336038695175,1318.4826057366802,81.79825984339557,0.5433479952548212,0.0,0.0,0.0,0.0,"[0, 0, 0, 0, 0, 0, 0, 0, 0, 0, 0, 0, 0, 0, 0, 0, 0, 0, 0, 0, 0, 0, 0, 0, 0, 0, 0, 0, 0, 0]",0,test
SYN-1677,134.27130703479102,1873.6314006862226,11.319705336859446,119.0,44.87816778013175,10.544107225433024,923.6539054079817,0.3644361177143328,604.9943314841925,26.26833513238862,0.5298712322364271,0.0,0.0,0.0,0.0,"[0, 0, 0, 0, 0, 0, 0, 0, 0, 0, 0, 0, 0, 0, 0, 0, 0, 0, 0, 0, 0, 0, 0, 0, 0, 0, 0, 0, 0, 0]",0,train
SYN-1678,311.17312682109025,6752.660096725026,4.744747337270836,48.0,58.12883262593723,19.5684682700741,755.5475050205199,0.49214993142766045,696.5862511679683,154.7294123758409,0.6840508599708274,2.0,0.0,0.0,35.0,"[0, 0, 0, 0, 0, 35, 0, 0, 0, 35, 0, 0, 0, 0, 0, 0, 0, 0, 0, 0, 0, 0, 0, 0, 0, 0, 0, 0, 0, 0]",0,validation
SYN-1679,711.9998115600772,9969.773838277377,4.994339302558618,32.0,25.95210684405865,14.204373911139934,811.2684807778146,0.47523779942899835,723.9399011877282,333.40959801529937,0.5047216291700322,0.0,0.0,0.0,0.0,"[0, 0, 0, 0, 0, 0, 0, 0, 0, 0, 0, 0, 0, 0, 0, 0, 0, 0, 0, 0, 0, 0, 0, 0, 0, 0, 0, 0, 0, 0]",0,train
SYN-1680,315.1476593430796,2693.67456299835,4.54586467651661,37.0,53.62794373504513,7.941255152336035,878.9184319290729,0.3115888550886425,137.64651899546928,78.16086505711574,0.41818114425115066,1.0,0.0,0.0,10.0,"[0, 0, 0, 0, 0, 10, 0, 0, 0, 0, 0, 0, 0, 0, 0, 0, 0, 0, 0, 0, 0, 0, 0, 0, 0, 0, 0, 0, 0, 0]",0,test
SYN-1681,548.2612341766222,12504.049018271546,12.967477470675028,89.0,90.11652751801176,7.657419765590758,849.737778777258,0.678290824056801,457.9621850127663,219.42412138136243,0.5645860578930806,1.0,0.0,0.0,3.0,"[0, 0, 0, 0, 0, 0, 0, 0, 0, 0, 0, 0, 0, 0, 0, 0, 0, 0, 0, 0, 0, 0, 0, 3, 0, 0, 0, 0, 0, 0]",0,train
SYN-1682,535.2767911989363,3282.3663505376003,5.823756872541923,112.0,49.514289543423814,14.90895368165215,856.4368327900847,0.13856047349718542,448.5190633813782,38.059080757525145,0.16360389940463946,0.0,0.0,0.0,0.0,"[0, 0, 0, 0, 0, 0, 0, 0, 0, 0, 0, 0, 0, 0, 0, 0, 0, 0, 0, 0, 0, 0, 0, 0, 0, 0, 0, 0, 0, 0]",0,validation
SYN-1683,557.9438293068769,5233.485995384548,11.614775085676136,96.0,125.33684084786208,1.9377932611002113,909.0973655112228,0.5129844959916247,3273.548546192846,83.95519646242393,0.37511309618799005,1.0,0.0,0.0,3.0,"[0, 0, 0, 0, 0, 0, 0, 0, 0, 0, 0, 3, 0, 0, 0, 0, 0, 0, 0, 0, 0, 0, 0, 0, 0, 0, 0, 0, 0, 0]",0,train
SYN-1684,368.86145243090704,2841.358796108553,15.579005809167377,31.0,118.63993608259625,16.73933136403045,951.6328435492645,0.36766826076398557,819.4429369061885,111.92032864713259,0.6250592552034588,1.0,0.0,0.0,10.0,"[0, 0, 0, 0, 0, 0, 0, 0, 0, 0, 0, 0, 0, 0, 0, 0, 10, 0, 0, 0, 0, 0, 0, 0, 0, 0, 0, 0, 0, 0]",0,validation
SYN-1685,209.80342209786133,2112.8580549033036,7.0837167574042645,32.0,26.248717388791015,13.701617735035525,851.2021077028312,0.2787451431565065,22.148349665432484,72.6533504216817,0.4714035015326897,0.0,0.0,0.0,0.0,"[0, 0, 0, 0, 0, 0, 0, 0, 0, 0, 0, 0, 0, 0, 0, 0, 0, 0, 0, 0, 0, 0, 0, 0, 0, 0, 0, 0, 0, 0]",0,test
SYN-1686,481.59286656604087,2246.173811744786,15.372324092346437,57.0,145.33329840977936,16.82488150928331,909.9060491890293,0.19773452037690095,387.894963622802,55.77014725796735,0.4175797849783337,0.0,0.0,0.0,0.0,"[0, 0, 0, 0, 0, 0, 0, 0, 0, 0, 0, 0, 0, 0, 0, 0, 0, 0, 0, 0, 0, 0, 0, 0, 0, 0, 0, 0, 0, 0]",0,validation
SYN-1687,466.31824514133103,7393.861306677763,14.380042481041347,82.0,14.946620887179876,7.948719883593429,908.8757940634166,0.04471171842638654,547.9140017219049,142.11004804208252,0.3368014667357952,0.0,0.0,0.0,0.0,"[0, 0, 0, 0, 0, 0, 0, 0, 0, 0, 0, 0, 0, 0, 0, 0, 0, 0, 0, 0, 0, 0, 0, 0, 0, 0, 0, 0, 0, 0]",0,validation
SYN-1688,712.643696346717,8200.413682390932,3.682818742340034,68.0,19.949091004973294,16.594278521234184,760.7799015672213,0.46120683183147343,1712.378979358621,133.79957488719668,0.21574409018187377,0.0,0.0,0.0,0.0,"[0, 0, 0, 0, 0, 0, 0, 0, 0, 0, 0, 0, 0, 0, 0, 0, 0, 0, 0, 0, 0, 0, 0, 0, 0, 0, 0, 0, 0, 0]",0,train
SYN-1689,210.42958457356588,5024.986918351566,13.831631876090501,41.0,16.203059875356832,0.41385045816679344,961.6915039599305,0.0639513092281005,464.2019094911122,154.48518518157323,0.8111418620287097,2.0,1.0,0.0,35.0,"[0, 0, 0, 0, 0, 0, 0, 0, 0, 0, 0, 0, 0, 0, 35, 0, 0, 0, 0, 0, 0, 0, 0, 0, 3, 0, 0, 0, 0, 0]",0,validation
SYN-1690,267.87475016507665,2781.049423630752,8.744674362817019,41.0,52.50995935662411,5.320491076308105,815.1469150145771,0.21486689829325464,72.12186417477982,78.71241065286947,0.48986464729739687,0.0,0.0,0.0,0.0,"[0, 0, 0, 0, 0, 0, 0, 0, 0, 0, 0, 0, 0, 0, 0, 0, 0, 0, 0, 0, 0, 0, 0, 0, 0, 0, 0, 0, 0, 0]",0,test
SYN-1691,320.72301961483487,5352.294666281779,12.611008279764146,24.0,34.40887090441805,11.717050895798344,845.1878082580077,0.20873086080226244,30.372035794340558,253.48101307968764,0.8976277547206952,1.0,0.0,0.0,35.0,"[35, 0, 0, 0, 0, 0, 0, 0, 0, 0, 0, 0, 0, 0, 0, 0, 0, 0, 0, 0, 0, 0, 0, 0, 0, 0, 0, 0, 0, 0]",0,train
SYN-1692,330.84499289659084,1861.9080981851978,12.33313632590793,58.0,30.49089385113283,14.31361919176117,853.1363849933538,0.6475072352033006,457.65026962355586,42.774766369266665,0.22145011045489651,1.0,0.0,0.0,65.0,"[0, 0, 0, 0, 0, 0, 0, 0, 0, 0, 65, 0, 0, 0, 0, 0, 0, 0, 0, 0, 0, 0, 0, 0, 0, 0, 0, 0, 0, 0]",0,train
SYN-1693,645.2933737391248,12373.545267237552,10.082554092051977,51.0,128.63625816136746,0.8405041355837262,812.2753999357319,0.6217893159845684,290.5976560756716,299.30420624737536,0.6631719491075201,8.0,2.0,0.0,65.0,"[0, 0, 0, 10, 0, 0, 0, 0, 10, 10, 0, 0, 0, 0, 35, 0, 65, 0, 0, 0, 0, 35, 0, 0, 10, 0, 0, 3, 0, 0]",0,validation
SYN-1694,738.5640920299165,17549.640564155678,5.8300914318843295,70.0,25.202941067513468,1.4940490769377712,853.8327814362472,0.22223128402606035,1240.4297880796425,296.355315211818,0.4353830083934087,2.0,0.0,0.0,35.0,"[0, 0, 0, 0, 0, 35, 10, 0, 0, 0, 0, 0, 0, 0, 0, 0, 0, 0, 0, 0, 0, 0, 0, 0, 0, 0, 0, 0, 0, 0]",0,test
SYN-1695,334.13210018804244,5034.752133759575,8.797065135807001,41.0,50.436583088025536,16.025952594082675,860.6660745964009,0.3305480334803001,191.97683400045005,142.6227240017208,0.5777933547273568,1.0,0.0,0.0,3.0,"[0, 0, 0, 3, 0, 0, 0, 0, 0, 0, 0, 0, 0, 0, 0, 0, 0, 0, 0, 0, 0, 0, 0, 0, 0, 0, 0, 0, 0, 0]",0,validation
SYN-1696,241.1640799975528,2244.8010824357125,9.86297401561687,24.0,46.6185240879892,8.847671216467452,788.5983396013336,0.45692347583801246,417.3746679897674,103.44426745796432,0.6222435428504788,0.0,0.0,0.0,0.0,"[0, 0, 0, 0, 0, 0, 0, 0, 0, 0, 0, 0, 0, 0, 0, 0, 0, 0, 0, 0, 0, 0, 0, 0, 0, 0, 0, 0, 0, 0]",0,train
SYN-1697,256.0414217366271,2996.986519268807,13.171280592009,52.0,83.16031356749129,13.132645480321443,765.3776404638869,0.5517688730380901,385.8409655236139,75.94541482551068,0.621406205737537,2.0,1.0,0.0,35.0,"[0, 0, 0, 0, 0, 0, 0, 0, 0, 0, 0, 0, 0, 0, 0, 0, 0, 0, 3, 0, 0, 0, 0, 0, 0, 0, 0, 0, 35, 0]",1,train
SYN-1698,655.9070121526646,9230.347817088463,9.393793848866341,86.0,91.60047330927584,18.281557604266276,816.0311723616063,0.11689499922080551,426.44785003728447,147.8855050374269,0.3651218448796848,1.0,1.0,0.0,65.0,"[0, 0, 0, 0, 0, 0, 0, 0, 0, 0, 0, 0, 0, 0, 0, 0, 0, 0, 0, 0, 0, 0, 0, 0, 65, 0, 0, 0, 0, 0]",0,train
SYN-1699,583.6216254208736,2421.3369373677865,6.06829894479994,38.0,78.25324077093369,11.467553801735521,795.9147877180225,0.08851168893054487,556.2492848003682,70.19808223621939,0.25436227264556677,2.0,0.0,0.0,35.0,"[0, 0, 0, 0, 0, 0, 0, 0, 0, 0, 0, 0, 0, 0, 0, 0, 35, 3, 0, 0, 0, 0, 0, 0, 0, 0, 0, 0, 0, 0]",0,train
SYN-1700,368.35886165906015,4996.835110670546,3.1836288394691925,46.0,56.67526069685568,8.80667276698473,804.2886072964803,0.4868523999731081,954.3758862310609,115.53385128797056,0.46750364904813085,0.0,0.0,0.0,0.0,"[0, 0, 0, 0, 0, 0, 0, 0, 0, 0, 0, 0, 0, 0, 0, 0, 0, 0, 0, 0, 0, 0, 0, 0, 0, 0, 0, 0, 0, 0]",0,train
SYN-1701,408.2111844014574,6592.094769278921,6.839686323838914,68.0,67.16701312740379,18.683096612163258,899.1330467099775,0.23398001161268595,915.7360531506938,117.2123025913754,0.45167629590827285,1.0,1.0,0.0,35.0,"[0, 0, 0, 0, 0, 0, 0, 0, 0, 0, 0, 0, 0, 0, 0, 0, 0, 0, 0, 0, 0, 0, 0, 0, 35, 0, 0, 0, 0, 0]",0,train
SYN-1702,694.6454572606373,16277.761295784007,9.036640153714826,57.0,107.07253583413929,5.072418703619532,862.0473073171879,0.3503163378066117,1473.7552480023721,352.2938089716821,0.6612961187673368,0.0,0.0,0.0,0.0,"[0, 0, 0, 0, 0, 0, 0, 0, 0, 0, 0, 0, 0, 0, 0, 0, 0, 0, 0, 0, 0, 0, 0, 0, 0, 0, 0, 0, 0, 0]",0,test
SYN-1703,828.8820733858034,12704.130214598088,6.964449943562729,80.0,231.4469112316885,14.534958579642474,780.2678460198913,0.52449857799609,232.94731996099694,198.9619368647074,0.5192642740339034,4.0,1.0,1.0,35.0,"[0, 0, 0, 0, 0, 3, 0, 3, 3, 0, 0, 0, 0, 0, 0, 0, 0, 0, 0, 0, 0, 0, 0, 0, 0, 0, 0, 0, 0, 35]",0,train
SYN-1704,431.56001709041163,3640.4796897680026,11.852398017478366,61.0,55.176902636140824,9.234555685907393,774.0589587316122,0.362705541806346,1617.227506246259,79.73855158317355,0.31262269180754443,0.0,0.0,0.0,0.0,"[0, 0, 0, 0, 0, 0, 0, 0, 0, 0, 0, 0, 0, 0, 0, 0, 0, 0, 0, 0, 0, 0, 0, 0, 0, 0, 0, 0, 0, 0]",0,test
SYN-1705,149.63515750225613,2262.1485161454,7.657441207522851,64.0,38.94401318003378,1.0128351359021925,831.5190187089073,0.504551434884864,74.61871030978108,43.1647052397773,0.5487261135042617,2.0,0.0,0.0,35.0,"[0, 0, 0, 0, 0, 0, 0, 0, 0, 10, 0, 0, 0, 0, 0, 0, 0, 0, 0, 0, 0, 35, 0, 0, 0, 0, 0, 0, 0, 0]",0,validation
SYN-1706,426.0355889123382,1986.0353043211455,13.22835098563408,115.0,58.56921451220601,12.333809191949507,868.6056744685656,0.3395985831666727,1277.358987710635,30.553042074876988,0.20918969895123232,0.0,0.0,0.0,0.0,"[0, 0, 0, 0, 0, 0, 0, 0, 0, 0, 0, 0, 0, 0, 0, 0, 0, 0, 0, 0, 0, 0, 0, 0, 0, 0, 0, 0, 0, 0]",0,train
SYN-1707,419.77870472519436,5662.379718830444,13.846839174572859,50.0,85.87938711775084,19.555805897628797,803.4221136467088,0.14185069108281392,530.3341399626773,149.67536126510214,0.5611403001899715,0.0,0.0,0.0,0.0,"[0, 0, 0, 0, 0, 0, 0, 0, 0, 0, 0, 0, 0, 0, 0, 0, 0, 0, 0, 0, 0, 0, 0, 0, 0, 0, 0, 0, 0, 0]",0,train
SYN-1708,298.4579732107235,4355.75553888862,4.9402169617912985,52.0,9.701972419525832,6.179628283470575,915.9790046234649,0.5163507463302186,385.89591987335956,93.22182640877459,0.34485189898288304,1.0,1.0,0.0,35.0,"[0, 0, 0, 0, 0, 0, 0, 0, 0, 0, 0, 0, 0, 0, 0, 0, 0, 0, 0, 0, 0, 0, 0, 0, 35, 0, 0, 0, 0, 0]",0,validation
SYN-1709,655.0142460007511,7879.37341753313,5.187808022679842,93.0,225.42465060292878,2.4163617501127876,680.8947927557538,0.6451203718550282,249.08698438297284,103.07519529456222,0.5015155745133433,9.0,0.0,0.0,65.0,"[10, 10, 35, 0, 0, 0, 0, 3, 3, 0, 10, 65, 0, 0, 0, 0, 0, 0, 0, 0, 0, 10, 0, 65, 0, 0, 0, 0, 0, 0]",0,train
SYN-1710,293.6092114762416,2951.480295513214,13.398142949463958,42.0,42.495947191004234,2.547022745730425,894.9359919030074,0.5828670380882275,1253.6996595257237,88.41773959439728,0.4458773147040547,0.0,0.0,0.0,0.0,"[0, 0, 0, 0, 0, 0, 0, 0, 0, 0, 0, 0, 0, 0, 0, 0, 0, 0, 0, 0, 0, 0, 0, 0, 0, 0, 0, 0, 0, 0]",0,test
SYN-1711,594.3113408154103,9292.493204873479,5.571518219019252,20.0,75.81336039616723,1.6409427467843374,844.9110851447191,0.7043193978383604,3167.8206209453524,487.60768482150246,0.9480233785285699,2.0,0.0,0.0,35.0,"[0, 0, 0, 0, 0, 0, 35, 0, 0, 0, 0, 0, 0, 0, 0, 0, 0, 0, 0, 0, 0, 3, 0, 0, 0, 0, 0, 0, 0, 0]",0,test
SYN-1712,490.3676535148211,9548.738001511203,11.822001345743034,107.0,10.5562533078817,7.702981678186902,811.8182027009656,0.43112720929385895,513.3833486641354,144.79108289670518,0.3167976824961836,0.0,0.0,0.0,0.0,"[0, 0, 0, 0, 0, 0, 0, 0, 0, 0, 0, 0, 0, 0, 0, 0, 0, 0, 0, 0, 0, 0, 0, 0, 0, 0, 0, 0, 0, 0]",0,validation
SYN-1713,477.0451823681734,2206.2203447217826,10.867777168972308,33.0,20.8872590280304,6.2367755845045325,781.8990032597666,0.43528504022835984,2787.1800891216976,77.64239356889833,0.2065415525376496,1.0,0.0,0.0,10.0,"[0, 0, 10, 0, 0, 0, 0, 0, 0, 0, 0, 0, 0, 0, 0, 0, 0, 0, 0, 0, 0, 0, 0, 0, 0, 0, 0, 0, 0, 0]",0,train
SYN-1714,337.75558179419875,3943.584384807863,6.6609542800109764,25.0,73.71237913342975,0.13536943676376145,865.4499128623319,0.15893462345353826,986.1643289403376,169.3781459997359,0.7197231910775218,2.0,0.0,0.0,65.0,"[0, 0, 0, 0, 0, 0, 0, 65, 0, 0, 0, 0, 0, 0, 0, 0, 0, 0, 3, 0, 0, 0, 0, 0, 0, 0, 0, 0, 0, 0]",0,test
SYN-1715,211.67459219338664,2376.5095467262327,6.654129869706194,101.0,45.103711198848835,4.506825700047374,812.4027703813063,0.1872584404868574,68.8478649664333,30.794147104090513,0.3585591332265272,1.0,0.0,0.0,35.0,"[0, 0, 0, 35, 0, 0, 0, 0, 0, 0, 0, 0, 0, 0, 0, 0, 0, 0, 0, 0, 0, 0, 0, 0, 0, 0, 0, 0, 0, 0]",0,train
SYN-1716,271.4076976293763,1631.5466964568902,3.208113179232084,71.0,18.294840323195004,7.615861543356899,721.6776289662332,0.12538059847647734,355.2169731468577,25.260006400962578,0.16047756605501431,0.0,0.0,0.0,0.0,"[0, 0, 0, 0, 0, 0, 0, 0, 0, 0, 0, 0, 0, 0, 0, 0, 0, 0, 0, 0, 0, 0, 0, 0, 0, 0, 0, 0, 0, 0]",0,validation
SYN-1717,387.873729119782,8496.729099765107,9.579821012356655,52.0,35.54056982340928,11.626732326443152,631.6686301460543,0.5781669513804637,55.78966239216662,200.2960503588864,0.6080242163280548,6.0,0.0,0.0,35.0,"[35, 0, 0, 0, 0, 0, 10, 35, 0, 0, 0, 0, 0, 0, 3, 35, 0, 0, 0, 0, 0, 3, 0, 0, 0, 0, 0, 0, 0, 0]",0,test
SYN-1718,123.60589029810995,389.2764205820518,13.825596320409984,65.0,28.49664913052777,9.734042926602468,852.9552492501455,0.4885568812676756,57.26437011990788,8.541550074991745,0.2996475258273826,2.0,0.0,0.0,10.0,"[10, 0, 0, 0, 0, 0, 0, 0, 0, 0, 0, 0, 0, 3, 0, 0, 0, 0, 0, 0, 0, 0, 0, 0, 0, 0, 0, 0, 0, 0]",0,train
SYN-1719,459.810387953101,2283.2798757327278,10.287813961342101,107.0,149.0781475516278,2.3167560532998643,982.2698930542629,0.17428683030942646,2010.1815545780457,32.687586359340116,0.39530584491602955,0.0,0.0,0.0,0.0,"[0, 0, 0, 0, 0, 0, 0, 0, 0, 0, 0, 0, 0, 0, 0, 0, 0, 0, 0, 0, 0, 0, 0, 0, 0, 0, 0, 0, 0, 0]",0,train
SYN-1720,205.47965875485013,4328.836422440867,10.747975602606736,119.0,68.71365672658906,12.948437976957605,770.988556580543,0.2554018054102072,13.703336642776287,59.291100969502146,0.6229558607979234,2.0,0.0,0.0,65.0,"[0, 0, 0, 0, 35, 0, 65, 0, 0, 0, 0, 0, 0, 0, 0, 0, 0, 0, 0, 0, 0, 0, 0, 0, 0, 0, 0, 0, 0, 0]",0,test
SYN-1721,526.5066236725771,10884.118712534706,4.948817778922824,13.0,174.6744453555875,5.713513267887951,820.6317120208182,0.39064391930854386,610.5179905313677,861.608360758175,1.968223683275453,29.0,6.0,1.0,35.0,"[3, 35, 35, 3, 10, 3, 10, 35, 3, 35, 3, 10, 10, 10, 3, 3, 10, 35, 3, 10, 10, 10, 3, 0, 35, 3, 35, 35, 3, 3]",1,validation
SYN-1722,338.69736348706016,1596.3026691698376,4.193284789979945,35.0,33.680004999351745,5.636752566996215,774.1988670173121,0.3198168853504161,1095.5738919715945,48.534091224318395,0.24273615648269167,1.0,0.0,0.0,3.0,"[0, 0, 0, 0, 0, 0, 0, 0, 0, 0, 0, 0, 0, 0, 0, 0, 0, 0, 0, 3, 0, 0, 0, 0, 0, 0, 0, 0, 0, 0]",0,train
SYN-1723,340.0167732753599,5869.631955593563,5.135834293040974,78.0,47.94913280982813,5.006361422601171,708.668169950856,0.18110007047628696,1360.3693074498185,88.66928972552745,0.4017990677910358,0.0,0.0,0.0,0.0,"[0, 0, 0, 0, 0, 0, 0, 0, 0, 0, 0, 0, 0, 0, 0, 0, 0, 0, 0, 0, 0, 0, 0, 0, 0, 0, 0, 0, 0, 0]",0,train
SYN-1724,562.1151558076335,4442.212289214472,11.325367779092169,88.0,109.14395639570112,0.5325308945226737,866.7777384767409,0.37764182941671226,736.7472024949974,74.53555479322456,0.32676491514451234,0.0,0.0,0.0,0.0,"[0, 0, 0, 0, 0, 0, 0, 0, 0, 0, 0, 0, 0, 0, 0, 0, 0, 0, 0, 0, 0, 0, 0, 0, 0, 0, 0, 0, 0, 0]",0,train
SYN-1725,343.2379896320645,5298.102818010602,6.667313494304789,91.0,63.83935045254301,2.356692719389384,726.5829364500414,0.4624600673953212,580.704585181807,74.33251957009242,0.40255412919400146,0.0,0.0,0.0,0.0,"[0, 0, 0, 0, 0, 0, 0, 0, 0, 0, 0, 0, 0, 0, 0, 0, 0, 0, 0, 0, 0, 0, 0, 0, 0, 0, 0, 0, 0, 0]",0,validation
SYN-1726,224.91160780323355,4074.229894199787,12.003492409515289,37.0,45.66182133607733,16.25986978977722,892.9175529910946,0.24660577161810415,14.180994506439323,132.28910714722116,0.7912038432404115,1.0,0.0,0.0,10.0,"[0, 0, 0, 0, 0, 0, 0, 0, 0, 0, 0, 0, 0, 0, 10, 0, 0, 0, 0, 0, 0, 0, 0, 0, 0, 0, 0, 0, 0, 0]",0,test
SYN-1727,478.50984653622123,4675.737183651233,8.003292669325209,116.0,34.74874814462648,3.444207584250847,767.6973984931142,0.5072581463487895,157.80333017065632,58.01878595272752,0.19386755522141982,0.0,0.0,0.0,0.0,"[0, 0, 0, 0, 0, 0, 0, 0, 0, 0, 0, 0, 0, 0, 0, 0, 0, 0, 0, 0, 0, 0, 0, 0, 0, 0, 0, 0, 0, 0]",0,validation
SYN-1728,188.8108736168482,4060.802384482845,10.667793990857769,109.0,57.59487224494927,3.4874266861042447,852.8896943745797,0.22657413582643607,190.95155661810767,58.32845110853661,0.6139652930621348,1.0,0.0,0.0,65.0,"[0, 0, 0, 65, 0, 0, 0, 0, 0, 0, 0, 0, 0, 0, 0, 0, 0, 0, 0, 0, 0, 0, 0, 0, 0, 0, 0, 0, 0, 0]",0,train
SYN-1729,431.4352994053933,1427.8977510939078,12.921504205725048,64.0,32.54922786079271,12.333913849680728,816.8796480774497,0.5326553451353396,322.579324496971,30.990029078263028,0.14727412668046846,0.0,0.0,0.0,0.0,"[0, 0, 0, 0, 0, 0, 0, 0, 0, 0, 0, 0, 0, 0, 0, 0, 0, 0, 0, 0, 0, 0, 0, 0, 0, 0, 0, 0, 0, 0]",0,test
SYN-1730,445.8430964785619,4737.299911162789,11.345204856504838,43.0,64.11660476423278,7.148733579081874,632.6005680662558,0.6890187689807755,1610.5392341750605,134.5898536190273,0.4456869691438965,3.0,0.0,0.0,10.0,"[10, 0, 10, 0, 0, 0, 0, 0, 0, 3, 0, 0, 0, 0, 0, 0, 0, 0, 0, 0, 0, 0, 0, 0, 0, 0, 0, 0, 0, 0]",1,validation
SYN-1731,270.8253594720699,6052.831146040888,13.875581406256394,34.0,94.06036152944472,6.314528794014391,751.5772676837382,0.13560434982924266,449.03382662374474,216.32013479700817,1.1460540361932474,5.0,0.0,0.0,65.0,"[0, 0, 0, 0, 3, 65, 0, 3, 0, 0, 0, 0, 10, 0, 0, 3, 0, 0, 0, 0, 0, 0, 0, 0, 0, 0, 0, 0, 0, 0]",0,train
SYN-1732,306.1942103017955,3402.872686250698,10.128618213985185,120.0,71.17385849086338,2.046114100858518,697.5046910292392,0.245836903489201,203.75372887994587,45.211925479047665,0.3801044567602935,1.0,0.0,0.0,3.0,"[0, 0, 0, 0, 0, 0, 0, 0, 0, 0, 3, 0, 0, 0, 0, 0, 0, 0, 0, 0, 0, 0, 0, 0, 0, 0, 0, 0, 0, 0]",0,train
SYN-1733,280.2737390453433,2412.9329691615485,4.907924339511163,82.0,51.05217077498841,13.436835345589307,897.1580175604983,0.27855603341658647,4.583062589495964,34.69525368760353,0.3059417009765568,0.0,0.0,0.0,0.0,"[0, 0, 0, 0, 0, 0, 0, 0, 0, 0, 0, 0, 0, 0, 0, 0, 0, 0, 0, 0, 0, 0, 0, 0, 0, 0, 0, 0, 0, 0]",0,test
SYN-1734,320.5992896623243,2446.3383889090574,8.317711880434793,84.0,88.57810103082669,14.992484888377666,861.8236145800138,0.29218260317265315,1007.8213933397427,38.51753202196794,0.3964314243698415,2.0,1.0,0.0,10.0,"[0, 0, 0, 0, 0, 0, 0, 0, 0, 0, 0, 0, 0, 0, 0, 0, 0, 0, 0, 0, 0, 0, 10, 0, 0, 0, 0, 0, 3, 0]",0,train
SYN-1735,810.1197235444662,8095.443752876015,5.32230463222794,102.0,60.35883051448858,7.7265657191765165,770.4918014258833,0.47033096651428996,621.5126372826268,98.8417083043963,0.19651482884819138,2.0,0.0,0.0,10.0,"[0, 0, 0, 0, 10, 3, 0, 0, 0, 0, 0, 0, 0, 0, 0, 0, 0, 0, 0, 0, 0, 0, 0, 0, 0, 0, 0, 0, 0, 0]",0,train
SYN-1736,419.312774601739,6550.856212261565,4.953931958005321,118.0,51.29368260623707,0.31588985347319687,834.1577806139253,0.5299377682328171,1313.3477693546313,70.2433997782521,0.28984827018429005,0.0,0.0,0.0,0.0,"[0, 0, 0, 0, 0, 0, 0, 0, 0, 0, 0, 0, 0, 0, 0, 0, 0, 0, 0, 0, 0, 0, 0, 0, 0, 0, 0, 0, 0, 0]",0,validation
SYN-1737,430.2508142892644,7392.838816700013,9.306902490500413,62.0,47.893975680656666,5.714114954658058,915.7110325528354,0.062063291510059015,2261.0182574031987,150.64965377382893,0.4614602061415312,0.0,0.0,0.0,0.0,"[0, 0, 0, 0, 0, 0, 0, 0, 0, 0, 0, 0, 0, 0, 0, 0, 0, 0, 0, 0, 0, 0, 0, 0, 0, 0, 0, 0, 0, 0]",0,train
SYN-1738,304.78293951373894,6561.18976715951,10.095782914127826,48.0,76.77555945642911,11.59023542793193,824.835315965696,0.11541521701169392,1551.9807582817634,166.71069467631798,0.7988841321670214,0.0,0.0,0.0,0.0,"[0, 0, 0, 0, 0, 0, 0, 0, 0, 0, 0, 0, 0, 0, 0, 0, 0, 0, 0, 0, 0, 0, 0, 0, 0, 0, 0, 0, 0, 0]",0,train
SYN-1739,515.6544213335169,12366.972207521554,4.1562315700651915,43.0,98.56633561718114,17.04215967469343,798.0892044429942,0.38211454380813303,1159.3029218839104,310.04893592547455,0.7924207659966325,3.0,1.0,0.0,10.0,"[3, 0, 0, 0, 0, 0, 0, 0, 0, 0, 0, 0, 3, 0, 0, 0, 0, 0, 0, 0, 0, 0, 0, 0, 0, 0, 0, 0, 10, 0]",0,test
SYN-1740,277.42668685113165,2534.963441871505,12.761473560098612,36.0,23.43850287162206,12.212806571292536,816.8064527273632,0.23719901573627142,82.8885324351801,85.1219877084258,0.3913123564724034,0.0,0.0,0.0,0.0,"[0, 0, 0, 0, 0, 0, 0, 0, 0, 0, 0, 0, 0, 0, 0, 0, 0, 0, 0, 0, 0, 0, 0, 0, 0, 0, 0, 0, 0, 0]",0,test
SYN-1741,410.55149608955026,2909.356323312538,10.333058225696268,18.0,113.67590855670494,6.34297460087256,845.1945086035249,0.26456100013227046,194.50032824090508,175.17393479699993,0.703565438452818,7.0,1.0,0.0,35.0,"[0, 0, 0, 0, 0, 0, 10, 10, 10, 0, 0, 0, 10, 0, 35, 0, 0, 0, 0, 0, 0, 0, 0, 3, 0, 0, 0, 0, 35, 0]",1,train
SYN-1742,165.30625450253535,1206.3565331914579,12.214134177670507,47.0,38.496497608629404,3.4469924129294593,694.3976789646523,0.5612619766419188,732.2050651049578,32.42218193490607,0.4290138915611797,4.0,1.0,0.0,3.0,"[0, 0, 0, 0, 3, 0, 0, 0, 3, 0, 0, 0, 0, 0, 0, 0, 0, 0, 0, 3, 0, 0, 0, 0, 0, 0, 0, 3, 0, 0]",0,validation
SYN-1743,460.41470996273586,2580.45662002669,6.859926969046754,50.0,123.9086722695417,0.6677131103046374,753.0767880148073,0.1862128207146166,725.5318732597327,59.48212716589222,0.398316551289764,1.0,1.0,0.0,3.0,"[0, 0, 0, 0, 0, 0, 0, 0, 0, 0, 0, 0, 0, 0, 0, 0, 0, 0, 0, 0, 0, 0, 0, 0, 3, 0, 0, 0, 0, 0]",0,test
SYN-1744,181.66932770887422,2769.619145007676,13.40835690459955,79.0,25.03446000447478,7.750902623632827,776.0890300581195,0.5918142825298582,466.31028019824953,52.9625802361455,0.4293352170357058,4.0,0.0,0.0,65.0,"[0, 0, 0, 0, 0, 0, 3, 0, 0, 0, 0, 0, 0, 0, 0, 3, 65, 3, 0, 0, 0, 0, 0, 0, 0, 0, 0, 0, 0, 0]",0,train
SYN-1745,541.5172752897304,12097.073313367646,5.569418955846752,25.0,103.84649958388329,10.560005659116234,847.243862646367,0.45278563959366425,757.6960055365901,513.618816524122,1.1402504486632308,2.0,0.0,0.0,10.0,"[0, 0, 0, 0, 0, 0, 0, 0, 0, 3, 0, 0, 0, 0, 0, 0, 0, 0, 0, 0, 10, 0, 0, 0, 0, 0, 0, 0, 0, 0]",0,validation
SYN-1746,308.95255349246304,6486.57578791448,8.904731185673228,74.0,77.2951728491366,0.7487422014869893,809.0326680178301,0.15917613992869648,383.38803528306073,114.23207887740847,0.6199244821299638,2.0,0.0,0.0,35.0,"[0, 0, 3, 0, 0, 0, 0, 0, 0, 0, 0, 0, 0, 0, 0, 35, 0, 0, 0, 0, 0, 0, 0, 0, 0, 0, 0, 0, 0, 0]",0,train
SYN-1747,365.2289076354776,6068.928739894709,5.435943902616613,90.0,18.826293925562634,7.2833691399171,652.7499133967012,0.4268951630863788,195.2394806020985,82.26050206949543,0.2767765472057029,1.0,1.0,0.0,3.0,"[0, 0, 0, 0, 0, 0, 0, 0, 0, 0, 0, 0, 0, 0, 0, 0, 0, 0, 0, 0, 0, 0, 0, 0, 0, 0, 3, 0, 0, 0]",0,validation
SYN-1748,158.9213532400379,1802.647413021663,7.249462445309368,55.0,50.00403343453851,13.476459587168254,900.8395309392243,0.2761713011259786,251.09083833493844,38.61948539257088,0.5576564572367485,0.0,0.0,0.0,0.0,"[0, 0, 0, 0, 0, 0, 0, 0, 0, 0, 0, 0, 0, 0, 0, 0, 0, 0, 0, 0, 0, 0, 0, 0, 0, 0, 0, 0, 0, 0]",0,train
SYN-1749,327.98043023057625,4610.074234723033,11.172610461012026,76.0,24.963260810239227,2.792505358113677,882.2201951523756,0.20339248825737052,7.585876953543471,84.90056086290356,0.33497066149924404,0.0,0.0,0.0,0.0,"[0, 0, 0, 0, 0, 0, 0, 0, 0, 0, 0, 0, 0, 0, 0, 0, 0, 0, 0, 0, 0, 0, 0, 0, 0, 0, 0, 0, 0, 0]",0,train
SYN-1750,377.0949436375836,3672.594740868192,10.79524333159273,119.0,76.14128898377629,14.482069284669386,953.705992660853,0.057082630834459074,138.02771416657612,50.40029989802983,0.33556957211131966,0.0,0.0,0.0,0.0,"[0, 0, 0, 0, 0, 0, 0, 0, 0, 0, 0, 0, 0, 0, 0, 0, 0, 0, 0, 0, 0, 0, 0, 0, 0, 0, 0, 0, 0, 0]",0,train
SYN-1751,218.20578381636267,1107.8253398495556,9.70984456734404,85.0,60.267949949580775,19.347769875514466,809.0805291760873,0.3322290068776258,531.9552668182625,18.075650428142424,0.3590353977218839,0.0,0.0,0.0,0.0,"[0, 0, 0, 0, 0, 0, 0, 0, 0, 0, 0, 0, 0, 0, 0, 0, 0, 0, 0, 0, 0, 0, 0, 0, 0, 0, 0, 0, 0, 0]",0,train
SYN-1752,438.0958242004202,2141.1004506319196,12.460030868797444,42.0,9.675022270955296,2.5958927993968173,699.3310261517083,0.6062390449393705,2918.813808941098,63.15996546515015,0.16625355393203856,0.0,0.0,0.0,0.0,"[0, 0, 0, 0, 0, 0, 0, 0, 0, 0, 0, 0, 0, 0, 0, 0, 0, 0, 0, 0, 0, 0, 0, 0, 0, 0, 0, 0, 0, 0]",0,train
SYN-1753,701.0061948120562,5890.248212950897,4.336542243216657,69.0,189.72406899222173,1.6241300285338212,820.3104342014166,0.4579124001392472,1535.2407643516094,96.60417320387562,0.4084532266834869,1.0,0.0,0.0,35.0,"[0, 0, 0, 0, 0, 0, 0, 0, 0, 0, 0, 0, 35, 0, 0, 0, 0, 0, 0, 0, 0, 0, 0, 0, 0, 0, 0, 0, 0, 0]",0,validation
SYN-1754,619.4213615038481,9017.76369446022,11.031165151082243,54.0,203.0373987293272,12.84730643834166,877.4748310932691,0.2851772114384609,487.33098552275754,212.6102494253484,0.6710256926650946,0.0,0.0,0.0,0.0,"[0, 0, 0, 0, 0, 0, 0, 0, 0, 0, 0, 0, 0, 0, 0, 0, 0, 0, 0, 0, 0, 0, 0, 0, 0, 0, 0, 0, 0, 0]",0,train
SYN-1755,267.61458410715227,1980.9927695406036,13.951011781586512,33.0,61.520758601241724,18.174369601350747,722.6604442348852,0.48435738544752316,12.872160928751125,72.62401755998557,0.5012610826453167,1.0,1.0,0.0,35.0,"[0, 0, 0, 0, 0, 0, 0, 0, 0, 0, 0, 0, 0, 0, 0, 0, 0, 0, 0, 0, 0, 0, 0, 0, 0, 0, 35, 0, 0, 0]",0,train
SYN-1756,578.7968967964597,2432.9333003439206,15.196097474368091,55.0,183.36885667941684,14.508833483263572,861.2595285423363,0.19112242340292462,2319.5459225191285,61.68220304656059,0.42338005107196064,0.0,0.0,0.0,0.0,"[0, 0, 0, 0, 0, 0, 0, 0, 0, 0, 0, 0, 0, 0, 0, 0, 0, 0, 0, 0, 0, 0, 0, 0, 0, 0, 0, 0, 0, 0]",0,validation
SYN-1757,310.9884287113189,6258.084767747619,15.375044392705417,87.0,100.33067660644326,17.39227206841393,886.867752097479,0.1713409435415328,1147.8807565346324,119.73664468900407,0.7076382944772814,1.0,1.0,0.0,35.0,"[0, 0, 0, 0, 0, 0, 0, 0, 0, 0, 0, 0, 0, 0, 0, 0, 0, 0, 0, 0, 0, 0, 0, 0, 0, 35, 0, 0, 0, 0]",0,train
SYN-1758,191.81426495799178,4183.261028175074,12.208131074427389,92.0,61.35984639472967,13.314270811382933,719.7135909359819,0.5512426854469772,132.85200739904258,70.23605964644298,0.6860590168827787,6.0,2.0,0.0,65.0,"[0, 0, 35, 0, 0, 0, 0, 0, 0, 0, 3, 0, 0, 0, 0, 0, 65, 0, 0, 0, 3, 0, 0, 0, 0, 0, 10, 10, 0, 0]",0,test
SYN-1759,224.1237871881077,2937.2118025658215,11.392405857328251,18.0,7.699042281523003,10.061109622533671,837.1470226498071,0.31838081598303947,25.531329037648376,178.28928889235343,0.8298464589917709,5.0,1.0,0.0,10.0,"[0, 0, 0, 0, 0, 0, 0, 0, 0, 0, 0, 0, 10, 0, 0, 0, 3, 0, 0, 0, 10, 3, 0, 0, 0, 0, 0, 10, 0, 0]",1,test
SYN-1760,682.2502956090123,12389.2924859006,15.68450489104143,13.0,40.69699135614663,19.490606443277187,875.2533018661813,0.16236673869125592,700.7692261004559,1042.4808318341516,1.5876546044196242,5.0,1.0,0.0,10.0,"[0, 0, 0, 0, 0, 10, 0, 0, 0, 0, 0, 0, 0, 0, 3, 3, 0, 0, 10, 0, 0, 0, 0, 0, 0, 0, 0, 10, 0, 0]",0,train
SYN-1761,307.7352764788871,1111.9930166558104,7.154301857074725,29.0,50.651481745610944,15.740173165005169,625.9816719950948,0.7674459073618664,3360.893695865697,41.86877138616079,0.30064883750212273,1.0,0.0,0.0,3.0,"[0, 0, 0, 0, 0, 0, 0, 0, 0, 0, 0, 0, 0, 0, 0, 0, 0, 0, 0, 3, 0, 0, 0, 0, 0, 0, 0, 0, 0, 0]",0,test
SYN-1762,289.34261149967523,3200.320315497677,13.44646935807593,111.0,79.11294581226555,14.122067951872573,890.6846400479075,0.20642353080517123,85.34849122585806,50.5287295677779,0.4480559386262019,2.0,1.0,1.0,65.0,"[0, 0, 0, 0, 0, 0, 0, 0, 0, 0, 0, 0, 0, 0, 65, 0, 0, 0, 0, 0, 0, 0, 0, 0, 0, 0, 0, 0, 0, 10]",0,train
SYN-1763,267.3161344601722,3575.880408091262,10.354136417636244,22.0,86.47714927713807,13.549478073834894,729.8404618541686,0.6847464910082728,291.6139010133375,179.15309148749162,0.9936932587367123,10.0,2.0,0.0,65.0,"[0, 0, 0, 3, 0, 10, 0, 0, 0, 0, 35, 10, 0, 3, 0, 0, 0, 0, 35, 0, 0, 0, 3, 35, 10, 0, 0, 0, 65, 0]",1,train
SYN-1764,353.8632844250305,8198.702900632572,4.041457798525522,118.0,116.21149605404867,3.7688405277202075,773.7774422184654,0.4395802215484255,136.07044115392438,84.31412512199745,0.5666754082777116,2.0,0.0,0.0,10.0,"[0, 0, 0, 0, 0, 0, 10, 0, 0, 0, 0, 0, 0, 0, 0, 0, 10, 0, 0, 0, 0, 0, 0, 0, 0, 0, 0, 0, 0, 0]",0,test
SYN-1765,201.62930062237743,1455.8545566571051,3.7646849577285844,22.0,53.20236710602569,2.406166993117591,770.5399862908661,0.49415061459145776,284.1974828784259,68.58886377699783,0.6040353783258957,5.0,0.0,0.0,35.0,"[0, 0, 0, 0, 0, 0, 0, 3, 35, 0, 0, 0, 0, 0, 35, 0, 0, 0, 0, 0, 0, 10, 10, 0, 0, 0, 0, 0, 0, 0]",0,validation
SYN-1766,349.2788144173605,6698.9219761026925,14.992216695877925,71.0,106.75940680341223,2.59230173123576,786.3719499722632,0.15340999497017527,312.8381591635929,142.85579378654145,0.7146588635968151,8.0,0.0,0.0,65.0,"[0, 3, 0, 3, 0, 0, 0, 0, 0, 0, 0, 0, 10, 0, 0, 10, 3, 0, 0, 0, 3, 35, 65, 0, 0, 0, 0, 0, 0, 0]",0,validation
SYN-1767,427.1376707215222,7653.115470334281,11.811409657329488,16.0,65.60919546509699,11.077485426557255,772.8014212638889,0.5096611381570543,1544.3073732389546,519.3174454324828,1.3694101012198712,10.0,2.0,0.0,35.0,"[0, 0, 0, 0, 10, 10, 35, 0, 3, 0, 10, 10, 0, 0, 0, 0, 0, 0, 10, 3, 0, 0, 0, 0, 10, 0, 0, 0, 35, 0]",0,train
SYN-1768,271.46180551388244,5129.65282484385,13.155145805750296,44.0,43.36269460533978,4.801485430183805,786.1491676636698,0.155693351220422,419.61322522700135,147.57764547943958,0.7033782882395762,1.0,0.0,0.0,3.0,"[0, 3, 0, 0, 0, 0, 0, 0, 0, 0, 0, 0, 0, 0, 0, 0, 0, 0, 0, 0, 0, 0, 0, 0, 0, 0, 0, 0, 0, 0]",0,validation
SYN-1769,292.54536549219137,5446.048080046185,15.638584803550106,108.0,82.3190507759847,8.71789201088237,899.3419277887328,0.3846024279826385,362.01517892370555,94.25421691696818,0.6035756792656009,0.0,0.0,0.0,0.0,"[0, 0, 0, 0, 0, 0, 0, 0, 0, 0, 0, 0, 0, 0, 0, 0, 0, 0, 0, 0, 0, 0, 0, 0, 0, 0, 0, 0, 0, 0]",0,train
SYN-1770,842.5119355566824,16640.221877355838,6.540822947136887,97.0,266.82614524459035,19.103601449707355,759.4037294417784,0.4466783408598546,2595.943410319866,221.33314045016164,0.5794093413907603,3.0,0.0,0.0,65.0,"[0, 0, 0, 0, 0, 0, 0, 0, 0, 0, 10, 65, 0, 0, 0, 3, 0, 0, 0, 0, 0, 0, 0, 0, 0, 0, 0, 0, 0, 0]",0,train
SYN-1771,490.9151408203535,5628.383762762349,5.914821897444388,44.0,18.39219233208668,6.334708381534442,907.3384964628045,0.17351019837713702,1075.410114663777,142.6037811968135,0.327950719262528,1.0,0.0,0.0,10.0,"[0, 0, 0, 0, 0, 0, 0, 0, 0, 0, 0, 10, 0, 0, 0, 0, 0, 0, 0, 0, 0, 0, 0, 0, 0, 0, 0, 0, 0, 0]",0,train
SYN-1772,464.5930519397217,10210.480816691359,5.8146061498741926,116.0,101.61306192885056,19.49606231865417,899.0659827336948,0.2952627084985406,515.2339465390321,115.27171679954257,0.46682742633123303,0.0,0.0,0.0,0.0,"[0, 0, 0, 0, 0, 0, 0, 0, 0, 0, 0, 0, 0, 0, 0, 0, 0, 0, 0, 0, 0, 0, 0, 0, 0, 0, 0, 0, 0, 0]",0,test
SYN-1773,425.6408112062639,6398.688373603416,10.151946577679038,50.0,66.93583932780372,3.84724860906301,874.522046326296,0.46664416676615206,206.1377570033124,157.47518626971438,0.5272309884043741,2.0,0.0,0.0,10.0,"[0, 0, 10, 0, 0, 0, 0, 0, 0, 0, 0, 0, 0, 0, 0, 0, 0, 0, 0, 0, 0, 0, 10, 0, 0, 0, 0, 0, 0, 0]",0,validation
SYN-1774,380.76332618179714,3968.8185168913183,11.588656505714747,109.0,64.85177775671829,1.4307858470391133,851.2679163928826,0.16194738570177936,405.4136496623841,59.03689983074316,0.32536924926512023,2.0,0.0,0.0,10.0,"[0, 0, 0, 0, 0, 0, 0, 0, 0, 0, 0, 0, 0, 0, 3, 0, 0, 0, 0, 10, 0, 0, 0, 0, 0, 0, 0, 0, 0, 0]",0,test
SYN-1775,308.20694635711664,3470.109838315904,14.398149356541541,87.0,49.62556340245615,12.239965069188196,650.6902742667298,0.5103268476110744,732.8382092584944,64.48042609705603,0.37022523615447195,0.0,0.0,0.0,0.0,"[0, 0, 0, 0, 0, 0, 0, 0, 0, 0, 0, 0, 0, 0, 0, 0, 0, 0, 0, 0, 0, 0, 0, 0, 0, 0, 0, 0, 0, 0]",0,train
SYN-1776,233.04156854088944,4118.720734912695,11.568774305353973,39.0,79.04324348387523,11.782344094137331,794.8045872194408,0.2689778242491306,70.47766788730553,127.20530747792641,0.8850290197287841,2.0,0.0,0.0,65.0,"[0, 0, 35, 0, 0, 0, 0, 0, 0, 0, 0, 0, 65, 0, 0, 0, 0, 0, 0, 0, 0, 0, 0, 0, 0, 0, 0, 0, 0, 0]",0,validation
SYN-1777,252.36691791515915,3837.570328385964,15.39816792892793,103.0,40.46566363949653,5.920746953881155,741.6645381132768,0.6032192529856246,98.57581352973001,67.35827203334914,0.4272506735969806,3.0,2.0,0.0,35.0,"[0, 0, 0, 0, 0, 0, 0, 0, 0, 0, 0, 0, 0, 0, 0, 0, 0, 0, 0, 3, 0, 0, 0, 0, 10, 35, 0, 0, 0, 0]",0,train
SYN-1778,224.89013537666327,3844.3361075717057,6.166266421072791,111.0,33.72803932025437,9.360575089272343,794.3761349583626,0.17884066470824855,416.0268443079299,45.53127106868635,0.35243569157086924,0.0,0.0,0.0,0.0,"[0, 0, 0, 0, 0, 0, 0, 0, 0, 0, 0, 0, 0, 0, 0, 0, 0, 0, 0, 0, 0, 0, 0, 0, 0, 0, 0, 0, 0, 0]",0,train
SYN-1779,425.87154498989156,5680.269562084404,10.99427813807959,113.0,124.67125640761131,0.4304846153359332,831.559423686089,0.6591169554998808,780.7561795498472,80.91111665184816,0.4827332924164707,4.0,0.0,0.0,35.0,"[0, 3, 0, 0, 0, 0, 0, 3, 0, 0, 0, 0, 0, 0, 0, 0, 0, 3, 0, 0, 0, 35, 0, 0, 0, 0, 0, 0, 0, 0]",0,test
SYN-1780,640.2299003932916,3756.6128885321355,9.848788488889602,68.0,135.31322271709402,18.682453798057075,737.2282311167835,0.5455884672970062,1836.89278549557,72.30734727728058,0.32429064913530875,1.0,0.0,0.0,35.0,"[0, 0, 0, 0, 0, 0, 0, 0, 0, 0, 0, 0, 0, 0, 0, 0, 0, 0, 0, 0, 0, 35, 0, 0, 0, 0, 0, 0, 0, 0]",0,train
SYN-1781,521.1198715339337,11844.416479691155,11.302998484524812,117.0,154.20091003927104,0.5208706485136161,892.6286157263601,0.33622339619387187,162.65362956730084,167.49159235994765,0.6173099894508073,0.0,0.0,0.0,0.0,"[0, 0, 0, 0, 0, 0, 0, 0, 0, 0, 0, 0, 0, 0, 0, 0, 0, 0, 0, 0, 0, 0, 0, 0, 0, 0, 0, 0, 0, 0]",0,validation
SYN-1782,875.6858101398597,14297.216067933947,4.323646394352748,21.0,129.71898694865072,17.91976251600329,896.8258666990972,0.27563026080618513,2171.3585319620274,708.126492657336,0.9567877769678268,1.0,0.0,0.0,3.0,"[0, 0, 0, 0, 0, 0, 0, 0, 0, 0, 0, 0, 0, 0, 0, 0, 0, 0, 0, 0, 0, 0, 3, 0, 0, 0, 0, 0, 0, 0]",0,validation
SYN-1783,468.53522847833113,3268.9930721671712,7.152087591100238,71.0,27.81932726534426,17.07092275959472,829.7027053765561,0.676576178981066,1139.0231194549715,56.60394228488553,0.18018553231186588,0.0,0.0,0.0,0.0,"[0, 0, 0, 0, 0, 0, 0, 0, 0, 0, 0, 0, 0, 0, 0, 0, 0, 0, 0, 0, 0, 0, 0, 0, 0, 0, 0, 0, 0, 0]",0,train
SYN-1784,273.50115534278444,5895.4939264057375,8.348928752594599,26.0,95.01501098689502,3.558211917536418,897.0044346253394,0.42417915931377087,467.55772442378594,248.6622710871684,1.2565843886228776,20.0,3.0,0.0,35.0,"[0, 0, 3, 3, 3, 0, 0, 10, 0, 0, 3, 3, 10, 35, 10, 10, 0, 3, 3, 35, 3, 3, 10, 3, 0, 3, 10, 0, 10, 0]",1,train
SYN-1785,223.1737390194867,4952.674275992068,7.149063881212398,110.0,34.80239469748802,16.91662513136358,705.7943964353345,0.8250039817333106,420.5727742843878,61.506449162846096,0.43154200975198426,9.0,3.0,0.0,35.0,"[0, 0, 10, 0, 0, 0, 0, 10, 0, 3, 0, 0, 35, 10, 3, 0, 0, 0, 0, 0, 0, 0, 0, 0, 0, 0, 10, 3, 10, 0]",1,train
SYN-1786,306.70161755536424,6780.167480112357,13.055408681088155,99.0,9.754991079242444,0.8730513088249148,705.1176736956184,0.4241787034443973,89.4606563137691,112.20333439813733,0.397644872072983,0.0,0.0,0.0,0.0,"[0, 0, 0, 0, 0, 0, 0, 0, 0, 0, 0, 0, 0, 0, 0, 0, 0, 0, 0, 0, 0, 0, 0, 0, 0, 0, 0, 0, 0, 0]",0,train
SYN-1787,194.89768076183276,4344.818931877337,11.985843636147736,105.0,29.98045896413655,17.61105015292712,811.0671355102666,0.2888384119123659,187.89155780149076,66.99117159940972,0.497551485397339,1.0,0.0,0.0,65.0,"[0, 0, 0, 0, 65, 0, 0, 0, 0, 0, 0, 0, 0, 0, 0, 0, 0, 0, 0, 0, 0, 0, 0, 0, 0, 0, 0, 0, 0, 0]",0,train
SYN-1788,442.7677965763256,4727.207263195679,13.357427198607718,72.0,108.53586009018709,17.200503589840867,825.149783730382,0.5079729279258524,1424.9052740800619,95.78855046582973,0.46147080283602954,3.0,0.0,0.0,10.0,"[0, 0, 0, 0, 0, 0, 0, 0, 3, 0, 0, 10, 0, 0, 3, 0, 0, 0, 0, 0, 0, 0, 0, 0, 0, 0, 0, 0, 0, 0]",1,test
SYN-1789,307.0673054922769,2383.599097049857,11.828675001387497,85.0,56.893338173228365,9.380789783892089,841.7548215009479,0.10627470549649867,373.34005444396774,41.54204507191028,0.3205661478265533,0.0,0.0,0.0,0.0,"[0, 0, 0, 0, 0, 0, 0, 0, 0, 0, 0, 0, 0, 0, 0, 0, 0, 0, 0, 0, 0, 0, 0, 0, 0, 0, 0, 0, 0, 0]",0,train
SYN-1790,432.84734886411803,3590.109547743378,10.543521385113436,78.0,132.331692077184,2.945622828918568,691.1949422471522,0.7070610022758038,1185.3407587803283,63.78063417230218,0.4530750315651139,2.0,0.0,0.0,10.0,"[0, 0, 0, 3, 0, 0, 0, 0, 0, 0, 0, 0, 10, 0, 0, 0, 0, 0, 0, 0, 0, 0, 0, 0, 0, 0, 0, 0, 0, 0]",0,test
SYN-1791,266.9711289286246,4934.992378898497,4.807043248935129,106.0,66.39315723252224,9.558124093185246,793.6028415649778,0.4750615902928702,251.04812599106435,57.23023612302657,0.4630590350786577,2.0,0.0,0.0,10.0,"[0, 10, 0, 0, 0, 0, 0, 10, 0, 0, 0, 0, 0, 0, 0, 0, 0, 0, 0, 0, 0, 0, 0, 0, 0, 0, 0, 0, 0, 0]",0,validation
SYN-1792,270.16343827571364,2214.290239077217,4.5030340710552474,91.0,55.97915348981646,11.744770189561615,809.6567112715674,0.4639171108639892,975.2192896470997,28.768633219316072,0.3136908060173697,0.0,0.0,0.0,0.0,"[0, 0, 0, 0, 0, 0, 0, 0, 0, 0, 0, 0, 0, 0, 0, 0, 0, 0, 0, 0, 0, 0, 0, 0, 0, 0, 0, 0, 0, 0]",0,test
SYN-1793,457.075537735818,3042.692654475213,3.0252134933498063,30.0,159.69874928763844,12.870814693460416,857.6996395257653,0.1848796962210599,1625.9507362410952,105.4344895430593,0.580064380920644,1.0,0.0,0.0,3.0,"[0, 0, 0, 0, 0, 0, 0, 0, 0, 0, 0, 0, 0, 0, 0, 0, 0, 0, 3, 0, 0, 0, 0, 0, 0, 0, 0, 0, 0, 0]",0,train
SYN-1794,274.5712219617819,4293.22073282458,11.014413448640338,42.0,89.24869900222872,4.422114993423278,830.2369753655549,0.5392174693505497,1085.3237416905229,123.64807083412516,0.775379037596254,6.0,2.0,0.0,35.0,"[0, 0, 0, 0, 0, 3, 10, 0, 0, 0, 0, 0, 0, 0, 0, 0, 3, 3, 0, 0, 0, 0, 0, 0, 0, 35, 0, 0, 3, 0]",1,train
SYN-1795,384.26243072844983,4776.225349208255,4.361124792324155,16.0,41.78723721316872,15.941091100968547,711.9520018686158,0.5481890019012919,1760.0623030340469,307.8191995106242,0.9098116515347097,2.0,0.0,0.0,35.0,"[0, 0, 0, 0, 0, 0, 35, 3, 0, 0, 0, 0, 0, 0, 0, 0, 0, 0, 0, 0, 0, 0, 0, 0, 0, 0, 0, 0, 0, 0]",0,train
SYN-1796,351.7003133941448,1998.3635925602637,11.677403715076549,74.0,68.0868032240142,11.07598746861373,839.4267048996782,0.8442112413387158,99.2900355768245,38.010800030881924,0.301670482550848,0.0,0.0,0.0,0.0,"[0, 0, 0, 0, 0, 0, 0, 0, 0, 0, 0, 0, 0, 0, 0, 0, 0, 0, 0, 0, 0, 0, 0, 0, 0, 0, 0, 0, 0, 0]",0,train
SYN-1797,425.8552536442875,3748.736470198641,13.814520399522062,18.0,69.45601481771207,14.470214344188703,808.799528184627,0.404737593872338,1661.9573505496892,231.7779793375248,0.7073623997294971,3.0,0.0,0.0,10.0,"[0, 0, 0, 0, 0, 0, 3, 0, 0, 10, 0, 10, 0, 0, 0, 0, 0, 0, 0, 0, 0, 0, 0, 0, 0, 0, 0, 0, 0, 0]",0,train
SYN-1798,409.39253543260395,5129.236536416774,7.846237127813376,99.0,110.05961140833642,16.917310603983584,1000.0,0.09924210751990618,219.0025235918557,70.53934547700007,0.44113886125084834,0.0,0.0,0.0,0.0,"[0, 0, 0, 0, 0, 0, 0, 0, 0, 0, 0, 0, 0, 0, 0, 0, 0, 0, 0, 0, 0, 0, 0, 0, 0, 0, 0, 0, 0, 0]",0,test
SYN-1799,138.83032377956442,2931.6988378706633,9.585449283307558,57.0,17.264242486537203,7.568257840805408,783.7696797660783,0.2560659880805172,233.49505480302818,64.2294710884862,0.5870022582704596,1.0,0.0,0.0,3.0,"[0, 0, 0, 0, 0, 0, 0, 0, 0, 0, 3, 0, 0, 0, 0, 0, 0, 0, 0, 0, 0, 0, 0, 0, 0, 0, 0, 0, 0, 0]",0,validation
SYN-1800,271.18656513015935,4166.141721586939,12.026525419629126,66.0,20.57132253040621,18.519305030660437,761.1199734025798,0.31003143880219536,394.619224376891,86.5895996821246,0.39515571931484733,1.0,0.0,0.0,35.0,"[0, 35, 0, 0, 0, 0, 0, 0, 0, 0, 0, 0, 0, 0, 0, 0, 0, 0, 0, 0, 0, 0, 0, 0, 0, 0, 0, 0, 0, 0]",0,train
SYN-1801,770.0030407592096,15731.438964075318,6.520636696375346,76.0,139.33203561364073,19.471560685711793,802.9698163112681,0.4595921531785865,1623.3863985520688,253.2213542429615,0.5098075839668781,1.0,0.0,0.0,10.0,"[0, 0, 0, 0, 0, 0, 0, 0, 0, 0, 0, 0, 0, 10, 0, 0, 0, 0, 0, 0, 0, 0, 0, 0, 0, 0, 0, 0, 0, 0]",0,test
SYN-1802,802.7726584140725,8362.577913180532,6.179136399945559,12.0,235.39255642154473,12.475737574220272,883.1664353828407,0.32332062968333064,787.9971458361953,720.425956522272,1.19064657088857,3.0,0.0,0.0,65.0,"[0, 0, 0, 0, 0, 0, 3, 0, 0, 0, 0, 0, 0, 35, 65, 0, 0, 0, 0, 0, 0, 0, 0, 0, 0, 0, 0, 0, 0, 0]",0,train
SYN-1803,419.99377505139256,5280.594778607375,8.099707266942591,88.0,102.31283225873104,4.675801566894,756.9116998458724,0.4423427140816233,657.2789213301231,79.77854935901621,0.4335573344996973,1.0,0.0,0.0,10.0,"[0, 10, 0, 0, 0, 0, 0, 0, 0, 0, 0, 0, 0, 0, 0, 0, 0, 0, 0, 0, 0, 0, 0, 0, 0, 0, 0, 0, 0, 0]",1,train
SYN-1804,427.6031760776827,5254.184732508481,10.008364488147762,71.0,137.44408417160588,3.3276145225220577,814.5038890072176,0.5674235674903333,97.57436237024494,98.36262875419914,0.5514615562232541,2.0,0.0,0.0,35.0,"[0, 0, 0, 0, 0, 0, 0, 0, 0, 0, 0, 0, 0, 0, 0, 10, 35, 0, 0, 0, 0, 0, 0, 0, 0, 0, 0, 0, 0, 0]",0,train
SYN-1805,637.6090564476839,2637.382849334649,11.496541788558025,48.0,115.09606515830932,13.994415937766506,866.8345178272671,0.2236429304721306,1537.716892073797,68.80225099974868,0.2884186074498566,0.0,0.0,0.0,0.0,"[0, 0, 0, 0, 0, 0, 0, 0, 0, 0, 0, 0, 0, 0, 0, 0, 0, 0, 0, 0, 0, 0, 0, 0, 0, 0, 0, 0, 0, 0]",0,train
SYN-1806,331.2717430639361,2808.3544159578846,15.063384844867517,89.0,87.66618985107392,11.460703313004627,745.6461987962368,0.31055177530005607,467.3019722338459,52.5750743667658,0.4233420663070948,0.0,0.0,0.0,0.0,"[0, 0, 0, 0, 0, 0, 0, 0, 0, 0, 0, 0, 0, 0, 0, 0, 0, 0, 0, 0, 0, 0, 0, 0, 0, 0, 0, 0, 0, 0]",0,train
SYN-1807,359.23909409347704,4425.358508387624,11.250702731890062,106.0,70.48728744702255,14.380024897215318,696.2970016777014,0.6865529176953983,654.7178508341963,66.05485104689093,0.3800870805513836,0.0,0.0,0.0,0.0,"[0, 0, 0, 0, 0, 0, 0, 0, 0, 0, 0, 0, 0, 0, 0, 0, 0, 0, 0, 0, 0, 0, 0, 0, 0, 0, 0, 0, 0, 0]",0,train
SYN-1808,129.08383752538398,1944.6479198051384,3.2010935788187944,14.0,7.83636536453338,5.0981418806425065,838.8035079512363,0.2115836022179412,361.88692862105466,141.69848096224194,1.1584319864783204,9.0,1.0,0.0,35.0,"[0, 0, 0, 0, 10, 10, 0, 0, 0, 10, 0, 0, 0, 0, 10, 0, 0, 0, 0, 3, 35, 0, 3, 3, 10, 0, 0, 0, 0, 0]",1,train
SYN-1809,551.9688385472842,4739.930549387061,10.303894005375042,103.0,185.20317687422414,1.8593985892315734,868.7651488806127,0.5654399156202854,273.4248184193316,69.51484764527959,0.46147174755352316,2.0,0.0,0.0,3.0,"[0, 0, 0, 0, 0, 0, 0, 3, 3, 0, 0, 0, 0, 0, 0, 0, 0, 0, 0, 0, 0, 0, 0, 0, 0, 0, 0, 0, 0, 0]",0,train
SYN-1810,775.4314950934096,2820.349682224713,11.08589706748823,27.0,72.06521975654822,8.558846373113706,741.1968985621876,0.5801836978215607,1024.0476086591023,118.50524519794816,0.2457605425628733,1.0,0.0,0.0,10.0,"[0, 0, 0, 0, 0, 0, 0, 0, 0, 0, 0, 0, 10, 0, 0, 0, 0, 0, 0, 0, 0, 0, 0, 0, 0, 0, 0, 0, 0, 0]",0,validation
SYN-1811,617.1025818111308,6408.427684298458,8.36603957595129,51.0,192.4748522576819,8.382159016012283,785.4583538583519,0.342808078760434,2553.998418848223,149.74821078384394,0.5545643028054386,1.0,1.0,0.0,3.0,"[0, 0, 0, 0, 0, 0, 0, 0, 0, 0, 0, 0, 0, 0, 0, 0, 0, 0, 0, 0, 0, 0, 0, 0, 0, 0, 0, 3, 0, 0]",0,validation
SYN-1812,203.59551085207346,2391.7534726764893,5.196407126218229,34.0,39.843873652889215,1.8805080581682154,725.176751269251,0.2766374096277178,237.0154768378009,75.80319745705657,0.5680236790386384,6.0,2.0,0.0,65.0,"[0, 0, 0, 0, 0, 0, 0, 3, 0, 0, 3, 0, 3, 0, 0, 0, 0, 0, 0, 0, 0, 0, 65, 0, 0, 0, 3, 0, 35, 0]",0,train
SYN-1813,508.6455604959232,7848.96572386328,14.401296467551862,105.0,46.15992094038415,16.729164372211628,805.622818598955,0.49584953389501507,376.2121554185359,131.8824587895398,0.3500323084631562,0.0,0.0,0.0,0.0,"[0, 0, 0, 0, 0, 0, 0, 0, 0, 0, 0, 0, 0, 0, 0, 0, 0, 0, 0, 0, 0, 0, 0, 0, 0, 0, 0, 0, 0, 0]",0,train
SYN-1814,349.3600409012325,4807.949864650696,13.018475297002645,114.0,84.7215621061695,0.35255060520762216,864.5851142818938,0.38345417469231474,625.1779706688541,73.70010003194412,0.4534624558934632,0.0,0.0,0.0,0.0,"[0, 0, 0, 0, 0, 0, 0, 0, 0, 0, 0, 0, 0, 0, 0, 0, 0, 0, 0, 0, 0, 0, 0, 0, 0, 0, 0, 0, 0, 0]",0,train
SYN-1815,276.4831103776857,5508.455167222113,4.135937344135881,94.0,34.345740450715006,12.772891687233772,865.2530242070126,0.31954311404580804,171.29537649019338,68.70508541464645,0.3727201481659779,0.0,0.0,0.0,0.0,"[0, 0, 0, 0, 0, 0, 0, 0, 0, 0, 0, 0, 0, 0, 0, 0, 0, 0, 0, 0, 0, 0, 0, 0, 0, 0, 0, 0, 0, 0]",0,test
SYN-1816,275.29556717987145,5083.331076581627,13.788530581125794,55.0,77.81091609330886,13.043649259139801,851.1573372594836,0.21466053166366114,204.85223204672866,125.1976895195212,0.7374205392860146,1.0,0.0,0.0,65.0,"[0, 0, 0, 0, 0, 0, 0, 0, 0, 0, 0, 0, 65, 0, 0, 0, 0, 0, 0, 0, 0, 0, 0, 0, 0, 0, 0, 0, 0, 0]",0,validation
SYN-1817,297.13011230448933,3577.509340788695,6.6102785475560815,40.0,48.51245665190414,6.041607500851041,725.9835780142837,0.6338500592837661,28.011226923169584,99.8978905346749,0.49947932249456056,4.0,0.0,0.0,10.0,"[0, 0, 0, 0, 0, 0, 0, 0, 3, 0, 0, 0, 0, 0, 0, 0, 10, 0, 3, 0, 0, 0, 0, 10, 0, 0, 0, 0, 0, 0]",0,validation
SYN-1818,402.7904876540038,2578.4149729135206,12.59292446015778,53.0,10.400234666040827,15.000767903172418,719.6979887080489,0.5635975919260691,568.8345189621447,63.67450085405074,0.1839038849986984,0.0,0.0,0.0,0.0,"[0, 0, 0, 0, 0, 0, 0, 0, 0, 0, 0, 0, 0, 0, 0, 0, 0, 0, 0, 0, 0, 0, 0, 0, 0, 0, 0, 0, 0, 0]",0,train
SYN-1819,492.75496722378443,10022.825281636087,14.40442334989785,35.0,97.74415866679786,17.854779511434373,852.9943839718865,0.3813743642679461,1082.7814874763042,352.41214123446656,0.9135499991760128,2.0,0.0,0.0,35.0,"[10, 0, 0, 0, 0, 0, 0, 0, 35, 0, 0, 0, 0, 0, 0, 0, 0, 0, 0, 0, 0, 0, 0, 0, 0, 0, 0, 0, 0, 0]",0,train
SYN-1820,712.5991310684849,5121.355201662593,15.193254918716352,20.0,201.6949612862112,0.7233476327903587,914.0785402410135,0.30917088984302243,3110.6550113933527,291.4645109628277,0.6920573584051192,0.0,0.0,0.0,0.0,"[0, 0, 0, 0, 0, 0, 0, 0, 0, 0, 0, 0, 0, 0, 0, 0, 0, 0, 0, 0, 0, 0, 0, 0, 0, 0, 0, 0, 0, 0]",0,train
SYN-1821,305.5007153990632,5224.854847301984,7.441724702008035,120.0,43.53250102956567,2.290650608327236,863.2394562115647,0.2641411351348345,291.1581782748068,61.861152647627996,0.3449866018792205,1.0,0.0,0.0,10.0,"[10, 0, 0, 0, 0, 0, 0, 0, 0, 0, 0, 0, 0, 0, 0, 0, 0, 0, 0, 0, 0, 0, 0, 0, 0, 0, 0, 0, 0, 0]",0,train
SYN-1822,543.4700537689673,3180.15248920954,14.954766369552718,23.0,144.81651962359072,5.128754067548053,742.3714254602133,0.6993858912620289,2658.5910438872047,159.8828365564723,0.5606552818632261,2.0,0.0,0.0,65.0,"[0, 0, 0, 0, 10, 0, 0, 0, 0, 0, 0, 0, 0, 0, 0, 0, 65, 0, 0, 0, 0, 0, 0, 0, 0, 0, 0, 0, 0, 0]",0,train
SYN-1823,481.7010556230001,6224.0691560083405,10.102421150276577,28.0,55.96953957830479,7.71148125919675,895.3122901811003,0.10730289411938997,1145.5287618911777,250.44584632485666,0.6361110948923792,0.0,0.0,0.0,0.0,"[0, 0, 0, 0, 0, 0, 0, 0, 0, 0, 0, 0, 0, 0, 0, 0, 0, 0, 0, 0, 0, 0, 0, 0, 0, 0, 0, 0, 0, 0]",0,train
SYN-1824,296.27291256241693,3958.699934415046,10.695657859822951,49.0,90.71146352023933,1.864235336751443,801.7221945052322,0.3160477413436365,2734.7649721331945,100.06580837378453,0.6439241111987655,0.0,0.0,0.0,0.0,"[0, 0, 0, 0, 0, 0, 0, 0, 0, 0, 0, 0, 0, 0, 0, 0, 0, 0, 0, 0, 0, 0, 0, 0, 0, 0, 0, 0, 0, 0]",0,train
SYN-1825,459.0869523717606,10773.389329112968,5.093246844319925,78.0,121.49351605268939,17.627486933180673,810.3042131001768,0.44371674861256327,782.0869029187742,162.53298649875438,0.6186769218425621,2.0,1.0,1.0,3.0,"[0, 0, 0, 0, 0, 0, 0, 0, 0, 0, 0, 0, 0, 0, 0, 0, 0, 0, 0, 0, 0, 3, 0, 0, 0, 0, 0, 0, 0, 3]",0,train
SYN-1826,193.86806447103734,3269.9556283809598,6.225939254872397,25.0,25.22153314247616,10.966506271668218,835.4461425922842,0.36763178970782273,102.83960089621038,139.8028219083392,0.8512199030875915,2.0,0.0,0.0,35.0,"[0, 35, 0, 0, 0, 0, 0, 3, 0, 0, 0, 0, 0, 0, 0, 0, 0, 0, 0, 0, 0, 0, 0, 0, 0, 0, 0, 0, 0, 0]",0,train
SYN-1827,519.1307674997404,11588.636560571063,11.949600618105311,20.0,160.96302796102907,11.026365772607726,833.8724270961077,0.4096981098468892,102.57013246747204,641.9164093792243,1.546584189581202,22.0,4.0,1.0,65.0,"[3, 3, 3, 10, 10, 3, 10, 0, 10, 10, 0, 10, 10, 35, 3, 3, 3, 10, 3, 10, 0, 0, 0, 0, 0, 0, 10, 10, 65, 10]",0,train
SYN-1828,482.2637948823901,10271.61524212258,5.048218232870143,16.0,140.52922833042257,1.1903726725753372,767.7619733611738,0.17533133334026474,611.1917120168125,665.1727706779001,1.6706665678787056,27.0,5.0,1.0,65.0,"[0, 10, 35, 3, 65, 10, 3, 10, 0, 3, 35, 35, 35, 3, 35, 35, 3, 3, 10, 3, 3, 3, 3, 3, 10, 0, 3, 10, 35, 65]",1,test
SYN-1829,484.5840284301785,9022.42732205417,15.558676258886452,88.0,22.45638634409691,19.39361425164039,748.5467302454537,0.20518428447027068,1384.6315686926994,172.50270684014546,0.40232257306502034,0.0,0.0,0.0,0.0,"[0, 0, 0, 0, 0, 0, 0, 0, 0, 0, 0, 0, 0, 0, 0, 0, 0, 0, 0, 0, 0, 0, 0, 0, 0, 0, 0, 0, 0, 0]",0,train
SYN-1830,327.3816805250261,5496.59410956177,7.570168378694645,108.0,70.83861089794256,4.776042047276574,709.8405984963562,0.8145589258643848,535.423239633254,70.33992985530232,0.4312353108055254,7.0,0.0,0.0,35.0,"[0, 0, 0, 0, 10, 0, 35, 0, 10, 0, 10, 0, 0, 3, 0, 0, 0, 3, 0, 0, 0, 35, 0, 0, 0, 0, 0, 0, 0, 0]",0,train
SYN-1831,286.7217141457963,4517.19605042736,12.722938847880899,64.0,60.36133321910829,11.410934621943813,829.8796804001482,0.14149195451093408,968.8949206628155,97.57507069318751,0.5508351691563412,0.0,0.0,0.0,0.0,"[0, 0, 0, 0, 0, 0, 0, 0, 0, 0, 0, 0, 0, 0, 0, 0, 0, 0, 0, 0, 0, 0, 0, 0, 0, 0, 0, 0, 0, 0]",0,train
SYN-1832,230.21083224440991,1690.0127149854823,9.486238044107697,60.0,11.675412279682009,14.971395379637926,672.5527045697908,0.7922253024911451,782.4711620535559,35.48204780548694,0.20484466184937328,1.0,0.0,0.0,10.0,"[0, 0, 10, 0, 0, 0, 0, 0, 0, 0, 0, 0, 0, 0, 0, 0, 0, 0, 0, 0, 0, 0, 0, 0, 0, 0, 0, 0, 0, 0]",0,train
SYN-1833,332.36716511471536,3018.2662946248793,9.983320869340103,39.0,105.3000153873861,6.922275351262817,830.6786492329909,0.16199227924318146,599.165092779915,90.94301237948198,0.590440477774438,1.0,0.0,0.0,10.0,"[0, 0, 0, 0, 0, 0, 0, 0, 0, 0, 0, 0, 0, 0, 0, 0, 0, 10, 0, 0, 0, 0, 0, 0, 0, 0, 0, 0, 0, 0]",0,validation
SYN-1834,432.01949964845846,2993.2353948333157,5.53562285441765,61.0,39.95025657673994,1.5281083349359115,860.2150762817673,0.4171702580376277,381.72660825641657,56.40907025046046,0.22304392951153731,1.0,0.0,0.0,10.0,"[0, 0, 0, 0, 0, 0, 0, 0, 0, 0, 0, 10, 0, 0, 0, 0, 0, 0, 0, 0, 0, 0, 0, 0, 0, 0, 0, 0, 0, 0]",0,train
SYN-1835,396.0453437535073,2298.955684348524,8.618246445774034,90.0,127.2243849094659,12.466703412079521,787.9312397479433,0.5230979938082334,1706.1417339921736,34.77106586002369,0.40903258509286533,1.0,0.0,0.0,10.0,"[0, 0, 0, 0, 0, 0, 0, 0, 10, 0, 0, 0, 0, 0, 0, 0, 0, 0, 0, 0, 0, 0, 0, 0, 0, 0, 0, 0, 0, 0]",0,train
SYN-1836,249.65556280202276,3977.4528705639354,5.659055464117662,102.0,41.465626626912915,1.4871143068381332,739.8442795195825,0.5655173314476142,184.96547036088347,49.21235593793851,0.36321234562980353,1.0,1.0,1.0,3.0,"[0, 0, 0, 0, 0, 0, 0, 0, 0, 0, 0, 0, 0, 0, 0, 0, 0, 0, 0, 0, 0, 0, 0, 0, 0, 0, 0, 0, 0, 3]",0,validation
SYN-1837,104.29486170757485,454.8731351220611,6.846851300630397,88.0,13.11936719365384,12.39181240736891,862.3252544723455,0.4543712109437506,140.74682126737562,6.589269256104299,0.18897034932572057,0.0,0.0,0.0,0.0,"[0, 0, 0, 0, 0, 0, 0, 0, 0, 0, 0, 0, 0, 0, 0, 0, 0, 0, 0, 0, 0, 0, 0, 0, 0, 0, 0, 0, 0, 0]",0,train
SYN-1838,175.6162280437134,1012.3029881888579,13.181475898582168,90.0,29.550720362573465,0.7338278861447978,785.8455349673237,0.17974886957565736,155.26716841386576,17.766071581942963,0.2694329132996673,2.0,0.0,0.0,10.0,"[0, 0, 0, 0, 0, 0, 10, 0, 0, 0, 0, 0, 0, 0, 0, 0, 0, 0, 0, 3, 0, 0, 0, 0, 0, 0, 0, 0, 0, 0]",0,train
SYN-1839,372.9658709245477,6434.521441243942,9.550433748062371,57.0,104.5786189263896,13.421863218736938,1000.0,0.01524247279579922,1720.1821569586748,140.86191210038632,0.6580777228177787,0.0,0.0,0.0,0.0,"[0, 0, 0, 0, 0, 0, 0, 0, 0, 0, 0, 0, 0, 0, 0, 0, 0, 0, 0, 0, 0, 0, 0, 0, 0, 0, 0, 0, 0, 0]",0,train
SYN-1840,1500.0,28063.652726746885,4.705209247151044,77.0,406.46570310073895,11.291006033865731,888.9793078952148,0.03022557778790275,153.12936189498328,422.9549298219596,0.5529470886151324,0.0,0.0,0.0,0.0,"[0, 0, 0, 0, 0, 0, 0, 0, 0, 0, 0, 0, 0, 0, 0, 0, 0, 0, 0, 0, 0, 0, 0, 0, 0, 0, 0, 0, 0, 0]",0,validation
SYN-1841,358.64250267686157,6419.197538328743,7.5401641247400075,28.0,119.60790913448767,10.262399722693395,906.0580387345624,0.3115321182334226,460.0296026907912,250.73320004650247,1.0326191302391983,2.0,0.0,0.0,35.0,"[0, 0, 0, 0, 0, 0, 0, 0, 0, 0, 35, 0, 0, 10, 0, 0, 0, 0, 0, 0, 0, 0, 0, 0, 0, 0, 0, 0, 0, 0]",1,train
SYN-1842,363.51328298020593,1841.4106410815334,3.967389635598634,33.0,108.4650110939911,16.947146604507125,862.1317576470428,0.15063595174596356,575.6107617160998,58.99176076841349,0.46066204373478964,1.0,0.0,0.0,3.0,"[0, 0, 0, 0, 0, 0, 0, 0, 0, 0, 0, 0, 0, 0, 0, 0, 0, 0, 0, 0, 3, 0, 0, 0, 0, 0, 0, 0, 0, 0]",0,train
SYN-1843,431.75313889827413,9318.227890757944,3.239835120167612,82.0,24.97808165080516,7.871077615495398,672.3292547764185,0.6171991773584681,905.1390657568182,126.83236376514236,0.3516139935967339,1.0,0.0,0.0,10.0,"[0, 0, 0, 0, 0, 10, 0, 0, 0, 0, 0, 0, 0, 0, 0, 0, 0, 0, 0, 0, 0, 0, 0, 0, 0, 0, 0, 0, 0, 0]",0,train
SYN-1844,644.7228338748595,7628.26736196812,3.7383051736549726,58.0,204.69457126989585,14.754246869740534,839.0794531582725,0.30243417147483287,36.44033737516403,143.96566936704704,0.5407908985345752,1.0,0.0,0.0,35.0,"[0, 0, 0, 0, 0, 0, 0, 0, 0, 0, 0, 0, 0, 0, 0, 0, 0, 35, 0, 0, 0, 0, 0, 0, 0, 0, 0, 0, 0, 0]",0,validation
SYN-1845,160.27931781002576,2164.6583108223276,6.645593256682282,29.0,48.78846282149252,17.92471371932452,741.9997804260349,0.39702743923402006,596.156573522379,81.00374835429108,0.8097876441527059,3.0,0.0,0.0,10.0,"[0, 0, 0, 0, 0, 3, 0, 0, 0, 0, 0, 10, 0, 0, 0, 3, 0, 0, 0, 0, 0, 0, 0, 0, 0, 0, 0, 0, 0, 0]",1,train
SYN-1846,280.00659208577366,3018.595137393127,8.622634917684437,17.0,17.506915218729123,1.1109782110428612,544.3206034083812,0.8526034264421316,210.18690013033796,189.26665895466917,0.7384596649426665,20.0,4.0,1.0,35.0,"[3, 35, 10, 3, 3, 3, 3, 0, 10, 3, 10, 3, 0, 10, 35, 0, 35, 10, 10, 0, 0, 0, 0, 0, 3, 10, 3, 0, 0, 10]",0,train
SYN-1847,145.88318567401637,917.0255833481053,11.025239990906346,100.0,17.787815050949064,18.846994072560005,769.8997924129453,0.23790663352751665,83.39532116562306,14.05835411366905,0.21829910703883346,0.0,0.0,0.0,0.0,"[0, 0, 0, 0, 0, 0, 0, 0, 0, 0, 0, 0, 0, 0, 0, 0, 0, 0, 0, 0, 0, 0, 0, 0, 0, 0, 0, 0, 0, 0]",0,train
SYN-1848,279.0260415648495,6221.074988634765,8.88918660103161,17.0,90.08202357111658,10.180257872998533,744.3766776968479,0.3503088071468164,463.4297384966928,390.8228104994856,1.723512369575129,24.0,6.0,1.0,65.0,"[3, 10, 35, 0, 10, 3, 65, 0, 3, 0, 10, 3, 10, 0, 35, 0, 3, 0, 3, 35, 10, 3, 10, 3, 35, 10, 3, 35, 10, 3]",1,train
SYN-1849,325.7694009305066,5533.038517439284,9.483719710380178,21.0,48.68404097217859,13.051028017836064,876.8318187987784,0.43174216066560633,10.94111585836347,286.9840103528904,1.03038545169156,1.0,0.0,0.0,3.0,"[0, 0, 0, 0, 0, 0, 0, 3, 0, 0, 0, 0, 0, 0, 0, 0, 0, 0, 0, 0, 0, 0, 0, 0, 0, 0, 0, 0, 0, 0]",0,validation
SYN-1850,685.7555211949568,5971.9738263189565,5.481776275412198,80.0,185.28735739082322,5.770171013253473,816.3971933243241,0.3371391993601843,227.47693078901779,89.28757231260278,0.40039769453838014,1.0,0.0,0.0,3.0,"[0, 0, 0, 0, 0, 0, 0, 0, 0, 0, 0, 0, 0, 0, 0, 0, 3, 0, 0, 0, 0, 0, 0, 0, 0, 0, 0, 0, 0, 0]",0,train
SYN-1851,324.11634118893164,2399.477799323547,8.335905039364565,107.0,36.777192280112395,11.587187718749831,821.1580868790506,0.23236431168504007,14.980460004766543,31.85649382376951,0.2117563275338667,0.0,0.0,0.0,0.0,"[0, 0, 0, 0, 0, 0, 0, 0, 0, 0, 0, 0, 0, 0, 0, 0, 0, 0, 0, 0, 0, 0, 0, 0, 0, 0, 0, 0, 0, 0]",0,train
SYN-1852,671.5328350911177,5093.464768197011,6.935408846130457,89.0,71.98549351709981,17.072865800352382,878.588763525274,0.5046506370196016,1222.617512920019,73.36674519235748,0.21644844617275494,0.0,0.0,0.0,0.0,"[0, 0, 0, 0, 0, 0, 0, 0, 0, 0, 0, 0, 0, 0, 0, 0, 0, 0, 0, 0, 0, 0, 0, 0, 0, 0, 0, 0, 0, 0]",0,train
SYN-1853,281.1091360259283,879.4202553006182,15.992402100121492,92.0,5.713782816507558,4.012013668123244,864.7545360808812,0.2770768437375534,270.54074108570586,16.643648493703996,0.07953292314252426,1.0,0.0,0.0,10.0,"[0, 0, 0, 0, 0, 0, 0, 0, 10, 0, 0, 0, 0, 0, 0, 0, 0, 0, 0, 0, 0, 0, 0, 0, 0, 0, 0, 0, 0, 0]",0,test
SYN-1854,318.3314709489195,5093.715792222775,15.106310938826304,82.0,8.99827135848409,5.099004701243968,831.0505628970689,0.24364989411428734,793.2463534326426,99.95776400214025,0.34227227058586296,3.0,0.0,0.0,10.0,"[10, 0, 3, 0, 0, 0, 10, 0, 0, 0, 0, 0, 0, 0, 0, 0, 0, 0, 0, 0, 0, 0, 0, 0, 0, 0, 0, 0, 0, 0]",0,validation
SYN-1855,744.8880951666645,10909.866353333255,8.057016817761902,44.0,167.36521846993583,12.39053380075638,968.6874931603545,0.14527401304572732,489.471692519268,287.2031007448252,0.6102504821386009,0.0,0.0,0.0,0.0,"[0, 0, 0, 0, 0, 0, 0, 0, 0, 0, 0, 0, 0, 0, 0, 0, 0, 0, 0, 0, 0, 0, 0, 0, 0, 0, 0, 0, 0, 0]",0,test
SYN-1856,191.08189256484872,1962.2065441991258,9.178457964535538,103.0,5.442392923245752,10.958417992341074,874.1856729746055,0.20907817563574702,81.76020387240385,27.599132542219472,0.17291814008096926,0.0,0.0,0.0,0.0,"[0, 0, 0, 0, 0, 0, 0, 0, 0, 0, 0, 0, 0, 0, 0, 0, 0, 0, 0, 0, 0, 0, 0, 0, 0, 0, 0, 0, 0, 0]",0,validation
SYN-1857,487.60036382750405,1996.0060967508543,9.08645511350516,67.0,73.93498853000108,2.8873170344428156,763.6590424041968,0.43297108895178593,276.11861782555377,38.09458014738443,0.22975694234103902,1.0,0.0,0.0,3.0,"[0, 0, 0, 0, 0, 0, 0, 0, 0, 0, 0, 0, 0, 0, 0, 0, 0, 0, 0, 0, 3, 0, 0, 0, 0, 0, 0, 0, 0, 0]",0,test
SYN-1858,326.9641312964487,2922.4051178476525,11.672510749476306,66.0,16.432850377468455,15.335328630610443,769.2359803544553,0.5900766178449703,705.5303221025581,60.21036662377813,0.23440863894564765,0.0,0.0,0.0,0.0,"[0, 0, 0, 0, 0, 0, 0, 0, 0, 0, 0, 0, 0, 0, 0, 0, 0, 0, 0, 0, 0, 0, 0, 0, 0, 0, 0, 0, 0, 0]",0,validation
SYN-1859,337.4258377213144,4616.236668815471,15.059920440144126,115.0,38.12948591968458,19.281888429539585,851.1043493863704,0.38756880304108676,852.0222627059393,76.05724982425158,0.3384054301088967,1.0,0.0,0.0,10.0,"[0, 0, 10, 0, 0, 0, 0, 0, 0, 0, 0, 0, 0, 0, 0, 0, 0, 0, 0, 0, 0, 0, 0, 0, 0, 0, 0, 0, 0, 0]",0,train
SYN-1860,135.98179030330184,3124.5517163246504,7.014379841021133,36.0,11.116497094348427,8.805954507960656,903.4795271305491,0.3844443899357295,103.68408939395907,96.49763028980136,0.7913863109473767,5.0,0.0,0.0,35.0,"[10, 0, 0, 0, 0, 0, 0, 0, 10, 0, 0, 0, 0, 0, 10, 0, 0, 0, 0, 0, 0, 3, 0, 35, 0, 0, 0, 0, 0, 0]",0,train
SYN-1861,536.8702762773264,5963.837170547649,10.333558620394495,63.0,145.28871136630252,1.2586735222851098,800.4691514526208,0.5561411902409489,737.4172717178684,123.0499635003652,0.4998203229415784,0.0,0.0,0.0,0.0,"[0, 0, 0, 0, 0, 0, 0, 0, 0, 0, 0, 0, 0, 0, 0, 0, 0, 0, 0, 0, 0, 0, 0, 0, 0, 0, 0, 0, 0, 0]",0,train
SYN-1862,376.7122688636957,2736.76139101191,5.480797477999427,116.0,109.71810105362637,7.865130061869987,977.3295953450299,0.15970210331886525,3318.92370833673,30.444524237437196,0.37206811902847275,0.0,0.0,0.0,0.0,"[0, 0, 0, 0, 0, 0, 0, 0, 0, 0, 0, 0, 0, 0, 0, 0, 0, 0, 0, 0, 0, 0, 0, 0, 0, 0, 0, 0, 0, 0]",0,train
SYN-1863,293.2410813222119,3169.8491729326693,15.052089432102619,111.0,34.69588947061306,5.405011219872414,742.6838799754032,0.4342690387549399,942.9369894635228,53.06096499271361,0.299265212321666,0.0,0.0,0.0,0.0,"[0, 0, 0, 0, 0, 0, 0, 0, 0, 0, 0, 0, 0, 0, 0, 0, 0, 0, 0, 0, 0, 0, 0, 0, 0, 0, 0, 0, 0, 0]",0,train
SYN-1864,146.46962948145722,1195.486861928863,15.221386137164902,88.0,43.46616574942422,11.45258340908024,882.1699734817408,0.2523363824686545,395.1307475674706,22.626891081077694,0.45124069108722076,0.0,0.0,0.0,0.0,"[0, 0, 0, 0, 0, 0, 0, 0, 0, 0, 0, 0, 0, 0, 0, 0, 0, 0, 0, 0, 0, 0, 0, 0, 0, 0, 0, 0, 0, 0]",0,validation
SYN-1865,394.1895066662791,5745.641726691107,11.632269535332291,88.0,125.49671308872608,13.231140001966644,914.8421490222188,0.3009212449968422,1534.8639641513146,97.34877902300474,0.5653257845353856,0.0,0.0,0.0,0.0,"[0, 0, 0, 0, 0, 0, 0, 0, 0, 0, 0, 0, 0, 0, 0, 0, 0, 0, 0, 0, 0, 0, 0, 0, 0, 0, 0, 0, 0, 0]",1,train
SYN-1866,591.839826552734,11111.51429161095,7.280650931323614,103.0,55.976285431612176,0.6599639022507131,724.5108149486213,0.5686113300054743,1846.1650885482632,145.39141522722252,0.34024019950082296,2.0,0.0,0.0,3.0,"[0, 0, 0, 0, 0, 0, 0, 0, 0, 0, 0, 3, 0, 0, 0, 3, 0, 0, 0, 0, 0, 0, 0, 0, 0, 0, 0, 0, 0, 0]",0,train
SYN-1867,427.77061159098304,9034.984644577557,12.31697774132416,102.0,55.08608872139692,13.627545581944332,991.1796684982367,0.06541029913801022,1869.0765659764904,143.30798518992287,0.4637861240010012,0.0,0.0,0.0,0.0,"[0, 0, 0, 0, 0, 0, 0, 0, 0, 0, 0, 0, 0, 0, 0, 0, 0, 0, 0, 0, 0, 0, 0, 0, 0, 0, 0, 0, 0, 0]",0,train
SYN-1868,216.5268699329645,2146.6719935846877,15.701031019367448,103.0,42.02428339852758,10.102936889596188,958.6470674342878,0.136055100156254,85.96665004612082,38.06538179114441,0.36988326305399094,0.0,0.0,0.0,0.0,"[0, 0, 0, 0, 0, 0, 0, 0, 0, 0, 0, 0, 0, 0, 0, 0, 0, 0, 0, 0, 0, 0, 0, 0, 0, 0, 0, 0, 0, 0]",0,test
SYN-1869,468.63459615297324,5401.7906920808655,3.6922556225210497,23.0,151.4909041876656,15.644233313013093,854.0226299212047,0.21838415954653867,1129.3087871755063,243.62978785392178,0.8431317177287756,1.0,0.0,0.0,3.0,"[3, 0, 0, 0, 0, 0, 0, 0, 0, 0, 0, 0, 0, 0, 0, 0, 0, 0, 0, 0, 0, 0, 0, 0, 0, 0, 0, 0, 0, 0]",0,test
SYN-1870,273.46969213824565,2976.8938800496203,7.93333275148518,73.0,87.11133803491934,19.12329490213682,856.9509879678766,0.3305360745381755,267.3816491581562,51.5401807726146,0.5070087208693027,0.0,0.0,0.0,0.0,"[0, 0, 0, 0, 0, 0, 0, 0, 0, 0, 0, 0, 0, 0, 0, 0, 0, 0, 0, 0, 0, 0, 0, 0, 0, 0, 0, 0, 0, 0]",0,train
SYN-1871,225.53033339112636,4476.712273486711,14.507262453586463,115.0,46.098714741254305,10.573441782840058,607.4929308858772,0.704876823593759,1334.7014603962305,72.26598900013894,0.5248283100620397,1.0,0.0,0.0,35.0,"[0, 0, 35, 0, 0, 0, 0, 0, 0, 0, 0, 0, 0, 0, 0, 0, 0, 0, 0, 0, 0, 0, 0, 0, 0, 0, 0, 0, 0, 0]",0,train
SYN-1872,273.79968768512595,1875.850489618366,8.744312024709318,117.0,68.4280775860167,18.002776584282106,850.99768773226,0.647882778801859,715.1445647815874,23.882046582390064,0.33714473872798895,0.0,0.0,0.0,0.0,"[0, 0, 0, 0, 0, 0, 0, 0, 0, 0, 0, 0, 0, 0, 0, 0, 0, 0, 0, 0, 0, 0, 0, 0, 0, 0, 0, 0, 0, 0]",0,train
SYN-1873,191.78254755270893,4180.258475614498,6.531571423404861,119.0,62.96118407591519,0.586279276351851,838.2126321115147,0.1984580626207029,564.4924725672565,47.81661915162241,0.5776219194141833,3.0,0.0,0.0,10.0,"[10, 0, 0, 0, 0, 0, 0, 0, 0, 0, 0, 0, 0, 10, 0, 0, 0, 10, 0, 0, 0, 0, 0, 0, 0, 0, 0, 0, 0, 0]",0,train
SYN-1874,441.3102510168205,3395.3153316837843,13.947266745849385,89.0,16.782354848607486,8.23717555822887,824.2089244541035,0.3503737073198065,180.87850735664932,61.42627830463375,0.17721916264813964,0.0,0.0,0.0,0.0,"[0, 0, 0, 0, 0, 0, 0, 0, 0, 0, 0, 0, 0, 0, 0, 0, 0, 0, 0, 0, 0, 0, 0, 0, 0, 0, 0, 0, 0, 0]",0,train
SYN-1875,328.6394356044978,7342.85611500406,4.097877061175539,19.0,6.622485832872602,17.152339529627326,789.2395480411415,0.3440362955763538,226.16953178552316,399.79849682451936,1.2366774605421993,5.0,1.0,0.0,35.0,"[0, 0, 0, 0, 0, 0, 0, 0, 10, 0, 10, 35, 3, 0, 0, 0, 0, 0, 0, 0, 0, 0, 0, 0, 0, 0, 0, 0, 3, 0]",0,test
SYN-1876,147.06319773925364,1505.165886727867,7.807408296531076,70.0,34.518457114719254,6.80816036343211,828.3124626622986,0.3176339331015432,59.83045281235108,26.837874193286957,0.4172106431195136,4.0,3.0,1.0,10.0,"[0, 0, 0, 0, 0, 0, 0, 0, 0, 0, 3, 0, 0, 0, 0, 0, 0, 0, 0, 0, 0, 0, 0, 0, 0, 3, 0, 0, 3, 10]",0,train
SYN-1877,201.35850960670678,2000.9469267973489,3.5961267217494504,83.0,65.66250834444065,15.391112686856186,736.6785723381779,0.267034176988573,710.4582949303937,27.266067996854858,0.46150806600030714,1.0,1.0,1.0,3.0,"[0, 0, 0, 0, 0, 0, 0, 0, 0, 0, 0, 0, 0, 0, 0, 0, 0, 0, 0, 0, 0, 0, 0, 0, 0, 0, 0, 0, 0, 3]",0,train
SYN-1878,396.8829162133141,8141.281726204719,12.645586902426377,77.0,29.593548673193087,11.646550684488899,716.521417407398,0.6304323233754072,480.50316388377587,154.89255932697967,0.4648376144792696,1.0,1.0,0.0,3.0,"[0, 0, 0, 0, 0, 0, 0, 0, 0, 0, 0, 0, 0, 0, 0, 0, 0, 0, 0, 0, 0, 0, 0, 0, 0, 0, 3, 0, 0, 0]",0,train
SYN-1879,334.8443555072609,7403.504792571133,13.737711445988083,89.0,56.86087706335047,0.3963260137170055,948.5666531621318,0.11453177708712559,734.9832830756891,133.07469328474625,0.5672353952640485,1.0,0.0,0.0,35.0,"[0, 0, 0, 35, 0, 0, 0, 0, 0, 0, 0, 0, 0, 0, 0, 0, 0, 0, 0, 0, 0, 0, 0, 0, 0, 0, 0, 0, 0, 0]",0,train
SYN-1880,203.38782551617106,4130.511432671832,15.160423005182826,98.0,13.97689063937923,14.560669297769564,931.9578761969208,0.3016118206850449,137.26522384528184,73.7255771173194,0.43120805060047973,0.0,0.0,0.0,0.0,"[0, 0, 0, 0, 0, 0, 0, 0, 0, 0, 0, 0, 0, 0, 0, 0, 0, 0, 0, 0, 0, 0, 0, 0, 0, 0, 0, 0, 0, 0]",0,train
SYN-1881,409.89036745082296,5378.52080046947,10.377555346574098,21.0,23.01195420336107,12.948815069693172,754.2910720267073,0.5800416006162219,247.5647116578857,281.1830513730628,0.7421374829280906,10.0,1.0,0.0,10.0,"[3, 0, 0, 10, 10, 0, 0, 0, 0, 0, 0, 0, 10, 0, 3, 3, 3, 3, 10, 0, 0, 0, 0, 0, 0, 0, 3, 0, 0, 0]",0,test
SYN-1882,222.24213100635487,2945.7001750392055,12.448364854715427,77.0,16.363491491955468,1.946376711089124,854.3054911295127,0.3296595539056322,19.061367744412763,55.73532722469521,0.3244156199824644,0.0,0.0,0.0,0.0,"[0, 0, 0, 0, 0, 0, 0, 0, 0, 0, 0, 0, 0, 0, 0, 0, 0, 0, 0, 0, 0, 0, 0, 0, 0, 0, 0, 0, 0, 0]",0,validation
SYN-1883,1005.6065666134787,19245.145066899695,7.212234546291994,105.0,87.17499315333815,15.546294028127116,855.7112029887023,0.1532584563720739,306.17730944134854,247.69587713913705,0.3330038619578628,0.0,0.0,0.0,0.0,"[0, 0, 0, 0, 0, 0, 0, 0, 0, 0, 0, 0, 0, 0, 0, 0, 0, 0, 0, 0, 0, 0, 0, 0, 0, 0, 0, 0, 0, 0]",0,train
SYN-1884,442.73264341529017,8498.673659114404,3.445093237533267,103.0,40.97650724408307,16.818179751627156,777.4553117074641,0.4810275476086468,1170.308918890171,95.42875377391441,0.30809849476142465,1.0,1.0,0.0,35.0,"[0, 0, 0, 0, 0, 0, 0, 0, 0, 0, 0, 0, 0, 0, 0, 0, 0, 0, 0, 0, 0, 0, 0, 0, 0, 35, 0, 0, 0, 0]",0,train
SYN-1885,264.382295262535,5850.261728157243,6.87426388987288,93.0,62.23826335303372,2.5725069708770776,810.0127127086264,0.49742087509240746,415.5463042128601,81.31951611184621,0.5429931657198346,4.0,2.0,1.0,65.0,"[0, 0, 0, 0, 0, 0, 0, 0, 0, 0, 0, 0, 0, 0, 0, 3, 0, 0, 0, 0, 3, 0, 0, 0, 0, 0, 0, 0, 65, 35]",0,train
SYN-1886,220.54436099260943,2215.620093045008,14.778976772184848,113.0,4.492377953106313,18.28567501852147,725.7937952200352,0.7419550625966658,11.150527221258033,36.420671467099474,0.1855093879347784,1.0,1.0,1.0,3.0,"[0, 0, 0, 0, 0, 0, 0, 0, 0, 0, 0, 0, 0, 0, 0, 0, 0, 0, 0, 0, 0, 0, 0, 0, 0, 0, 0, 0, 0, 3]",0,train
SYN-1887,176.45761915620545,3606.5448914200865,8.398090447912152,40.0,37.87736204092283,6.515369852797635,641.816965576522,0.6304098730067393,739.2880906466258,103.68478492122168,0.8022444575591239,10.0,0.0,0.0,65.0,"[0, 3, 0, 0, 35, 0, 0, 0, 0, 3, 0, 0, 0, 65, 35, 0, 3, 0, 0, 3, 35, 35, 0, 3, 0, 0, 0, 0, 0, 0]",0,validation
SYN-1888,367.2394673347622,2097.0611613830843,13.73973184725217,45.0,103.22700678854982,12.576035721559894,823.9390793640785,0.25372870908149686,931.7747876924547,59.893714750673006,0.4441808031230148,0.0,0.0,0.0,0.0,"[0, 0, 0, 0, 0, 0, 0, 0, 0, 0, 0, 0, 0, 0, 0, 0, 0, 0, 0, 0, 0, 0, 0, 0, 0, 0, 0, 0, 0, 0]",1,train
SYN-1889,376.18456958650046,7149.368855843478,15.08307021052865,96.0,55.957979851323884,16.094147990441122,853.098263086753,0.6173322989680039,97.7079002846422,128.64222936883058,0.49071712171253,2.0,0.0,0.0,10.0,"[0, 0, 0, 0, 0, 0, 0, 0, 0, 0, 0, 0, 0, 10, 0, 0, 0, 3, 0, 0, 0, 0, 0, 0, 0, 0, 0, 0, 0, 0]",0,test
SYN-1890,419.6141251604975,8845.377238207226,12.540315930402077,35.0,90.41882003602642,4.113471200953107,849.6134143162052,0.1938107181473514,1363.075424925103,303.05823211269234,0.9377116463803938,6.0,0.0,0.0,35.0,"[0, 0, 0, 10, 0, 0, 0, 0, 0, 35, 10, 0, 0, 0, 0, 3, 0, 0, 0, 0, 10, 3, 0, 0, 0, 0, 0, 0, 0, 0]",0,train
SYN-1891,550.0128567170424,3682.898027001883,4.011577207915073,83.0,61.15961802851562,6.453834073095734,819.8258155545934,0.14753993266684637,2062.994313159967,50.886161751629714,0.20371483759294737,0.0,0.0,0.0,0.0,"[0, 0, 0, 0, 0, 0, 0, 0, 0, 0, 0, 0, 0, 0, 0, 0, 0, 0, 0, 0, 0, 0, 0, 0, 0, 0, 0, 0, 0, 0]",0,test
SYN-1892,143.8880382711451,739.6150404855874,3.1186512433553206,75.0,48.4710356824017,13.335874237434762,809.194758307431,0.4590120547404368,57.03177409148004,10.866588232597016,0.41238746895125417,0.0,0.0,0.0,0.0,"[0, 0, 0, 0, 0, 0, 0, 0, 0, 0, 0, 0, 0, 0, 0, 0, 0, 0, 0, 0, 0, 0, 0, 0, 0, 0, 0, 0, 0, 0]",0,validation
SYN-1893,302.05207455134854,6562.407386328777,7.530847554519133,108.0,62.47920520811873,1.2094534202525886,743.2793871510877,0.4597425013129321,1230.9453390748804,83.84676017993596,0.4844395311814997,3.0,0.0,0.0,10.0,"[0, 0, 0, 0, 0, 0, 0, 10, 0, 0, 0, 0, 10, 0, 0, 0, 0, 10, 0, 0, 0, 0, 0, 0, 0, 0, 0, 0, 0, 0]",0,train
SYN-1894,237.05152289342254,4809.764300889894,15.833700830538595,86.0,25.819239830068163,13.541042791147238,882.2419672497576,0.29483585511197485,1080.1712669836159,93.86692712577654,0.5048951615875302,0.0,0.0,0.0,0.0,"[0, 0, 0, 0, 0, 0, 0, 0, 0, 0, 0, 0, 0, 0, 0, 0, 0, 0, 0, 0, 0, 0, 0, 0, 0, 0, 0, 0, 0, 0]",0,train
SYN-1895,284.70416773349143,5587.995136481853,10.200500398513046,60.0,20.8641446734146,8.84565408041218,859.2466960504655,0.2764375087552358,6.649889680802003,119.28041367995213,0.4922462479880329,1.0,0.0,0.0,3.0,"[0, 0, 0, 0, 0, 0, 0, 3, 0, 0, 0, 0, 0, 0, 0, 0, 0, 0, 0, 0, 0, 0, 0, 0, 0, 0, 0, 0, 0, 0]",0,validation
SYN-1896,324.6048274643699,2942.1772200548917,7.240431568544758,20.0,65.53710029110509,2.215318263036361,743.6588127587079,0.438696453390726,834.736025058781,156.60625739139985,0.6843501355718081,2.0,1.0,0.0,10.0,"[0, 0, 0, 0, 10, 0, 0, 0, 0, 0, 0, 0, 0, 0, 0, 0, 0, 0, 0, 0, 0, 0, 0, 0, 0, 0, 0, 10, 0, 0]",0,train
SYN-1897,191.3741338821871,1361.1593308515353,4.254152820722059,42.0,36.13040511949372,19.623374156679656,911.71665276185,0.11312471576429584,827.3367505518562,34.93845588628142,0.37136084989169044,0.0,0.0,0.0,0.0,"[0, 0, 0, 0, 0, 0, 0, 0, 0, 0, 0, 0, 0, 0, 0, 0, 0, 0, 0, 0, 0, 0, 0, 0, 0, 0, 0, 0, 0, 0]",0,train
SYN-1898,425.96605479983714,7159.413996364272,7.879068522874982,109.0,127.0076604595069,14.744778566619154,852.9767972935516,0.0849774262158606,582.7271638785237,92.1730400299869,0.5145496877503245,0.0,0.0,0.0,0.0,"[0, 0, 0, 0, 0, 0, 0, 0, 0, 0, 0, 0, 0, 0, 0, 0, 0, 0, 0, 0, 0, 0, 0, 0, 0, 0, 0, 0, 0, 0]",0,validation
SYN-1899,479.94438882797135,8409.156576256539,12.350909626188429,89.0,86.45472559231344,6.933673882604698,786.5123884787532,0.407124130411505,609.2152481332448,144.72950868696782,0.48168962834180706,1.0,0.0,0.0,35.0,"[0, 0, 0, 0, 0, 0, 0, 0, 0, 0, 0, 0, 0, 0, 0, 0, 0, 0, 0, 0, 0, 35, 0, 0, 0, 0, 0, 0, 0, 0]",0,validation
SYN-1900,577.8296351610478,8675.893816954225,4.082897272666701,72.0,124.53981177815423,2.544620424244386,615.9293023974717,0.6853263802947902,48.334409722229914,136.06388841049568,0.4510043866407382,6.0,1.0,1.0,65.0,"[0, 0, 65, 0, 0, 35, 10, 0, 0, 0, 35, 0, 0, 0, 0, 0, 0, 0, 0, 0, 0, 10, 0, 0, 0, 0, 0, 0, 0, 35]",1,train
SYN-1901,321.79839632870323,7235.774839549721,11.325332585926843,79.0,98.8732934247947,15.55231579045973,826.0184134948806,0.6739465798062163,946.7746494469949,130.3532554316526,0.7123296805441574,7.0,3.0,0.0,65.0,"[0, 0, 0, 0, 3, 0, 0, 0, 0, 0, 0, 10, 10, 35, 0, 0, 0, 0, 0, 0, 0, 0, 0, 0, 0, 3, 0, 3, 65, 0]",0,train
SYN-1902,227.34899997781986,2048.5269823008603,5.894410178918486,94.0,6.803161821129804,14.847180489817875,982.3894256245079,0.14328441415732895,40.65602503854474,27.26237850691137,0.14983809179439805,0.0,0.0,0.0,0.0,"[0, 0, 0, 0, 0, 0, 0, 0, 0, 0, 0, 0, 0, 0, 0, 0, 0, 0, 0, 0, 0, 0, 0, 0, 0, 0, 0, 0, 0, 0]",0,validation
SYN-1903,225.02557423449522,5313.421355065128,15.634204133073954,20.0,73.43716329724025,17.83149572970324,737.5543902821016,0.6265500981296676,926.511292282884,303.5027567336594,1.6750981363482587,16.0,3.0,0.0,65.0,"[0, 3, 0, 3, 35, 0, 0, 10, 3, 0, 0, 3, 35, 10, 3, 0, 35, 35, 0, 0, 3, 65, 0, 0, 0, 3, 3, 10, 0, 0]",1,validation
SYN-1904,255.19221909354044,5843.872056420739,6.875139810824921,94.0,68.69470911737173,18.368114871552194,914.984076362955,0.483770817249858,357.0488650542179,80.57854746466131,0.584944388634816,0.0,0.0,0.0,0.0,"[0, 0, 0, 0, 0, 0, 0, 0, 0, 0, 0, 0, 0, 0, 0, 0, 0, 0, 0, 0, 0, 0, 0, 0, 0, 0, 0, 0, 0, 0]",0,train
SYN-1905,275.8717038840072,2662.5416038933063,13.899785327774353,93.0,11.176023346833588,8.633882418862854,823.6035302633298,0.16472656832620222,269.6181838847597,46.91669144039742,0.2105787363087322,1.0,0.0,0.0,35.0,"[35, 0, 0, 0, 0, 0, 0, 0, 0, 0, 0, 0, 0, 0, 0, 0, 0, 0, 0, 0, 0, 0, 0, 0, 0, 0, 0, 0, 0, 0]",0,train
SYN-1906,494.26099268020937,7357.416984313711,4.618333112434124,54.0,138.41336148612007,3.523682800563408,748.932594569393,0.5552110282655106,684.1815389898961,151.1574991538984,0.585866303285991,2.0,0.0,0.0,35.0,"[0, 3, 0, 0, 0, 0, 0, 0, 0, 0, 0, 35, 0, 0, 0, 0, 0, 0, 0, 0, 0, 0, 0, 0, 0, 0, 0, 0, 0, 0]",0,test
SYN-1907,564.4834681353802,8849.167181718323,4.604903126462821,24.0,124.6466079023552,15.342883684010143,805.0835429089649,0.6545675876056285,1077.9449211838444,386.6613740648544,0.9057979743076947,7.0,0.0,0.0,65.0,"[0, 0, 0, 0, 0, 0, 0, 0, 0, 10, 3, 65, 10, 0, 0, 3, 0, 0, 3, 0, 35, 0, 0, 0, 0, 0, 0, 0, 0, 0]",0,train
SYN-1908,196.9813290300744,995.6087458827892,12.371071678375001,89.0,45.58910726940382,2.029518233994203,933.2087572247983,0.1983728359932011,224.38580617217806,17.146290480142518,0.3184839804790236,0.0,0.0,0.0,0.0,"[0, 0, 0, 0, 0, 0, 0, 0, 0, 0, 0, 0, 0, 0, 0, 0, 0, 0, 0, 0, 0, 0, 0, 0, 0, 0, 0, 0, 0, 0]",0,train
SYN-1909,151.184588180461,2337.404279634143,9.046642470215643,33.0,19.493612866294807,0.9851787226208297,745.3440288698777,0.35300523454903454,264.1836729050813,80.27136349632707,0.6598885346933494,1.0,0.0,0.0,35.0,"[0, 0, 0, 0, 0, 0, 0, 0, 0, 0, 0, 35, 0, 0, 0, 0, 0, 0, 0, 0, 0, 0, 0, 0, 0, 0, 0, 0, 0, 0]",0,train
SYN-1910,621.9033828638385,12927.333456593304,6.314798523846275,55.0,101.0151541365534,9.50476129331226,768.4922334548821,0.2264800780735056,1920.491250079994,271.3084787170346,0.5986840450023821,2.0,0.0,0.0,10.0,"[0, 0, 0, 0, 0, 0, 10, 0, 0, 0, 0, 0, 0, 0, 0, 3, 0, 0, 0, 0, 0, 0, 0, 0, 0, 0, 0, 0, 0, 0]",0,train
SYN-1911,344.11344698279987,1572.5195433451204,8.342810583538139,28.0,50.337032491652515,2.807313779076217,979.8167741137696,0.41286683283652764,347.08864478994957,61.999387647106516,0.32645170109953314,0.0,0.0,0.0,0.0,"[0, 0, 0, 0, 0, 0, 0, 0, 0, 0, 0, 0, 0, 0, 0, 0, 0, 0, 0, 0, 0, 0, 0, 0, 0, 0, 0, 0, 0, 0]",0,validation
SYN-1912,416.6859843057094,1674.887858147584,6.816110254162734,75.0,36.037783493863245,7.997952749519149,907.7474266564818,0.34797261901007226,150.0723550453364,27.487731321314488,0.15245416742544204,0.0,0.0,0.0,0.0,"[0, 0, 0, 0, 0, 0, 0, 0, 0, 0, 0, 0, 0, 0, 0, 0, 0, 0, 0, 0, 0, 0, 0, 0, 0, 0, 0, 0, 0, 0]",0,train
SYN-1913,298.17974821426884,6084.100733076115,7.328450003505854,20.0,84.06246702059806,4.0476057110818875,760.9718709250144,0.40266693608994514,406.3507269833501,324.0878628368843,1.3688063401414834,18.0,5.0,0.0,65.0,"[0, 3, 35, 0, 0, 0, 0, 0, 10, 10, 65, 10, 3, 10, 10, 3, 3, 0, 0, 0, 0, 0, 3, 10, 35, 3, 35, 10, 3, 0]",1,train
SYN-1914,334.3478730392441,6512.304040097954,10.242273282826908,35.0,23.59913467076915,14.650977247334847,874.9242886763457,0.4597200195687594,100.19769464935283,216.02659257401956,0.7166958325966758,2.0,1.0,1.0,10.0,"[10, 0, 0, 0, 0, 0, 0, 0, 0, 0, 0, 0, 0, 0, 0, 0, 0, 0, 0, 0, 0, 0, 0, 0, 0, 0, 0, 0, 0, 10]",0,train
SYN-1915,178.23271559286238,3046.0183843032455,9.735158150995925,101.0,41.040133119359005,6.5840194312928375,770.9364116140505,0.3875530978322883,532.6180752388739,44.29852439205132,0.4788046752670802,0.0,0.0,0.0,0.0,"[0, 0, 0, 0, 0, 0, 0, 0, 0, 0, 0, 0, 0, 0, 0, 0, 0, 0, 0, 0, 0, 0, 0, 0, 0, 0, 0, 0, 0, 0]",0,train
SYN-1916,210.06130387342526,4702.1234770288,5.0664285815187435,19.0,24.612625586418012,19.625149612898113,827.0217651153831,0.7076291320434487,117.37518478771607,258.06090616567195,1.34567160414475,12.0,1.0,0.0,65.0,"[0, 10, 3, 10, 10, 0, 0, 0, 10, 0, 0, 10, 35, 0, 0, 3, 0, 10, 35, 0, 0, 0, 65, 0, 0, 0, 10, 0, 0, 0]",1,validation
SYN-1917,238.77242939261367,4391.15553907093,14.87912364857536,105.0,57.26942778196275,7.105485551033269,685.388199128214,0.7546655065045684,209.68483492183697,75.01612142309438,0.5540235509667655,3.0,0.0,0.0,10.0,"[0, 10, 10, 0, 0, 3, 0, 0, 0, 0, 0, 0, 0, 0, 0, 0, 0, 0, 0, 0, 0, 0, 0, 0, 0, 0, 0, 0, 0, 0]",0,train
SYN-1918,654.2931439714484,5043.928443942202,3.2779840598773564,33.0,101.48877193378536,17.61455900772059,857.0586057997897,0.6782841717469918,663.0247884899321,160.04746314421072,0.3997233311822824,1.0,0.0,0.0,10.0,"[10, 0, 0, 0, 0, 0, 0, 0, 0, 0, 0, 0, 0, 0, 0, 0, 0, 0, 0, 0, 0, 0, 0, 0, 0, 0, 0, 0, 0, 0]",0,train
SYN-1919,464.15440449983316,1647.8138760038335,14.395654750274327,59.0,107.70638455307235,19.369116312708673,877.0442565279025,0.35397931489303314,1499.209590466465,39.129698635335366,0.3163518039791875,0.0,0.0,0.0,0.0,"[0, 0, 0, 0, 0, 0, 0, 0, 0, 0, 0, 0, 0, 0, 0, 0, 0, 0, 0, 0, 0, 0, 0, 0, 0, 0, 0, 0, 0, 0]",0,test
SYN-1920,302.71252128291957,4275.819199539139,15.097289449111589,109.0,57.74062202117142,7.448193894174375,771.7099535596109,0.3872294664600726,643.4947626095985,72.29921380489726,0.42958195212721817,3.0,1.0,0.0,10.0,"[0, 0, 0, 0, 0, 0, 0, 0, 0, 10, 0, 0, 0, 0, 0, 0, 0, 0, 0, 0, 0, 0, 0, 10, 0, 0, 10, 0, 0, 0]",0,train
SYN-1921,279.3178970523241,1734.9400484801902,8.873669037008412,109.0,44.1575296529921,2.208481117920229,877.6950661265282,0.27607992879310583,704.3173447062296,23.239836599406893,0.24129268823677838,0.0,0.0,0.0,0.0,"[0, 0, 0, 0, 0, 0, 0, 0, 0, 0, 0, 0, 0, 0, 0, 0, 0, 0, 0, 0, 0, 0, 0, 0, 0, 0, 0, 0, 0, 0]",0,test
SYN-1922,351.6449412725594,7738.277095016089,15.288934019503612,50.0,64.89459317591245,1.8451033889220114,946.8121967804981,0.10845033639916866,677.9283690560824,210.21164244258864,0.7823409448829999,1.0,0.0,0.0,10.0,"[0, 0, 0, 0, 0, 0, 0, 0, 0, 10, 0, 0, 0, 0, 0, 0, 0, 0, 0, 0, 0, 0, 0, 0, 0, 0, 0, 0, 0, 0]",0,train
SYN-1923,269.0007494202919,1782.5326381011314,9.518646014067892,13.0,20.790528809656447,8.441585232285574,834.9875826864682,0.15945761619689153,262.8951973413093,144.8517124058844,0.6157686979404591,1.0,0.0,0.0,3.0,"[0, 0, 0, 0, 0, 0, 0, 0, 0, 0, 0, 0, 0, 0, 3, 0, 0, 0, 0, 0, 0, 0, 0, 0, 0, 0, 0, 0, 0, 0]",0,train
SYN-1924,614.2950580844359,4609.511324010521,11.209650093478976,57.0,112.56065234458862,9.02475611848407,889.5454248375671,0.08339543324367212,719.8485175304885,104.66822271073143,0.353623022351356,0.0,0.0,0.0,0.0,"[0, 0, 0, 0, 0, 0, 0, 0, 0, 0, 0, 0, 0, 0, 0, 0, 0, 0, 0, 0, 0, 0, 0, 0, 0, 0, 0, 0, 0, 0]",0,test
SYN-1925,360.8396319846175,5042.261036127453,5.881245278527958,74.0,55.50118082617051,5.777750609404246,771.7240918128546,0.1593645129529935,964.0957584266603,81.40509467408712,0.379410306864779,0.0,0.0,0.0,0.0,"[0, 0, 0, 0, 0, 0, 0, 0, 0, 0, 0, 0, 0, 0, 0, 0, 0, 0, 0, 0, 0, 0, 0, 0, 0, 0, 0, 0, 0, 0]",0,train
SYN-1926,421.78662947278747,7664.448297667017,13.6357994726226,23.0,44.50280755670275,15.551564761313381,768.0305228436634,0.47875268700383244,654.8809132275351,380.55683487474596,1.0077598784076023,5.0,2.0,1.0,35.0,"[0, 0, 0, 0, 3, 0, 0, 0, 0, 0, 0, 0, 0, 10, 0, 0, 0, 0, 0, 10, 0, 0, 0, 0, 0, 0, 0, 35, 0, 10]",0,train
SYN-1927,532.6328917546472,8346.545498909833,9.333187592890816,101.0,138.49288400325523,19.045004247611573,744.593344508846,0.3946074165108882,1414.598370641553,119.6088436131319,0.48457714799798635,6.0,0.0,0.0,35.0,"[3, 0, 0, 0, 0, 0, 3, 0, 0, 3, 35, 0, 35, 10, 0, 0, 0, 0, 0, 0, 0, 0, 0, 0, 0, 0, 0, 0, 0, 0]",0,validation
SYN-1928,424.38413822822855,9196.581826437307,6.992358884232916,120.0,147.9935579482239,16.451784085521112,811.2341702681962,0.5550741644466773,674.9105452487678,106.74389913138168,0.6002520691350884,6.0,0.0,0.0,35.0,"[0, 0, 0, 3, 35, 0, 0, 0, 0, 0, 3, 0, 0, 0, 10, 0, 35, 0, 0, 0, 35, 0, 0, 0, 0, 0, 0, 0, 0, 0]",1,validation
SYN-1929,407.57770987821976,4353.084482578748,11.589729392768792,35.0,25.541231847599335,2.049172837635267,850.8906932084365,0.4675994983494027,340.9058025504171,147.17118518360505,0.4237533428479422,4.0,1.0,0.0,65.0,"[0, 3, 0, 0, 0, 65, 0, 0, 0, 0, 0, 0, 0, 0, 0, 3, 0, 0, 0, 0, 0, 0, 0, 0, 10, 0, 0, 0, 0, 0]",0,train
SYN-1930,294.19010686074495,1782.4585971660588,3.334030499646507,28.0,95.89409972710288,12.248974028099575,815.5586978847441,0.29612556558613456,236.07326734258214,66.25584081015717,0.5511740087643866,0.0,0.0,0.0,0.0,"[0, 0, 0, 0, 0, 0, 0, 0, 0, 0, 0, 0, 0, 0, 0, 0, 0, 0, 0, 0, 0, 0, 0, 0, 0, 0, 0, 0, 0, 0]",1,test
SYN-1931,266.3972885358294,2529.7996442700614,5.677471512249845,73.0,34.239002010904564,11.858786159623119,734.5304986424475,0.7615446145578406,94.44158077828605,41.064230592059566,0.2826726691433128,5.0,1.0,0.0,65.0,"[0, 0, 0, 0, 0, 0, 0, 0, 3, 0, 35, 0, 0, 0, 0, 0, 10, 0, 0, 0, 0, 0, 35, 0, 0, 0, 0, 65, 0, 0]",1,test
SYN-1932,204.47550305675702,1677.8353808454956,6.861198164230315,26.0,15.403036323598768,9.313899871263025,806.5421963337275,0.4163550204504283,322.24349522788435,69.63155431353553,0.41586688559720003,1.0,1.0,1.0,3.0,"[0, 0, 0, 0, 0, 0, 0, 0, 0, 0, 0, 0, 0, 0, 0, 0, 0, 0, 0, 0, 0, 0, 0, 0, 0, 0, 0, 0, 0, 3]",0,train
SYN-1933,408.5585561297121,2330.349805060862,12.059636470680843,115.0,52.96386290888203,16.84665837828716,800.248533682258,0.561201241084505,907.0004206304235,34.27151077729956,0.2135198795310151,0.0,0.0,0.0,0.0,"[0, 0, 0, 0, 0, 0, 0, 0, 0, 0, 0, 0, 0, 0, 0, 0, 0, 0, 0, 0, 0, 0, 0, 0, 0, 0, 0, 0, 0, 0]",0,train
SYN-1934,271.88061547731803,5626.458507588362,9.317638058747805,112.0,56.87396969639753,17.763445834779937,755.6815468295279,0.450479149287946,990.4499882812328,75.38998701413081,0.48647806861229725,1.0,0.0,0.0,35.0,"[0, 35, 0, 0, 0, 0, 0, 0, 0, 0, 0, 0, 0, 0, 0, 0, 0, 0, 0, 0, 0, 0, 0, 0, 0, 0, 0, 0, 0, 0]",0,validation
SYN-1935,440.80803084258235,2351.439689932522,7.874758337093465,109.0,68.91313753108857,15.235744305590755,848.6453534700072,0.1092043418005491,821.5545923411474,30.268088695576118,0.2249986826172036,0.0,0.0,0.0,0.0,"[0, 0, 0, 0, 0, 0, 0, 0, 0, 0, 0, 0, 0, 0, 0, 0, 0, 0, 0, 0, 0, 0, 0, 0, 0, 0, 0, 0, 0, 0]",0,validation
SYN-1936,152.26764822407625,1630.8974299482916,10.584102605711767,36.0,22.974811120253815,8.71198506766727,812.4542890691012,0.616905949005065,19.275837633553046,53.07285144811396,0.49943414412269926,1.0,0.0,0.0,10.0,"[0, 0, 0, 0, 0, 0, 0, 0, 0, 0, 0, 0, 0, 0, 0, 0, 0, 0, 0, 0, 0, 10, 0, 0, 0, 0, 0, 0, 0, 0]",0,train
SYN-1937,441.6995219357645,1941.8015931920045,9.886159773502538,118.0,25.460177441231973,18.871951045086128,779.0237922400222,0.4749894346167413,84.83844791981257,25.7933201427666,0.11603702299558356,0.0,0.0,0.0,0.0,"[0, 0, 0, 0, 0, 0, 0, 0, 0, 0, 0, 0, 0, 0, 0, 0, 0, 0, 0, 0, 0, 0, 0, 0, 0, 0, 0, 0, 0, 0]",0,test
SYN-1938,238.61676841402775,810.2158070506899,14.20926068207999,29.0,60.67246076434505,7.606920988664867,675.5201730542819,0.6138986681957694,160.76213249570273,33.1728590516542,0.39328887252871825,6.0,0.0,0.0,10.0,"[10, 0, 0, 0, 0, 0, 10, 10, 3, 0, 0, 0, 0, 0, 0, 0, 0, 3, 3, 0, 0, 0, 0, 0, 0, 0, 0, 0, 0, 0]",0,validation
SYN-1939,261.24918718847164,5035.238586567072,9.570886573983971,87.0,49.43158323787138,4.06128558076569,752.6832818345905,0.3927482030844979,715.9236114380257,80.4814597617658,0.4972763528864673,4.0,1.0,0.0,3.0,"[0, 0, 0, 0, 0, 0, 0, 0, 3, 0, 0, 0, 0, 0, 0, 0, 0, 0, 0, 0, 0, 3, 0, 3, 0, 0, 3, 0, 0, 0]",0,validation
SYN-1940,274.1815526786713,1435.2098275448257,14.517704167956957,99.0,21.60155916516236,15.78410336053421,762.2198187242959,0.4386006606109861,291.50914666570014,24.94948433814115,0.16978182174735615,1.0,0.0,0.0,10.0,"[0, 0, 10, 0, 0, 0, 0, 0, 0, 0, 0, 0, 0, 0, 0, 0, 0, 0, 0, 0, 0, 0, 0, 0, 0, 0, 0, 0, 0, 0]",0,train
SYN-1941,453.6123647274829,7766.097554917575,15.300532583994833,53.0,139.3366827473167,15.216952730908325,877.4928938596478,0.2600966725568698,87.57635433606444,202.47280090802303,0.7535277039035055,0.0,0.0,0.0,0.0,"[0, 0, 0, 0, 0, 0, 0, 0, 0, 0, 0, 0, 0, 0, 0, 0, 0, 0, 0, 0, 0, 0, 0, 0, 0, 0, 0, 0, 0, 0]",0,train
SYN-1942,361.2803478493428,5554.52053141003,6.997893052614344,16.0,65.93221633952555,8.937935336649485,921.8841858479415,0.3098803622518765,1324.8779273723908,364.61569010918583,1.191728000185202,8.0,2.0,1.0,10.0,"[0, 3, 0, 0, 0, 0, 0, 10, 0, 3, 0, 3, 0, 10, 0, 0, 0, 0, 0, 0, 3, 0, 0, 0, 0, 0, 3, 0, 0, 10]",0,train
SYN-1943,189.31925328799502,4029.833887090055,7.861108421326143,77.0,23.164950779944874,13.325311716924856,663.7425273706374,0.5602946827073766,295.1861278600732,66.80774760408995,0.4752432561476837,6.0,1.0,0.0,35.0,"[0, 0, 0, 0, 0, 3, 10, 0, 0, 0, 0, 0, 35, 0, 3, 0, 0, 0, 0, 0, 10, 0, 0, 0, 0, 0, 0, 10, 0, 0]",0,train
SYN-1944,387.60602324450684,7752.245872383823,13.790396237829542,86.0,80.81259444154806,17.111168746138745,843.7832613166213,0.3931515715583991,2560.095765507534,142.38443075714815,0.5758347698789518,0.0,0.0,0.0,0.0,"[0, 0, 0, 0, 0, 0, 0, 0, 0, 0, 0, 0, 0, 0, 0, 0, 0, 0, 0, 0, 0, 0, 0, 0, 0, 0, 0, 0, 0, 0]",0,train
SYN-1945,656.1472480721065,7509.26645853982,9.71132751586068,114.0,80.09098257194766,7.362127217972496,794.8791852245903,0.15050483703357748,429.72587294285796,101.11147718503604,0.27616127369183247,0.0,0.0,0.0,0.0,"[0, 0, 0, 0, 0, 0, 0, 0, 0, 0, 0, 0, 0, 0, 0, 0, 0, 0, 0, 0, 0, 0, 0, 0, 0, 0, 0, 0, 0, 0]",0,test
SYN-1946,384.32945527620046,5118.2280637502445,7.708870196672438,103.0,74.69556865074115,9.389702674764928,773.0316778108336,0.6206677747410014,1693.3792683089778,68.08509266785336,0.37150590296542435,0.0,0.0,0.0,0.0,"[0, 0, 0, 0, 0, 0, 0, 0, 0, 0, 0, 0, 0, 0, 0, 0, 0, 0, 0, 0, 0, 0, 0, 0, 0, 0, 0, 0, 0, 0]",0,train
SYN-1947,180.57873175107414,1019.8906458200213,5.349047218293883,89.0,16.246191715879988,3.3645553383769067,779.2687316730688,0.12360445717815846,379.64783319395923,13.907642014107243,0.16698441415323467,0.0,0.0,0.0,0.0,"[0, 0, 0, 0, 0, 0, 0, 0, 0, 0, 0, 0, 0, 0, 0, 0, 0, 0, 0, 0, 0, 0, 0, 0, 0, 0, 0, 0, 0, 0]",0,train
SYN-1948,241.1269956078653,4407.43000805291,4.085016956850628,94.0,23.73638757225255,8.26907298337192,901.7664942407552,0.22985605484608637,722.5572025495402,54.86789171482574,0.32598705544736734,1.0,0.0,0.0,35.0,"[0, 0, 0, 0, 0, 0, 0, 0, 0, 0, 0, 0, 0, 0, 0, 0, 0, 0, 0, 0, 0, 0, 35, 0, 0, 0, 0, 0, 0, 0]",0,train
SYN-1949,134.79177443509687,2734.2806481206876,9.431230013466319,71.0,14.042891507729918,17.702978793657792,759.7460541897884,0.7242401224901355,341.5427272399302,50.39728118775108,0.47807199634803654,3.0,0.0,0.0,3.0,"[0, 0, 0, 0, 0, 0, 0, 0, 0, 0, 0, 0, 3, 0, 0, 0, 0, 0, 0, 3, 0, 3, 0, 0, 0, 0, 0, 0, 0, 0]",0,test
SYN-1950,328.47967552452695,6070.326738455852,13.27269338269157,34.0,43.740028884700195,18.587270125996447,799.0469598635133,0.33878783250211597,528.2363869957011,215.18292657997586,0.788246502774394,5.0,1.0,0.0,35.0,"[0, 0, 0, 0, 0, 0, 0, 0, 0, 0, 0, 0, 0, 0, 0, 0, 35, 0, 10, 3, 0, 3, 0, 0, 0, 0, 10, 0, 0, 0]",0,train
SYN-1951,492.3832499869485,7216.304749804049,13.314193077545132,32.0,67.09273287844846,3.779159634183813,890.9434601597868,0.17939575477633665,448.68620616305685,269.1422822773795,0.6828725696187683,2.0,0.0,0.0,35.0,"[0, 0, 0, 0, 0, 0, 0, 0, 0, 0, 0, 0, 0, 3, 35, 0, 0, 0, 0, 0, 0, 0, 0, 0, 0, 0, 0, 0, 0, 0]",1,train
SYN-1952,590.3526377020783,10902.758806783642,6.072690593163006,13.0,160.05051892739996,12.025552138043212,703.9076269642458,0.6283653449474722,113.31479899507214,868.6828687104489,1.7425743901850739,29.0,6.0,1.0,65.0,"[3, 10, 3, 10, 3, 3, 10, 3, 3, 10, 10, 3, 3, 3, 65, 10, 3, 35, 3, 3, 3, 0, 3, 3, 65, 35, 10, 35, 3, 10]",1,test
SYN-1953,303.549701630414,1755.5933134475013,7.72788529557405,13.0,102.18496467878587,11.981899897351614,864.6299782794908,0.23985567980686737,77.86810327091473,141.2115553211557,0.8018341599172061,1.0,0.0,0.0,3.0,"[0, 0, 0, 0, 0, 0, 0, 0, 0, 3, 0, 0, 0, 0, 0, 0, 0, 0, 0, 0, 0, 0, 0, 0, 0, 0, 0, 0, 0, 0]",0,train
SYN-1954,447.3900116506507,1778.4830203602885,7.627214958525063,27.0,45.03398021671359,15.136896482272284,720.0000484258135,0.7329991994191775,377.6887247460947,71.89195456322621,0.2613512410537289,1.0,0.0,0.0,3.0,"[0, 0, 0, 0, 0, 0, 0, 0, 0, 0, 0, 0, 0, 0, 0, 0, 0, 3, 0, 0, 0, 0, 0, 0, 0, 0, 0, 0, 0, 0]",0,test
SYN-1955,305.60479277883223,3612.0136794213904,15.952457012732317,62.0,31.012977195035184,7.810336133643654,753.5562242992155,0.23010442713885232,570.0368337330649,85.89345870038255,0.38254123841579774,2.0,0.0,0.0,3.0,"[0, 0, 0, 0, 0, 0, 3, 0, 0, 0, 0, 0, 0, 0, 0, 0, 3, 0, 0, 0, 0, 0, 0, 0, 0, 0, 0, 0, 0, 0]",0,validation
SYN-1956,158.71503305771867,1591.531285289996,7.419707868377967,83.0,3.1835246860152657,18.20891815426368,734.7665970041764,0.5871839395872646,639.9892001370564,24.57231718822212,0.17487846828059211,2.0,1.0,0.0,3.0,"[0, 0, 0, 0, 0, 0, 0, 3, 0, 0, 0, 0, 0, 0, 0, 0, 0, 0, 0, 0, 0, 0, 0, 0, 0, 0, 0, 0, 3, 0]",0,validation
SYN-1957,228.23438185002416,2928.4194421047046,10.233944680954304,42.0,60.1135404841964,3.341576042522507,879.6366070585032,0.1889419767076423,428.45022166742876,83.24909819164198,0.6281377832461889,2.0,0.0,0.0,10.0,"[10, 0, 0, 0, 0, 0, 0, 0, 0, 0, 0, 0, 0, 0, 10, 0, 0, 0, 0, 0, 0, 0, 0, 0, 0, 0, 0, 0, 0, 0]",0,validation
SYN-1958,254.87870811541393,1024.4832220850408,4.283896992714748,104.0,32.46637800901172,3.326444629455658,927.2411572656879,0.34209208153289417,210.80747565456198,11.809727051835546,0.17371441258560602,2.0,0.0,0.0,35.0,"[0, 3, 0, 0, 0, 35, 0, 0, 0, 0, 0, 0, 0, 0, 0, 0, 0, 0, 0, 0, 0, 0, 0, 0, 0, 0, 0, 0, 0, 0]",0,train
SYN-1959,226.67037421632006,3282.913328914628,14.849455866732109,74.0,53.398162561452374,3.8966272438851735,694.4105744512952,0.23716882905152764,340.4371447315436,67.98921699734281,0.5355237974017312,5.0,0.0,0.0,10.0,"[10, 0, 0, 3, 3, 0, 0, 0, 10, 0, 0, 0, 0, 0, 0, 0, 0, 0, 0, 0, 0, 0, 0, 10, 0, 0, 0, 0, 0, 0]",0,test
SYN-1960,546.6121447254992,1865.7352428007136,12.1153454251032,58.0,57.23835016452126,4.049638308634247,853.3744527168091,0.3164915305635976,567.7788375511368,42.657755994610454,0.18275500667717162,0.0,0.0,0.0,0.0,"[0, 0, 0, 0, 0, 0, 0, 0, 0, 0, 0, 0, 0, 0, 0, 0, 0, 0, 0, 0, 0, 0, 0, 0, 0, 0, 0, 0, 0, 0]",0,train
SYN-1961,280.08203661344544,4661.4582532144495,12.974750337485718,75.0,23.84002666700265,7.810489820326412,888.6913072622705,0.2976197358899803,132.9152586301351,91.04019548974547,0.4101663339277263,1.0,0.0,0.0,10.0,"[0, 0, 0, 0, 0, 10, 0, 0, 0, 0, 0, 0, 0, 0, 0, 0, 0, 0, 0, 0, 0, 0, 0, 0, 0, 0, 0, 0, 0, 0]",0,train
SYN-1962,290.0443602148329,2862.606076573337,9.066135217404286,37.0,12.174460193040847,6.701715403295163,713.5693849438595,0.8150480918489337,689.7893200923926,88.97454739407573,0.34873633644245494,1.0,0.0,0.0,35.0,"[0, 0, 0, 0, 0, 0, 0, 0, 0, 35, 0, 0, 0, 0, 0, 0, 0, 0, 0, 0, 0, 0, 0, 0, 0, 0, 0, 0, 0, 0]",0,test
SYN-1963,246.50138069960272,4550.23667370615,10.797045997558893,68.0,37.65261518320278,0.34846831086856156,763.9308241810606,0.5218971337845945,209.99387320008222,89.7516409331853,0.5168500710008128,7.0,2.0,0.0,35.0,"[0, 0, 0, 3, 10, 0, 35, 10, 0, 0, 0, 0, 0, 0, 0, 0, 0, 0, 0, 0, 0, 3, 0, 0, 0, 35, 0, 0, 10, 0]",0,train
SYN-1964,247.7927765897857,5928.883259899202,6.891030184182891,41.0,40.53715444344304,18.71283086703754,719.7512941548829,0.47446785421760124,244.85843817901844,162.71058323522158,0.8202326979657515,14.0,3.0,1.0,35.0,"[0, 0, 0, 0, 3, 10, 3, 10, 3, 0, 0, 0, 3, 0, 0, 3, 0, 0, 0, 35, 35, 3, 0, 35, 3, 0, 0, 0, 10, 3]",1,train
SYN-1965,147.60303275138156,746.5624262523617,5.566699712462565,18.0,21.637276003631737,18.535481802429736,855.1413102618117,0.3512975332055752,359.73510223964513,43.32747764579544,0.4401315639554101,1.0,0.0,0.0,10.0,"[0, 0, 0, 0, 0, 10, 0, 0, 0, 0, 0, 0, 0, 0, 0, 0, 0, 0, 0, 0, 0, 0, 0, 0, 0, 0, 0, 0, 0, 0]",0,train
SYN-1966,383.24002824153456,3831.02065668503,15.314856433305133,84.0,61.45916667711245,10.187276315421553,850.0291154927104,0.3319591310686983,1244.659572278681,74.60463838956414,0.3550354739586943,0.0,0.0,0.0,0.0,"[0, 0, 0, 0, 0, 0, 0, 0, 0, 0, 0, 0, 0, 0, 0, 0, 0, 0, 0, 0, 0, 0, 0, 0, 0, 0, 0, 0, 0, 0]",0,train
SYN-1967,460.4959176198502,1604.991907101309,10.028697460677584,84.0,127.60269670949778,9.644219648671445,847.6766334234864,0.5472462195166792,3211.7890782263917,26.66857063784425,0.33501115090165995,1.0,0.0,0.0,35.0,"[0, 0, 0, 35, 0, 0, 0, 0, 0, 0, 0, 0, 0, 0, 0, 0, 0, 0, 0, 0, 0, 0, 0, 0, 0, 0, 0, 0, 0, 0]",0,train
SYN-1968,791.3045169678389,2580.120683212392,14.227044787322486,68.0,126.20658426859359,17.41503256591677,858.3354018969902,0.21003091025066073,640.6671702372155,55.48369944018627,0.22960855121235751,0.0,0.0,0.0,0.0,"[0, 0, 0, 0, 0, 0, 0, 0, 0, 0, 0, 0, 0, 0, 0, 0, 0, 0, 0, 0, 0, 0, 0, 0, 0, 0, 0, 0, 0, 0]",0,train
SYN-1969,589.0324094744361,10329.766005070114,7.0325813850351535,110.0,80.04255682376358,4.327001244165672,729.4658395258381,0.8215582740485902,398.25870782878167,127.6711168618367,0.35263539042093234,3.0,0.0,0.0,10.0,"[10, 10, 0, 0, 0, 10, 0, 0, 0, 0, 0, 0, 0, 0, 0, 0, 0, 0, 0, 0, 0, 0, 0, 0, 0, 0, 0, 0, 0, 0]",0,test
SYN-1970,335.7426261361089,5130.002861293686,10.884910584572257,25.0,105.42040285994048,13.730877476575415,729.0685272308253,0.44463222036462097,135.87761664326231,230.27053041747195,0.9998460342694898,9.0,3.0,0.0,65.0,"[0, 0, 0, 0, 65, 10, 0, 0, 0, 0, 0, 10, 10, 0, 0, 0, 0, 0, 0, 0, 0, 0, 35, 35, 0, 10, 35, 0, 35, 0]",1,train
SYN-1971,284.64227932747207,6753.302328746922,12.438966717657795,91.0,70.64224029928201,11.715197955785676,658.2531790330166,0.6046845835984894,429.54691191672316,114.99355180220454,0.6521722371676147,2.0,0.0,0.0,10.0,"[0, 0, 3, 0, 10, 0, 0, 0, 0, 0, 0, 0, 0, 0, 0, 0, 0, 0, 0, 0, 0, 0, 0, 0, 0, 0, 0, 0, 0, 0]",0,test
SYN-1972,250.55813944402112,2698.7745194663617,9.880580617934827,52.0,62.496593700405235,13.342811899819901,769.4652633320804,0.37778894547660674,269.1420022421135,64.01071295991069,0.5049020037466385,0.0,0.0,0.0,0.0,"[0, 0, 0, 0, 0, 0, 0, 0, 0, 0, 0, 0, 0, 0, 0, 0, 0, 0, 0, 0, 0, 0, 0, 0, 0, 0, 0, 0, 0, 0]",0,train
SYN-1973,390.89440851468095,4833.043068630218,13.397549482909056,32.0,33.24386628492097,6.202628011487345,805.2368136094822,0.19708099815210323,1662.7684557291482,180.44793844502212,0.5466739868240336,0.0,0.0,0.0,0.0,"[0, 0, 0, 0, 0, 0, 0, 0, 0, 0, 0, 0, 0, 0, 0, 0, 0, 0, 0, 0, 0, 0, 0, 0, 0, 0, 0, 0, 0, 0]",0,train
SYN-1974,327.6087219799079,6560.67530541186,3.8375529187378015,102.0,60.02303818324378,12.726577855508232,780.675111210272,0.5373333461500128,822.1346535844004,75.4819291114786,0.41361831417611905,2.0,0.0,0.0,35.0,"[0, 0, 0, 0, 0, 0, 0, 0, 0, 3, 0, 0, 0, 0, 35, 0, 0, 0, 0, 0, 0, 0, 0, 0, 0, 0, 0, 0, 0, 0]",0,validation
SYN-1975,219.82312807765118,1978.8760302906267,15.838950700397648,75.0,44.1679608937608,17.53139742817466,742.6977617241141,0.304352164156141,224.88767626483332,41.7253631327721,0.39073833939889896,3.0,0.0,0.0,35.0,"[0, 35, 0, 0, 0, 0, 0, 10, 0, 10, 0, 0, 0, 0, 0, 0, 0, 0, 0, 0, 0, 0, 0, 0, 0, 0, 0, 0, 0, 0]",0,test
SYN-1976,502.9154679512251,9484.860421684687,8.929107135353034,58.0,80.82077968892716,4.9040570492559805,868.7896134368569,0.18789249905505664,1047.637215236789,201.9488723670635,0.5622607974416386,0.0,0.0,0.0,0.0,"[0, 0, 0, 0, 0, 0, 0, 0, 0, 0, 0, 0, 0, 0, 0, 0, 0, 0, 0, 0, 0, 0, 0, 0, 0, 0, 0, 0, 0, 0]",0,test
SYN-1977,343.7734413828068,6563.751512386222,5.297445459257926,89.0,112.73413390206792,19.26063376154184,876.4564991674669,0.534970232611329,848.5359285389796,89.34485011479633,0.5878260496331955,2.0,1.0,0.0,10.0,"[0, 0, 0, 0, 0, 0, 0, 0, 0, 0, 0, 0, 0, 0, 0, 0, 0, 0, 0, 3, 0, 0, 0, 0, 10, 0, 0, 0, 0, 0]",0,train
SYN-1978,289.2717735481253,947.5198098791883,12.589410245228413,30.0,97.66312522104602,3.2407128065549906,737.6909151288016,0.38201454526378065,426.10250084330113,36.9786206884784,0.46545068762861674,1.0,1.0,0.0,65.0,"[0, 0, 0, 0, 0, 0, 0, 0, 0, 0, 0, 0, 0, 0, 0, 0, 0, 0, 0, 0, 0, 0, 0, 0, 0, 0, 65, 0, 0, 0]",0,train
SYN-1979,243.98285303201857,3256.0893672836196,7.294867902015569,49.0,67.45795856559592,4.132568967803283,818.5968860253456,0.43778368331591405,789.2130757897552,77.03868989287314,0.5922409983438728,0.0,0.0,0.0,0.0,"[0, 0, 0, 0, 0, 0, 0, 0, 0, 0, 0, 0, 0, 0, 0, 0, 0, 0, 0, 0, 0, 0, 0, 0, 0, 0, 0, 0, 0, 0]",0,train
SYN-1980,233.74120328076785,5161.4018084406,14.684813488357918,46.0,70.60189764831763,2.527178312895566,837.0974452158448,0.8289712196702714,702.2487975726017,147.4001410047148,0.932664141337419,7.0,0.0,0.0,10.0,"[0, 3, 0, 0, 0, 3, 10, 0, 0, 0, 3, 10, 3, 0, 0, 0, 0, 0, 0, 0, 10, 0, 0, 0, 0, 0, 0, 0, 0, 0]",0,train
SYN-1981,513.5305418448946,2042.8116189188897,10.169059980530921,77.0,18.225257581402797,15.98134314284513,982.8812091263046,0.026534009623547662,393.94051014066736,36.22871059860213,0.10603842175457609,0.0,0.0,0.0,0.0,"[0, 0, 0, 0, 0, 0, 0, 0, 0, 0, 0, 0, 0, 0, 0, 0, 0, 0, 0, 0, 0, 0, 0, 0, 0, 0, 0, 0, 0, 0]",0,train
SYN-1982,365.63627086952215,7101.149367485603,5.57228915578862,106.0,86.06702607512351,1.8194530147432642,978.4745550894784,0.16499761133311108,373.973147836898,84.97879473065652,0.46780320890762495,0.0,0.0,0.0,0.0,"[0, 0, 0, 0, 0, 0, 0, 0, 0, 0, 0, 0, 0, 0, 0, 0, 0, 0, 0, 0, 0, 0, 0, 0, 0, 0, 0, 0, 0, 0]",0,train
SYN-1983,755.5502705179546,15910.473801501197,3.035511628020612,115.0,52.70826126224306,19.195347996486078,802.9355731150026,0.48409449586913045,1137.8914098380787,159.62343681860034,0.28102921323194424,0.0,0.0,0.0,0.0,"[0, 0, 0, 0, 0, 0, 0, 0, 0, 0, 0, 0, 0, 0, 0, 0, 0, 0, 0, 0, 0, 0, 0, 0, 0, 0, 0, 0, 0, 0]",0,train
SYN-1984,149.17405322289747,1051.5042845657513,4.4867471986262855,90.0,23.107360983653543,4.22400176916187,756.4406086689826,0.6348608383856208,402.5581359220969,13.780809939609483,0.24728275545442427,3.0,0.0,0.0,3.0,"[3, 0, 3, 0, 0, 0, 0, 0, 0, 3, 0, 0, 0, 0, 0, 0, 0, 0, 0, 0, 0, 0, 0, 0, 0, 0, 0, 0, 0, 0]",0,validation
SYN-1985,274.3022652066377,1293.4036275316482,3.8526848324073097,70.0,67.17589139425871,4.355283064520923,839.8118564676859,0.5760882920018273,860.5333747133808,20.660702821854876,0.32021826050158364,0.0,0.0,0.0,0.0,"[0, 0, 0, 0, 0, 0, 0, 0, 0, 0, 0, 0, 0, 0, 0, 0, 0, 0, 0, 0, 0, 0, 0, 0, 0, 0, 0, 0, 0, 0]",0,train
SYN-1986,393.78597233471663,8614.500717859904,9.200846606838923,69.0,70.3660014204386,12.707976943963576,786.8054477238485,0.48265097126919954,719.2655360971734,161.23869595111495,0.5881486737539,0.0,0.0,0.0,0.0,"[0, 0, 0, 0, 0, 0, 0, 0, 0, 0, 0, 0, 0, 0, 0, 0, 0, 0, 0, 0, 0, 0, 0, 0, 0, 0, 0, 0, 0, 0]",0,test
SYN-1987,1174.2596885292492,22433.01751029501,13.4260550713939,69.0,218.49887763262842,5.3447177621563435,837.5843872661263,0.22387978472010162,5791.189097475502,468.3278555889139,0.5849019087777656,1.0,0.0,0.0,35.0,"[0, 0, 0, 0, 0, 0, 0, 0, 0, 0, 0, 0, 0, 0, 0, 0, 0, 0, 35, 0, 0, 0, 0, 0, 0, 0, 0, 0, 0, 0]",0,test
SYN-1988,339.3323989192813,1778.679413555185,11.249184224175439,70.0,37.185333328426545,11.327297079735835,950.985355021689,0.16896480715409024,648.8424537668595,34.7667286350831,0.21204005922412741,1.0,0.0,0.0,10.0,"[0, 0, 10, 0, 0, 0, 0, 0, 0, 0, 0, 0, 0, 0, 0, 0, 0, 0, 0, 0, 0, 0, 0, 0, 0, 0, 0, 0, 0, 0]",0,train
SYN-1989,644.0830147318479,11843.744934484319,7.866465414593534,65.0,72.70319746421312,13.250130620889127,787.9053512746314,0.3537064207899806,912.0681563241562,224.36787225369332,0.46123102600615307,0.0,0.0,0.0,0.0,"[0, 0, 0, 0, 0, 0, 0, 0, 0, 0, 0, 0, 0, 0, 0, 0, 0, 0, 0, 0, 0, 0, 0, 0, 0, 0, 0, 0, 0, 0]",0,train
SYN-1990,238.77710222754055,1036.6636695890181,5.690310500584705,106.0,11.84717287070154,17.24618489854763,572.913934889136,0.5913672572250537,578.4916379032073,12.46547114923028,0.10182150546731779,0.0,0.0,0.0,0.0,"[0, 0, 0, 0, 0, 0, 0, 0, 0, 0, 0, 0, 0, 0, 0, 0, 0, 0, 0, 0, 0, 0, 0, 0, 0, 0, 0, 0, 0, 0]",0,train
SYN-1991,395.28784425514584,5048.373063818276,5.813044536348029,108.0,133.44530399635494,4.544019206878886,841.7954581453956,0.39948260831179633,62.044737100220715,60.14382545394725,0.48974217715975726,2.0,0.0,0.0,3.0,"[0, 0, 0, 0, 0, 0, 0, 0, 0, 0, 0, 3, 0, 0, 0, 0, 0, 0, 0, 0, 0, 0, 0, 3, 0, 0, 0, 0, 0, 0]",0,train
SYN-1992,732.8616481001716,7293.094875047256,6.71893781924809,100.0,58.204583705255736,13.813463976762787,636.9394171411628,0.8258224118555061,664.2636333853711,95.4425835450453,0.2096537151979601,1.0,0.0,0.0,3.0,"[0, 0, 0, 0, 0, 0, 0, 0, 0, 0, 0, 0, 0, 0, 0, 0, 3, 0, 0, 0, 0, 0, 0, 0, 0, 0, 0, 0, 0, 0]",0,test
SYN-1993,408.73525059603594,5427.162949539838,5.5151828891916415,76.0,41.36796992876435,1.499250042905913,853.9150538755265,0.39365357237206483,1412.8636212023935,84.76851290512063,0.30860191933518616,1.0,0.0,0.0,10.0,"[10, 0, 0, 0, 0, 0, 0, 0, 0, 0, 0, 0, 0, 0, 0, 0, 0, 0, 0, 0, 0, 0, 0, 0, 0, 0, 0, 0, 0, 0]",0,validation
SYN-1994,328.30211871850855,2160.375479313242,7.537609233729084,37.0,114.80655760594668,7.003549154927486,776.0075090559142,0.4230198560716899,58.6841537351608,65.61850332291063,0.5495701996475892,2.0,1.0,1.0,10.0,"[0, 0, 0, 0, 0, 0, 0, 0, 0, 0, 0, 0, 10, 0, 0, 0, 0, 0, 0, 0, 0, 0, 0, 0, 0, 0, 0, 0, 0, 3]",1,train
SYN-1995,327.4468599594875,2837.62564274532,9.666887699507225,61.0,43.54122052159449,11.90382380350065,877.9008599858719,0.5700133436648366,1255.687228298376,59.06379169447326,0.31334859106226365,1.0,0.0,0.0,10.0,"[0, 0, 0, 0, 0, 0, 0, 0, 0, 0, 0, 0, 0, 0, 10, 0, 0, 0, 0, 0, 0, 0, 0, 0, 0, 0, 0, 0, 0, 0]",0,test
SYN-1996,383.1055457307821,2910.139781581084,12.455356674153423,29.0,127.38756358047371,6.256763984198235,655.0015210677236,0.9089863442301759,676.7002148413877,116.72502591932826,0.6371940897753174,3.0,0.0,0.0,35.0,"[0, 0, 0, 0, 0, 0, 0, 0, 0, 0, 0, 10, 0, 0, 0, 0, 0, 35, 0, 0, 0, 0, 0, 35, 0, 0, 0, 0, 0, 0]",0,test
SYN-1997,495.3690185804693,10759.387588114178,10.690440951721953,39.0,141.23664889911242,10.775740066807778,897.4568425662571,0.15071167164839439,665.580021529291,327.79232416831434,0.9468274265747935,0.0,0.0,0.0,0.0,"[0, 0, 0, 0, 0, 0, 0, 0, 0, 0, 0, 0, 0, 0, 0, 0, 0, 0, 0, 0, 0, 0, 0, 0, 0, 0, 0, 0, 0, 0]",0,test
SYN-1998,248.7928560180972,5515.755794489686,8.834456737584064,112.0,18.7531485211624,1.915177697748205,953.2006783819231,0.3583992824387766,192.53604649327784,72.48173402507561,0.3667102183175291,0.0,0.0,0.0,0.0,"[0, 0, 0, 0, 0, 0, 0, 0, 0, 0, 0, 0, 0, 0, 0, 0, 0, 0, 0, 0, 0, 0, 0, 0, 0, 0, 0, 0, 0, 0]",0,test
SYN-1999,495.0987719775446,8616.21655148785,8.364915103356068,59.0,168.20918706068844,6.9788024727559295,786.011028751459,0.12416952873995848,457.803911266481,178.62240064431467,0.7005300908335395,1.0,1.0,0.0,35.0,"[0, 0, 0, 0, 0, 0, 0, 0, 0, 0, 0, 0, 0, 0, 0, 0, 0, 0, 0, 0, 0, 0, 0, 0, 0, 35, 0, 0, 0, 0]",1,train
SYN-2000,679.0086892426513,6427.992908309156,14.130506656680673,53.0,62.028045659065526,19.579850919889857,696.7745555278685,0.9026606396019231,108.41947859158353,163.730471950932,0.33248251633098064,0.0,0.0,0.0,0.0,"[0, 0, 0, 0, 0, 0, 0, 0, 0, 0, 0, 0, 0, 0, 0, 0, 0, 0, 0, 0, 0, 0, 0, 0, 0, 0, 0, 0, 0, 0]",0,train
